x	y	z	Tiempo	vx	vy	vz	Módulo Velocidad	ax	ay	az	Módulo Aceleración
23.6234510779125	19.496525556202688	7.503684768557849	20.06275463104248	0.0	0.0	0.0	0.0	0.0	0.0	0.0	0.0
23.65922590262953	19.498734066324825	7.533496591626708	20.097666025161743	1.0247320572423528	0.06326043911604451	0.8539281750541701	1.3353917030027724	29.35236713096333	1.812028442632142	24.45987038320555	38.25088446599608
23.680676873417564	19.50178051415847	7.537107749557931	20.13181710243225	0.6281198867644279	0.08920502886373764	0.10574067408238225	0.643174330550384	-11.613460018739476	0.7597004786170644	-21.908166909215115	24.807607215249508
23.691093041586484	19.508748775250858	7.532859586084222	20.163768529891968	0.326000088166709	0.21808919495613957	-0.13295692278740134	0.4141455031247039	-9.455596279027615	4.033752991314533	-7.470639525283334	12.707868393386258
23.715548948868257	19.512764559070167	7.540902845755565	20.195873022079468	0.7617596671189502	0.1250847948584732	0.2505337765309544	0.8115979112447385	13.57316528812456	-2.8969279300383377	11.94507912097327	18.311415089416144
23.740113740370983	19.519681366730126	7.540488807565667	20.231609344482425	0.6873900236777922	0.19355118811515917	-0.011585920488120068	0.7142137919601542	-2.081065941888941	1.9158768628922898	-7.3348257289446375	7.86136680751155
23.766429994751224	19.53015293288787	7.514291080981144	20.272468328475952	0.6440751043738668	0.25628552485305806	-0.6411742051313248	0.9442559884105587	-1.0601075961846669	1.5353866054975294	-15.408809106534571	15.521360707922884
23.79631231756375	19.533208657355846	7.469863392925243	20.29694437980652	1.2208800516449263	0.12484548372232307	-1.8151493251862207	2.191095974172371	23.56609485251114	-5.370148940919601	-47.96423672264494	53.71003007475544
23.827364840183385	19.54399786822173	7.395503909544803	20.32955026626587	0.9523594047457743	0.330897639582184	-2.2805539568182924	2.493473086609991	-8.235342634647086	6.319477193688446	-14.273638357058218	17.649175965457083
23.848616451006233	19.556560461914568	7.297052327119138	20.36048173904419	0.687054605357909	0.4061427589585392	-3.182893460367946	3.2814336427011597	-8.57717966710644	2.432639399863755	-29.172212717336173	30.5041593937139
23.88483667446445	19.563360268252396	7.201623202492347	20.394968509674072	1.0502642838593526	0.19717144324135646	-2.7671226642514757	2.9662938969351407	10.531855313432049	-6.059463147764521	12.055950398446544	17.116746477995946
23.915849262347052	19.56875220330036	7.123231432493557	20.431008100509644	0.8605144277052647	0.14961143905779303	-2.1751570476049022	2.3439660502513977	-5.265039134872854	-1.3196599373326245	16.425425564551634	17.29903882932719
23.945905032647406	19.56986699434112	7.072432550392634	20.459343433380127	1.0607170361376934	0.03934278964905562	-1.7927752016578546	2.0834374023544515	7.065475791215341	-3.891560050229833	13.49487749781724	15.721860782422956
23.972599467707216	19.57344272956896	7.034721229440334	20.49578881263733	0.7324504670790136	0.09811216951828862	-1.0347353140754545	1.2715293369508547	-9.007083360061603	1.6125330855932662	20.79934145376194	22.723125192574447
23.999069205875625	19.57304608083376	7.024635240001632	20.527807235717773	0.8267033670554322	-0.01238814085891736	-0.31500581441382436	0.8847714881534361	2.943708368760509	-3.4511478001143496	22.478605453283993	22.931714790284516
24.029901476723644	19.569139573010272	7.044100079974852	20.562146425247192	0.8978741569193196	-0.113762376952439	0.566840401301381	1.067908198592444	2.07258210922288	-2.9521441094779677	25.680460948553062	25.93254376209081
24.06069939622441	19.563928269084794	7.081239054952819	20.596107006073	0.9068725784972781	-0.1534515546776893	1.0935906888183329	1.4289527101809414	0.264966657199217	-1.1686837138865276	15.510638355061184	15.556861223718172
24.093301903734655	19.55770325733847	7.124291931037441	20.628132820129395	1.0180071442629337	-0.19437481699488576	1.3443179308045696	1.6974424332904043	3.4701558427199806	-1.2778211428173651	7.82891081378108	8.658328532455501
24.149916226642446	19.544829661969118	7.192117223884047	20.663371324539185	1.6066040218228494	-0.36532751843396255	1.924749474548139	2.533633994569028	16.70323095200347	-4.851304114699667	16.471514709980504	23.955038565829376
24.188858226537935	19.53917344576009	7.234658958436384	20.697937488555908	1.1265930427410977	-0.16363447810676618	1.2307334574861932	1.676512144230944	-13.886729775670657	5.834984762255199	-20.077900941688824	25.100008312000963
24.226449073997923	19.53421443208232	7.273251738875755	20.728081464767456	1.247043429047941	-0.16451093389165333	1.2802816777896344	1.7947986894873176	3.995836032430918	-0.02907565275185535	1.6437187966085167	4.320805766750035
24.2648004209326	19.528592134651163	7.321499393590577	20.76355743408203	1.0810514180628377	-0.1584818551764289	1.3600094838000505	1.744538467028433	-4.678998606442758	0.16994824473329892	2.247374985118733	5.193515638632335
24.30437936262363	19.5212658593327	7.373328798401678	20.795382022857662	1.2436591709030889	-0.23020801211647027	1.62859621459705	2.0620401287108394	5.109500518189367	-2.2537968187341875	8.439597843371423	10.119950958544875
24.3197396910674	19.524659542694387	7.394413466233647	20.828126668930054	0.4690943493422102	0.10364086251485623	0.6439119172446023	0.8033763091710101	-23.654701286081558	10.195525518683564	-30.071612170598094	39.595397359727805
24.376955995455834	19.519628574916204	7.418153285497377	20.866079330444336	1.5075702758527647	-0.13255902425418395	0.6255113163749005	1.6375605144418521	27.36240055574913	-6.223539465872616	-0.48483031586012193	28.065431906381047
24.393586549450436	19.53150316395774	7.355153764082874	20.89437985420227	0.5876412089348579	0.41958902044019225	-2.2260902997189262	2.340268181002998	-32.50572585816501	19.510170533136208	-100.76144316213681	107.65750041643527
24.432230084959798	19.54548350041691	7.249231735207802	20.92984080314636	1.0897490524094973	0.3942459769255737	-2.987004917496157	3.2039321566936496	14.159458740552024	-0.7146747131493081	-21.457818824221967	25.718456805651165
24.468291586907966	19.557863140814586	7.149771439622728	20.96675944328308	0.976783050909255	0.3353222207489075	-2.6940400626008687	2.8852032821224336	-3.059863556238547	-1.5960435151037928	7.935418363470043	8.653379945905487
24.503610316723982	19.568362129192234	7.053058331543813	21.00064206123352	1.0423849145209785	0.3098635528401405	-2.8543576007136906	3.054494891819536	1.936150970024813	-0.7513784190467726	-4.731556999146892	5.1672895935406205
24.532113192428636	19.57685975732456	6.976939053377781	21.03121399879456	0.9323215333586744	0.27795517099166495	-2.489841476813666	2.6731616296638205	-3.6001441172171678	-1.0437147395309359	11.923226101461387	12.498547867205117
24.554361113919793	19.582948920284927	6.930747986010551	21.067642211914062	0.6107332637528131	0.16715513715681063	-1.2680025565816218	1.4173095790368468	-8.828000114935264	-3.041599473226238	33.54100614882712	34.816433000244096
24.580141935062525	19.583212036023298	6.909328730610268	21.096877098083496	0.8818512578881442	0.009000060299377693	-0.7326608106542863	1.1465315109463372	9.273783128965878	-5.409806487387363	18.311743812673356	21.227082258639587
24.617307078536534	19.57805361827101	6.93103328159246	21.12859058380127	1.1719034547243319	-0.16265691504849858	0.6843949976154147	1.3668253333798441	9.14602069975649	-5.412743867876788	44.68306703591176	45.92955443454026
24.67297250043498	19.564363643412847	7.003493247852115	21.163047075271606	1.6155278591370161	-0.39731192219465716	2.102940931233074	2.681445055827412	12.874915160604612	-6.8101828460442535	41.16919259869696	43.66972005884543
24.73701022779054	19.547532886690757	7.094616469781889	21.19528150558472	1.9866250693287124	-0.5221360067046931	2.826891030635123	3.4943694817045525	11.51244822964106	-3.8723837616343366	22.45890783146632	25.533005330744636
24.776172607142566	19.540164416976598	7.170009199137039	21.23099946975708	1.0964336926663454	-0.2062959041730826	2.11077901840475	2.387490922921021	-24.922791578116865	8.842612109903582	-20.049071351735517	33.18587939228744
24.81599229633656	19.531466966112347	7.2280374684883455	21.261428594589237	1.3086044838172044	-0.28582652022444194	1.9069976435859797	2.3304039365252938	6.972622194071164	-2.6136346835487365	-6.696918690327185	10.014852293726365
24.84206978263974	19.531292497147067	7.243144476971066	21.295971632003784	0.754927425467158	-0.00505077081631532	0.43733874069680573	0.8724712614880665	-16.028615309806963	8.128287794688331	-42.54573462234828	46.185767350757985
24.88543983040258	19.528313338711833	7.248229661282522	21.328141689300537	1.3481495342943022	-0.09260656292133033	0.1580719693641756	1.3605402933440505	18.440194350757988	-2.7216548387637602	-8.680953495249689	20.562274347498157
24.92874679028152	19.526318544046788	7.247019428481933	21.364177227020264	1.2017847552537866	-0.055356317437514416	-0.03358442463109012	1.2035276620910913	-4.061678784396011	1.0337086065854486	-5.318538479595082	6.7714577152836934
24.968381951496333	19.52243968780869	7.253568931174845	21.395150184631348	1.279669888568557	-0.1252336404809876	0.2114587433060663	1.3030553666432463	2.5146172442666033	-2.2560752486377624	7.911519817192572	8.602634551723657
25.00955356514681	19.520009008415965	7.265010010475435	21.42909073829651	1.213050737376091	-0.07161578496047936	0.3370917108029849	1.261051836205105	-1.9628186343008378	1.5797578333421591	3.7015591653673208	4.477703882335157
25.0636512685046	19.5168513842656	7.246267084642764	21.464210271835327	1.540387866997008	-0.08991076566762583	-0.5336894868479279	1.6326981334424728	9.320657099818945	-0.5209346156868696	-24.794782558498962	26.493909937369956
25.060803688080743	19.53181584957703	7.212601960999587	21.496511936187744	-0.08815584215072786	0.4632722682077414	-1.0422101869391296	1.143938250411859	-50.41671201149358	17.125527274385632	-15.742863728108526	55.524465714110235
25.21243578496577	19.514934265052563	6.985534513678415	21.52846336364746	4.745706497032084	-0.5283514968384294	-7.106644847321781	8.561850643765585	151.287836678883	-31.035350965035104	-189.80168156895246	244.6954859879955
25.2498893065522	19.521577168606246	6.868823333821444	21.56314730644226	1.0798519017291164	0.19152677055731898	-3.364991706608087	3.53919931892078	-105.69313347652599	20.755375813377263	107.87854088130612	152.44541210518898
25.24660660947257	19.533948895478467	6.776313497035939	21.59594345092773	-0.10009399370357036	0.37723113696191113	-2.8207534219911374	2.8476256786916037	-35.97818932513384	5.662384079533072	16.594581258113053	40.02340349984545
25.266185746427826	19.53553763876601	6.739882164826803	21.631574869155884	0.5494908125713683	0.04458826975027249	-1.0224496812296708	1.1616073422401914	18.23067502156541	-9.33566172083524	50.46960885044417	54.467361869514384
25.28378706053444	19.534865143786483	6.744967692875896	21.66136407852173	0.5908620766147168	-0.022575120113682998	0.1707171206404846	0.615444526264862	1.3888003382454088	-2.2546214315094475	40.053657927497696	40.14109611796782
25.28378706053444	19.534865143786483	6.744967692875896	21.69752264022827	0.0	0.0	0.0	0.0	-16.340862266869397	0.6243367835507124	-4.721347105175176	17.02071369043133
25.392783263711213	19.504261676429458	6.901572631869585	21.732754230499268	3.093706595086688	-0.8686371271244917	4.445014766268202	5.4848616415953755	87.81058621794708	-24.655064402232927	126.16560115730846	155.68021765144988
25.442541460027257	19.488774834690943	6.983097613914163	21.763172149658203	1.6358185468261397	-0.5091354756252335	2.6801630189956405	3.180942479686224	-47.92859237487585	11.818745707779659	-58.02013405490033	76.17853157478669
25.48555619153223	19.4764942592964	7.075672751546382	21.800371885299683	1.1563182039661621	-0.3301253404836441	2.4885966536007786	2.763904454492949	-12.88988576373945	4.812134604042307	-5.149670074032895	14.690980100764698
25.547181518964173	19.455699004389537	7.17815305515431	21.82929491996765	2.130666029322018	-0.7189859274999084	3.543207162885315	4.1965456617999	33.68760700739718	-13.444667597308309	36.462650665508505	51.43091333275986
25.604712822745388	19.435249557777954	7.281795155750518	21.86279797554016	1.717195724333291	-0.6103755690977009	3.093511884965199	3.5904227151466186	-12.341271502650384	3.2418045621882183	-13.422515356751642	18.51972455582935
25.65890996186647	19.415467841013186	7.388971748134871	21.89959979057312	1.4726757110361277	-0.5375201398912623	2.9122637643922675	3.307413171053279	-6.644237874631344	1.9796694576392662	-4.924977760216691	8.50413981745505
25.65890996186647	19.415467841013186	7.388971748134871	21.932679414749146	0.0	0.0	0.0	0.0	-44.519118572799755	16.249281945616314	-88.03799429205559	99.98339622764946
25.65890996186647	19.415467841013186	7.388971748134871	21.96814203262329	0.0	0.0	0.0	0.0	0.0	0.0	0.0	0.0
25.65890996186647	19.415467841013186	7.388971748134871	21.997511863708496	0.0	0.0	0.0	0.0	0.0	0.0	0.0	0.0
25.65890996186647	19.415467841013186	7.388971748134871	22.02988862991333	0.0	0.0	0.0	0.0	0.0	0.0	0.0	0.0
25.65890996186647	19.415467841013186	7.388971748134871	22.062092304229736	0.0	0.0	0.0	0.0	0.0	0.0	0.0	0.0
25.65890996186647	19.415467841013186	7.388971748134871	22.099352598190308	0.0	0.0	0.0	0.0	0.0	0.0	0.0	0.0
25.65890996186647	19.415467841013186	7.388971748134871	22.130061149597168	0.0	0.0	0.0	0.0	0.0	0.0	0.0	0.0
25.65890996186647	19.415467841013186	7.388971748134871	22.16563630104065	0.0	0.0	0.0	0.0	0.0	0.0	0.0	0.0
25.65890996186647	19.415467841013186	7.388971748134871	22.20335626602173	0.0	0.0	0.0	0.0	0.0	0.0	0.0	0.0
25.65890996186647	19.415467841013186	7.388971748134871	22.229536056518555	0.0	0.0	0.0	0.0	0.0	0.0	0.0	0.0
25.65890996186647	19.415467841013186	7.388971748134871	22.263962030410767	0.0	0.0	0.0	0.0	0.0	0.0	0.0	0.0
25.65890996186647	19.415467841013186	7.388971748134871	22.29725456237793	0.0	0.0	0.0	0.0	0.0	0.0	0.0	0.0
25.65890996186647	19.415467841013186	7.388971748134871	22.328845977783203	0.0	0.0	0.0	0.0	0.0	0.0	0.0	0.0
25.65890996186647	19.415467841013186	7.388971748134871	22.36788320541382	0.0	0.0	0.0	0.0	0.0	0.0	0.0	0.0
25.65890996186647	19.415467841013186	7.388971748134871	22.39763283729553	0.0	0.0	0.0	0.0	0.0	0.0	0.0	0.0
25.65890996186647	19.415467841013186	7.388971748134871	22.429275512695312	0.0	0.0	0.0	0.0	0.0	0.0	0.0	0.0
25.65890996186647	19.415467841013186	7.388971748134871	22.462016820907596	0.0	0.0	0.0	0.0	0.0	0.0	0.0	0.0
25.65890996186647	19.415467841013186	7.388971748134871	22.497472763061523	0.0	0.0	0.0	0.0	0.0	0.0	0.0	0.0
25.65890996186647	19.415467841013186	7.388971748134871	22.529820919036865	0.0	0.0	0.0	0.0	0.0	0.0	0.0	0.0
25.65890996186647	19.415467841013186	7.388971748134871	22.56380867958069	0.0	0.0	0.0	0.0	0.0	0.0	0.0	0.0
25.65890996186647	19.415467841013186	7.388971748134871	22.600585222244263	0.0	0.0	0.0	0.0	0.0	0.0	0.0	0.0
25.65890996186647	19.415467841013186	7.388971748134871	22.62995338439941	0.0	0.0	0.0	0.0	0.0	0.0	0.0	0.0
25.65890996186647	19.415467841013186	7.388971748134871	22.668872833251957	0.0	0.0	0.0	0.0	0.0	0.0	0.0	0.0
25.65890996186647	19.415467841013186	7.388971748134871	22.69704532623291	0.0	0.0	0.0	0.0	0.0	0.0	0.0	0.0
25.65890996186647	19.415467841013186	7.388971748134871	22.730429887771606	0.0	0.0	0.0	0.0	0.0	0.0	0.0	0.0
25.65890996186647	19.415467841013186	7.388971748134871	22.764513969421387	0.0	0.0	0.0	0.0	0.0	0.0	0.0	0.0
25.65890996186647	19.415467841013186	7.388971748134871	22.79672145843506	0.0	0.0	0.0	0.0	0.0	0.0	0.0	0.0
25.65890996186647	19.415467841013186	7.388971748134871	22.830249786376957	0.0	0.0	0.0	0.0	0.0	0.0	0.0	0.0
25.65890996186647	19.415467841013186	7.388971748134871	22.8660728931427	0.0	0.0	0.0	0.0	0.0	0.0	0.0	0.0
25.65890996186647	19.415467841013186	7.388971748134871	22.897279262542725	0.0	0.0	0.0	0.0	0.0	0.0	0.0	0.0
25.65890996186647	19.415467841013186	7.388971748134871	22.930171728134155	0.0	0.0	0.0	0.0	0.0	0.0	0.0	0.0
25.65890996186647	19.415467841013186	7.388971748134871	22.965122938156128	0.0	0.0	0.0	0.0	0.0	0.0	0.0	0.0
25.65890996186647	19.415467841013186	7.388971748134871	22.99725222587585	0.0	0.0	0.0	0.0	0.0	0.0	0.0	0.0
25.65890996186647	19.415467841013186	7.388971748134871	23.031217098236084	0.0	0.0	0.0	0.0	0.0	0.0	0.0	0.0
24.14018723746391	20.21814353901376	6.727441634717972	23.068511247634888	-40.7228144061459	21.522831622118215	-17.738174058961615	49.35810686338643	-1091.9357342267785	577.110135747153	-475.6288679299012	1323.4812338948182
23.38816507654506	20.50917270506263	6.066607576041051	23.098048448562626	-25.46017013455855	9.852970386762948	-22.37294116980267	35.296597361651536	516.7261552280141	-395.09028847741223	-156.9128747906717	669.1217421523259
23.38816507654506	20.50917270506263	6.066607576041051	23.129785776138306	0.0	0.0	0.0	0.0	802.2153117286533	-310.45368779925786	704.9409285155692	1112.1477470805992
23.717725853713926	20.382733957665362	6.468646679291424	23.16487717628479	9.391496942075767	-3.6031263178289956	11.456912564677223	15.246100471593032	267.6295873881411	-102.67832867278663	326.4877581644468	434.46828590338987
23.717725853713926	20.382733957665362	6.468646679291424	23.197051525115967	0.0	0.0	0.0	0.0	-291.8939242983361	111.98754438621575	-356.0884052321687	473.8588666266852
23.717725853713926	20.382733957665362	6.468646679291424	23.23202848434448	0.0	0.0	0.0	0.0	0.0	0.0	0.0	0.0
23.717725853713926	20.382733957665362	6.468646679291424	23.26299810409546	0.0	0.0	0.0	0.0	0.0	0.0	0.0	0.0
23.717725853713926	20.382733957665362	6.468646679291424	23.29605484008789	0.0	0.0	0.0	0.0	0.0	0.0	0.0	0.0
23.52766946825656	20.47646874510113	6.465575549434994	23.329760313034058	-5.6387396124338	2.7809960591704814	-0.09111665222247321	6.287895175833012	-167.29448126836152	82.50873867315777	-2.70331920184004	186.55412982561563
23.52766946825656	20.47646874510113	6.465575549434994	23.365164041519165	0.0	0.0	0.0	0.0	159.2696547428821	-78.55093737769194	2.5736456616653083	177.60545131505046
23.52766946825656	20.47646874510113	6.465575549434994	23.397199869155884	0.0	0.0	0.0	0.0	0.0	0.0	0.0	0.0
23.560120296208122	20.435980206847994	6.747932658877197	23.437817096710205	0.7989424661780393	-0.9968316571825825	6.9516588512738835	7.068065025275203	19.67003939669534	-24.54209007371132	171.15050115069442	174.0164322102587
23.264591769334494	20.549243475998693	6.383705694888218	23.467973232269287	-9.799946889568378	3.755894681160123	-12.078038423570016	16.000772358094515	-351.46709481329356	157.6039585387572	-631.0389883199999	739.3093610008682
23.264591769334494	20.549243475998693	6.383705694888218	23.49782156944275	0.0	0.0	0.0	0.0	328.324718144818	-125.83262710190368	404.64694409538396	536.0691372891874
23.33322557598289	20.509765735990936	6.4442144827744245	23.534023761749268	1.8958466953405488	-1.0904792636176786	1.6714122551995645	2.752634854724674	52.36828419916391	-30.121912352289428	46.1688132323028	76.03503211679906
23.91182200638551	20.257911487903055	7.274019485480567	23.571183443069454	15.5705433912938	-6.777621312674221	22.330788995635263	28.05427078584941	367.99822307745455	-153.04603933637665	555.9621613119853	684.0611867043837
23.91182200638551	20.257911487903055	7.274019485480567	23.600690126419067	0.0	0.0	0.0	0.0	-527.6954785736045	229.69783599088004	-756.8044409141702	950.7768275222785
23.91182200638551	20.257911487903055	7.274019485480567	23.635948657989506	0.0	0.0	0.0	0.0	0.0	0.0	0.0	0.0
23.563279529797462	20.33915496952911	6.7844091693373105	23.662389278411865	-13.182083892906672	3.0726768255917785	-18.517353538694323	22.936893004745727	-498.5542578932502	116.21046618835555	-700.3373310799836	867.4869438899003
23.56319459682597	20.31159096974749	6.682997847604234	23.70196318626404	-0.0021461861135979457	-0.6965195321266214	-2.5625804282934648	2.655553146939718	333.04615141939365	-95.24448209152813	403.1639526224704	531.5377907903884
23.543216515975313	20.301940565752645	6.599197052344227	23.731996774673465	-0.665191271129871	-0.3213203784804964	-2.7902358558563907	2.8863718305375814	-22.07678536369051	12.49265151174531	-7.580027549804638	26.47465979845953
23.531265942907428	20.290620137539086	6.534019376002991	23.7661190032959	-0.3502283863143866	-0.33176110326263974	-1.9101236634463545	1.9701009522042634	9.230431232982784	-0.3059801543935298	25.792928186156754	27.396525856720345
23.568544098979675	20.25853298108875	6.535118086469686	23.80041074752808	1.087088362138878	-0.9357108297869956	0.03204008694500827	1.4346924517993045	41.91436687272403	-17.61210285586977	56.63648186693076	72.62707068036146
23.581080560929188	20.236863818773774	6.537262088005928	23.836731672286987	0.3451581156792484	-0.5966027147935067	0.059029376329850065	0.6917755354073478	-20.427074789104147	9.336439455890336	0.7430782548625161	22.471908050853393
23.56057788653503	20.232006666967585	6.529687954849198	23.87634587287903	-0.5175587059120916	-0.12261138010101004	-0.19119742525491715	0.5652052901555177	-21.77796872580765	11.965187422909334	-6.316593490341464	25.638739930227224
23.54908634372786	20.225533480916233	6.5571283020593745	23.904860496521	-0.40300524220326417	-0.22701285251486894	0.9623254213247425	1.067716384148006	4.017358431489645	-3.661330891991434	40.453728622311644	40.81725948805662
23.534860229474564	20.21902698187385	6.598326945201385	23.937535285949707	-0.4353850323760181	-0.1991290274901583	1.260869430601873	1.3487046441057933	-0.9909716554838984	0.8533742837287425	9.136830397285928	9.229948114635866
23.52743998265743	20.215667880793	6.64644114745983	23.9669930934906	-0.25189406261252667	-0.11403092630661309	1.6333259762001306	1.656564944535498	6.228941835157551	2.88881312926671	12.64372934344182	14.387802104276085
23.522464061543943	20.211165826883263	6.7010817955793485	24.000130653381348	-0.150159550971557	-0.13585954803488387	1.6489037907337065	1.6612914911707124	3.070066473704866	-0.6587274923150254	0.47009540186227267	3.1749361802956493
23.513609538920292	20.212583321016563	6.760429921759972	24.03152704238892	-0.2820235990041733	0.04514831730992228	1.8902850950888068	1.9117409399984309	-4.199974971669973	5.765244700629497	7.688186826099206	10.487423558424446
23.499720905031644	20.216794148196648	6.8171392903475985	24.0704128742218	-0.35716437668959855	0.10828692563866431	1.4583555478855112	1.5053548931360978	-1.932343327728059	1.623691852603021	-11.107632956383158	11.390778545040451
23.485313209381214	20.219885500824738	6.884348230925057	24.097606420516968	-0.5298204027545731	0.1136796427555063	2.471503343034216	2.5302097729202897	-6.349154471833866	0.19830871112976564	37.25692059989999	37.79456603057337
23.4627260985774	20.227116398699103	6.950225171239419	24.13190221786499	-0.6585970454224763	0.21083918245107866	1.9208458589215538	2.041531788347156	-3.75488114071588	2.8329867566462834	-16.056121352851815	16.730928821847908
23.441538621241534	20.231441187698938	7.018653299360247	24.163976192474365	-0.6605815959482461	0.1348379504724896	2.133447100155385	2.237441808618623	-0.06187416900896544	-2.369560770194488	6.628465720980198	7.03954575740827
23.409505416155078	20.238712734294943	7.078093520590852	24.199864864349365	-0.8925714832253446	0.20261397862066055	1.6562390895276027	1.8923171506591614	-6.464153593789087	1.888507559829308	-13.296898037628551	14.905007209348101
23.381277542304936	20.248650137398027	7.139087346593876	24.23197865486145	-0.8789953910772128	0.3094434803435769	1.899303228626065	2.115594696375353	0.42274960170220055	3.32659271980723	7.568839904059072	8.278422183151253
23.351895765932444	20.261525008594667	7.195674627900238	24.26480197906494	-0.8951493209626599	0.3922476321051844	1.723996050964968	1.9817449118024348	-0.4921478941407424	2.522722904245029	-5.340933068639358	5.927217428523697
23.32613757227157	20.27127697197751	7.262810963133247	24.298680782318115	-0.7603041190205163	0.28784852020797874	1.9816619474809678	2.14193912100217	3.9802232958010704	-3.0815466271650354	7.605519433212597	9.120418463469985
23.301579030225426	20.28192782483824	7.330112696962432	24.33393263816833	-0.6966595503650123	0.30213594728137144	1.909168530449802	2.054639904560955	1.8054246257538173	0.4052957419915549	-2.056442569695836	2.766365623017321
23.278265952960105	20.29278828072653	7.401624820042605	24.36472249031067	-0.757167561492267	0.3527284196780682	2.3225874145020766	2.4682245344028515	-1.9651932996473649	1.643154119831892	13.427114951416202	13.669285134382264
23.258298561033218	20.30624214396495	7.466997466315975	24.39698910713196	-0.618825085923182	0.4169592155550438	2.026014894447526	2.1590590142298867	4.287480039673493	1.9906269142722752	-9.191311307817179	10.335631773608796
23.237943646761067	20.323121214869488	7.53702015398724	24.43523859977722	-0.5321616801804303	0.4412887527967886	1.8306827837085533	1.9568677195365816	2.26574000723356	0.6360747701253424	-5.106789586741828	5.6229412923152156
23.226877789019913	20.333534373102854	7.618736720693187	24.46425557136536	-0.3813581202829044	0.35886440463768055	2.8161645490031644	2.864437194962365	5.197081281878914	-2.8405565311578487	33.96225420358686	34.47481872100581
23.21180356317749	20.350212115322215	7.697806350346709	24.499297857284542	-0.43017244586120545	0.4759319143113219	2.2564061555767014	2.3458321037880525	-1.3930120224143205	3.34074979993123	-15.973797905691079	16.378745716696137
23.21180356317749	20.350212115322215	7.697806350346709	24.534671306610107	0.0	0.0	0.0	0.0	12.160884902742902	-13.454495487024973	-63.78812919287328	66.31618200978421
23.21180356317749	20.350212115322215	7.697806350346709	24.564332008361816	0.0	0.0	0.0	0.0	0.0	0.0	0.0	0.0
23.21180356317749	20.350212115322215	7.697806350346709	24.601466417312626	0.0	0.0	0.0	0.0	0.0	0.0	0.0	0.0
23.061614167617826	20.488979159286465	7.163861249885099	24.63266634941101	-4.813773154571639	4.447671345138376	-17.113662259836982	18.32570949027099	-154.28793689011894	142.5538789992618	-548.5160097743536	587.3637619621459
23.04376105471008	20.504965691144676	7.191399935443835	24.664509534835812	-0.5606572542783118	0.5020393420112893	0.8648219451464575	1.1464279543472962	133.56439827093362	-123.90820674787211	564.5944011298837	593.2617718782849
23.101539688415176	20.47212221659482	7.609566541108655	24.699598789215088	1.6466190213269114	-0.9359980749335766	11.91722688504297	12.06680335578839	62.90462178953731	-40.98227341627931	314.9797604825752	323.8036251966798
23.101539688415176	20.47212221659482	7.609566541108655	24.73178648948669	0.0	0.0	0.0	0.0	-51.15677750919086	29.079370909867286	-370.2416384048649	374.8886454753694
23.101539688415176	20.47212221659482	7.609566541108655	24.76500606536865	0.0	0.0	0.0	0.0	0.0	0.0	0.0	0.0
22.875085960785217	20.585002753183588	7.334902325954671	24.79867696762085	-6.72550221356654	3.352465453502674	-8.157316756667287	11.091132553090429	-199.74226301366616	99.56565548473084	-242.2660579620822	329.398139379098
22.8602699258082	20.59175427394057	7.411268949020537	24.833473920822144	-0.42578540975436935	0.1940262044761687	2.1946353355737473	2.243961594887938	181.04219548675633	-90.76769540009776	297.49593397895796	359.88731821074543
22.844288641533407	20.59929680374289	7.466899614231402	24.86344838142395	-0.5331633648757207	0.2516318776347669	1.855935489545149	1.9473259400626262	-3.582314842885926	1.9218251805714284	-11.29961437932211	12.00865008148802
22.821093105712432	20.611628899112656	7.485039753334794	24.90228080749512	-0.5973238905666798	0.3175721070623437	0.46713895933633415	0.82211111217132	-1.6522409795712532	1.6980713310758413	-35.76383632749298	35.84222838161298
22.821093105712432	20.611628899112656	7.485039753334794	24.932989835739136	0.0	0.0	0.0	0.0	19.451084085771896	-10.34132713477303	-15.211779273001797	26.770990786123114
22.67436092264916	20.673349193052545	7.360861449537076	24.965824365615845	-4.468837641782563	1.8797374036309757	-3.781942493588236	6.148740651550565	-136.10177025718622	57.24879907491407	-115.18186822802475	187.26446441105114
22.89486121043589	20.54773095751693	8.269031147983217	25.004220485687256	5.742775243348357	-3.2716387828245095	23.652642422127	24.55871701392192	265.9542908538369	-134.1639774246638	714.5145099215999	774.120560733583
22.89486121043589	20.54773095751693	8.269031147983217	25.033329248428345	0.0	0.0	0.0	0.0	-197.28682027567135	112.3936050434182	-812.5608990154635	843.6881097407734
22.717617007633237	20.61395016211951	7.825341035027363	25.06723690032959	-5.227262663863376	1.9529280528018695	-13.085250321906278	14.225399077825159	-154.1617413994812	57.59549668876235	-385.9084775323465	419.5335943419542
22.671694371362246	20.614401235258814	7.80129999790194	25.101895570755005	-1.3249970557819128	0.013014727159638062	-0.6936514537439954	1.4956399701248078	-38.22988705332155	0.3755114376832651	-20.01379294790674	43.15341447801361
22.67950583754724	20.594204956451094	7.794040272247838	25.13357090950012	0.2466103440234903	-0.6376026147734855	-0.22919172901415347	0.721028851568276	49.616119734405224	-20.540185763080128	14.663133627939223	55.66566317283463
22.744318508872265	20.522749945198193	8.257391265364186	25.16842460632324	1.8595637545694244	-2.0501415277561486	13.29417064329844	13.57925000632497	46.27782868289556	-40.527663970659745	388.0036726360087	392.8498173011579
22.72741150147213	20.505037096920336	8.164762403540013	25.20164656639099	-0.5089105930431376	-0.5331668643792516	-2.7881817218269456	2.8839580806442715	-71.29243255913606	45.66180503146689	-484.0880048114914	491.43545637377565
22.74017615458465	20.476452419252748	8.127911577733563	25.233587741851807	0.3996300364142431	-0.8949162720280949	-1.153709131702362	1.5138111046357567	28.444182668604473	-11.325488258646825	51.17133501018804	59.630895840215096
22.725596102606545	20.464431144861525	7.963745677072495	25.26494860649109	-0.46491230856694205	-0.3833208851061351	-5.234737707309125	5.269303295497384	-27.567554495875417	16.313178632235218	-130.13125188184122	134.01579225712723
22.7408101695772	20.441736622115545	7.933710601245277	25.30190944671631	0.41162665345124366	-0.6140153364396215	-0.8126188594252809	1.098544831087096	23.715341877430895	-6.241591098247684	119.64335282796065	122.13069546889935
22.731287522549152	20.436964643803947	7.872852572360838	25.334110736846924	-0.2957225312843048	-0.1481921467196671	-1.8899251749723798	1.9186531460514067	-21.96648587265885	14.465979090604046	-33.45537744535442	42.556472276901005
22.72775818946777	20.430998726089882	7.852533426870998	25.368075609207157	-0.10391127173831854	-0.17564964327819965	-0.5982400073326838	0.6320929171818357	5.647342275031302	-0.8084086484211407	38.03003155554427	38.45554965710269
22.722325707659436	20.425395087448315	7.853957064571172	25.40514063835144	-0.14656623598452725	-0.15118398045105066	0.03840918874315986	0.21404093827023718	-1.1508142643073378	0.6600740210377594	17.176546485301564	17.227705022605527
22.723368168915353	20.420986980104335	7.861976888649373	25.43423080444336	0.035835520932504854	-0.15153256018036637	0.2756884939350376	0.31662350993489036	6.270220539156774	-0.011982734241333184	8.156684442506236	10.288212200873708
22.579579959974005	20.497301428559712	7.302540271038528	25.467583656311035	-4.311121864835257	2.2880936466287176	-16.773276834927213	17.468942728462682	-130.33240464755144	73.14595514914484	-511.16964139985316	532.570435477551
22.585969570892225	20.495615784085032	7.304364398017759	25.505040884017944	0.17058419187389431	-0.045001848184538173	0.0486989318457827	0.1830183565116188	119.6486320818259	-62.286923983509446	449.09825944406714	468.91865253375266
22.601143067792748	20.487516388637797	7.3608929190697845	25.53401041030884	0.5237744224105982	-0.27958328920899533	1.9513098172332979	2.0396363558260875	12.191784808289544	-8.097524228353297	65.67628570389704	67.28732435830926
22.58192597993349	20.49647064756855	7.323464627845228	25.56802725791931	-0.5649285342167383	0.2632301215353468	-1.100286882933756	1.2645416443960502	-32.00481623383125	15.957193240248076	-89.70839200360824	96.57399170657165
22.58192597993349	20.49647064756855	7.323464627845228	25.603121757507324	0.0	0.0	0.0	0.0	16.097352600796228	-7.500609059126145	31.35211773498498	36.03247401276474
22.58192597993349	20.49647064756855	7.323464627845228	25.63796830177307	0.0	0.0	0.0	0.0	0.0	0.0	0.0	0.0
22.58192597993349	20.49647064756855	7.323464627845228	25.665647268295288	0.0	0.0	0.0	0.0	0.0	0.0	0.0	0.0
22.58192597993349	20.49647064756855	7.323464627845228	25.70296669006348	0.0	0.0	0.0	0.0	0.0	0.0	0.0	0.0
22.58192597993349	20.49647064756855	7.323464627845228	25.732445001602173	0.0	0.0	0.0	0.0	0.0	0.0	0.0	0.0
22.58192597993349	20.49647064756855	7.323464627845228	25.76657772064209	0.0	0.0	0.0	0.0	0.0	0.0	0.0	0.0
22.58192597993349	20.49647064756855	7.323464627845228	25.80349087715149	0.0	0.0	0.0	0.0	0.0	0.0	0.0	0.0
22.45787093714269	20.49689283604366	8.033361654560924	25.83310627937317	-4.188869084478856	0.014255706268969886	23.970534703594954	24.33379052692601	-141.44224863548982	0.4813612242123838	809.3941971197521	821.6599708753129
22.45491429527745	20.479296430227887	8.051956018359792	25.86584067344665	-0.09032218096361393	-0.537550986166795	0.5680375129940579	0.7872647428098074	125.20613316729639	-16.8570919992305	-714.9207386599714	725.9975205877059
22.459605214918213	20.457019272043016	8.05795166877037	25.904698133468628	0.12072121127085644	-0.5733045384920001	0.15429856730693337	0.605854563884106	5.431219439333213	-0.920120674511005	-10.647606545902137	11.988172997174825
22.467242743903537	20.441572564751453	8.061388057692254	25.932693004608154	0.2728188655435653	-0.5517691870977578	0.12275066046051257	0.6276520484077865	5.433054273215067	0.7692606008761463	-1.1269173803010595	5.60176609559748
22.476276488713157	20.418907363911927	8.044935107091195	25.97174572944641	0.23132175403983785	-0.5803743767790306	-0.4213009634846479	0.7535507102689294	-1.0625919619077662	-0.7324761537061959	-13.93120777611391	13.990860341469922
22.467048178016483	20.41012470756137	7.97868741588848	25.99973487854004	-0.32971029829466647	-0.31378790120337924	-2.3669062243052372	2.4102731800354196	-20.044626953744373	9.52463666129611	-69.51284064807565	72.96945106144928
22.461894287766146	20.397483460245603	7.93011019757875	26.034239768981934	-0.1493669501433847	-0.36636103328755715	-1.4078357498782128	1.4623721794200726	5.2266025436300385	-1.523642921652219	27.79520416220645	28.323351431645932
22.46628990393893	20.380800824677785	7.944396692395766	26.065263748168945	0.14168447400915488	-0.5377335856002144	0.46049846574797637	0.7220046649530418	9.381498820576477	-5.523874009830529	60.222262410760415	61.198419865773054
22.45231843839348	20.376861155732563	7.883801643683484	26.10318207740784	-0.3684620558417866	-0.10389880103632407	-1.5980411038291593	1.6432573191619928	-13.453824050023092	11.441294837402262	-54.288773026042655	57.089223902576606
22.44236334304904	20.37547205511136	7.850245866051505	26.133026123046875	-0.33357057098923004	-0.04654531888889016	-1.1243709394442736	1.1737315715304533	1.1691271778153367	1.9217730344313104	15.871513202799443	16.030127925266562
22.44074443947317	20.363026444184367	7.866109457699723	26.1741304397583	-0.039385244796372676	-0.30278111698990084	0.38593493135012574	0.4921111394284308	7.157042124266296	-6.233792910363227	36.743242355725116	37.949298871380606
22.44610973955988	20.343265254517828	7.904505888165233	26.20060443878174	0.2026630008544891	-0.7464376518653132	1.450344937745051	1.6436976298821646	9.142866759063331	-16.758198656827105	40.20586408017166	44.50776046072083
22.445220905257973	20.32094864122986	7.8531922101481175	26.23545551300049	-0.025503784942994427	-0.6403421928371945	-1.4723700536469773	1.6057901923509086	-6.546908263583135	3.0442521903970166	-83.8629814692942	84.17320915902928
22.451406589034082	20.29951018654509	7.809619327444716	26.27006769180298	0.17871408244501502	-0.6193904985614719	-1.258888755661527	1.4143493953416957	5.900173709183447	0.6053272287561171	6.167808712755496	8.556888170915624
22.461608801346728	20.28173658637234	7.865785293215669	26.299041748046875	0.3521154313626498	-0.6134315479729546	1.938491638801337	2.063500272535696	5.984710855048559	0.20566504525138876	110.3532197062124	110.51557429456248
22.452498662684558	20.27410921355893	7.844849325811244	26.335078477859497	-0.25280148086518656	-0.21165552071648353	-0.5809619106196662	0.6679995432395519	-16.786121142877974	11.149070111121647	-69.91349000093095	72.75968465762034
22.454184246791336	20.254168706838467	7.859059708927072	26.366899251937863	0.052971184881493105	-0.6266505859145711	0.44657565780241754	0.7713149301008548	9.60921519362313	-13.041639533220401	32.291407050361144	36.12694766575123
22.457411603054496	20.229274331656622	7.770822991440892	26.398969411849976	0.10063424292253684	-0.7762473043497929	-2.751365061103201	2.860541352230087	1.4862120479493262	-4.664670174554353	-99.71701817731672	99.83712580129779
22.469887362186114	20.1984938910334	7.744671550514473	26.43756675720215	0.3232284245920534	-0.7974755865299088	-0.677545066579205	1.0952220061801636	5.767085265541081	-0.5499933217277805	53.72960175374469	54.041020250638965
22.464882258648625	20.191222787203532	7.629569516102327	26.469362497329712	-0.157414279944678	-0.22868169763298718	-3.6200457655761635	3.6306756835647986	-15.116575447163942	17.888996658512713	-92.54386553644423	95.46147968225482
22.470884104515115	20.174735070480363	7.69351520015654	26.500916481018063	0.1902088156528069	-0.5225240935031704	2.0265486819599308	2.1014543493011897	11.016773635647786	-9.312370785647063	178.95028733315525	179.5307630675236
22.460969692658676	20.166535955340088	7.729541506725708	26.53762912750244	-0.2700544037504235	-0.22333217366294073	0.9813050820102918	1.042001105928989	-12.536912031091932	8.149560124126099	-28.470941216248093	32.15873111973074
22.464117028311332	20.155772773921203	7.738708989203558	26.56828808784485	0.10265630724283743	-0.3510615265057331	0.299014786394106	0.4724323817135995	12.156665028126556	-4.166134513899943	-22.254188922135345	25.698056463010484
22.470095926803662	20.13833514748435	7.740217514456541	26.600953102111816	0.18303676353744144	-0.5338318940973349	0.046181680517685016	0.5662258344311455	2.460750686886676	-5.595294283291554	-7.7401804820913975	9.862707840902365
22.449261682338406	20.119106625066728	7.872629610838213	26.6346116065979	-0.6189890128323942	-0.5712827325876535	3.9339863254000895	4.023152963410034	-23.828324776028925	-1.1126709003307782	115.50734960579744	117.94479603238233
22.453802838934468	20.105515966234222	7.875662121318201	26.666659116744995	0.14170076162605422	-0.424078462574033	0.09462546282283078	0.45702913088663644	23.73631433353049	4.593313781256899	-119.80215763892399	122.21729879429851
22.4579267553956	20.089899637821016	7.896566989829574	26.7116539478302	0.09165311573952409	-0.3470693863398113	0.46460600044894185	0.5871253598782955	-1.1122976724094533	1.711509397343716	8.222734227526987	8.472297722919514
22.459471524168197	20.083249072746934	7.908915126514919	26.73790049552917	0.05885607472320036	-0.2533881846237233	0.47046708111745883	0.5375954650607747	-1.2495754257848346	3.5692771022895555	0.2233086322719218	3.7882772500044175
22.415254571861002	20.080191495132524	8.011808065171742	26.77161765098572	-1.3114081454521258	-0.09068314254296746	3.0516494426529275	3.3227366848944824	-40.639971006484515	4.825586259506002	76.55397754006069	86.80671058944667
22.414614065130774	20.063346949243837	8.034901195244403	26.79986310005188	-0.022676457673870033	-0.5963631822327682	0.8175876410593055	1.0122316027808795	45.62617095446753	-17.903062490008917	-79.0945754256142	93.04955123075895
22.327332008807215	20.1153541598005	7.086176273707167	26.834452390670776	-2.523383820883454	1.5035639536432492	-27.428285014291042	27.585122607945287	-72.2971566766802	60.710326760179505	-816.6074571046373	822.0464473725084
22.43488964536536	20.016588519050174	7.845676680756273	26.86908769607544	3.1054334674255206	-2.851588562491171	21.928503247638496	22.330126041561634	162.5167505394985	-125.74315327238514	1425.0426749603437	1439.7811153987718
22.44047384710443	20.001211289760462	7.788357411674749	26.90057253837585	0.17736159151719286	-0.48840102621414955	-1.8205353717390136	1.893235784656907	-92.99941374869327	75.05794419196236	-754.3007010413745	763.7094562302037
22.440173155005297	19.987153462161373	7.760494228142749	26.93413209915161	-0.008959953353986364	-0.4188918827937343	-0.8302606734986064	0.9299911161903348	-5.551966133172897	2.071217316724263	29.50797553213715	30.097091040866424
22.445619097935612	19.9642796696949	7.770136532046312	26.972493410110477	0.14196446352301856	-0.5962724394638294	0.2513549110431184	0.6624756767406774	3.934287257253498	-4.623944078978349	28.19548022489434	28.841715971497152
22.444669552467126	19.949600877940426	7.73248350372794	27.00113296508789	-0.033155035727180406	-0.5125356090920381	-1.3147211382323252	1.4114827941906758	-6.114602667126176	2.9238174419201077	-54.6822759819602	55.100711254735764
22.450255900647406	19.933796298925753	7.663403755526656	27.033981561660767	0.17006352669852146	-0.48113407157625676	-2.1029741117866996	2.1640036304936605	6.186521910452187	0.9559476139601801	-23.99654949658511	24.799622515901333
22.447018645594714	19.920862763217798	7.667065255727334	27.06699156761169	-0.09806890242628388	-0.39180652457872844	0.11092091913348583	0.41884760071770144	-8.122762217111882	2.7060748528894893	67.06739266304807	67.61166516041929
22.438240889475782	19.913844456206775	7.686296271448421	27.100507974624637	-0.2618943049456539	-0.2093991461648094	0.5737791557924972	0.6645744119355402	-4.887916609202422	5.442330925968872	13.809900222306664	15.627669014806392
22.429998304573992	19.90663883694631	7.725593310495588	27.13392782211304	-0.24663741821833182	-0.21560898094955386	1.1758593171558818	1.2206401527369997	0.4565217340568722	-0.18581278047122365	18.015646587624502	18.022387756710796
22.41669643854281	19.900120744323985	7.765983348526681	27.17026662826538	-0.36605126694082624	-0.17937002649455092	1.1114850020600175	1.1838775469777256	-3.2861247070662016	0.9972522020421184	-1.7715033021721478	3.8641106990452028
22.409996223905395	19.89631697062233	7.751500637454725	27.20021796226501	-0.22370337953890423	-0.12699847364735567	-0.4835414366563735	0.547708074880766	4.752639311613946	1.7485549340754505	-53.25393649364941	53.49417516752102
22.399889805119997	19.889297472210757	7.822038627315446	27.242807388305664	-0.23729877870978971	-0.16481786828666523	1.6562324599864406	1.6812440636613277	-0.3192200608176367	-0.8879996317210224	50.24190498834926	50.25076578174187
22.38933436887794	19.88580063288808	7.901179618358257	27.27181839942932	-0.363842411319824	-0.12053489993059929	2.727963899826817	2.7547589733286357	-4.361917344785112	1.5264193366895469	36.942229806200224	37.230157426047306
22.37634665876277	19.88306025525509	7.958451287301368	27.303748607635494	-0.40675306691730945	-0.08582398258407879	1.7936515970490345	1.8411952272993164	-1.34388900067333	1.0870870970333883	-29.2610776837073	29.312087322717577
22.37570209237966	19.872722724945874	7.963816561084547	27.33703923225403	-0.019361799019832038	-0.3105237714122021	0.16116470762139218	0.3503911455160229	11.636647624863302	-6.749641720540942	-49.03743645947667	50.84918294149981
22.38761417129259	19.857708960840558	7.897615971810341	27.371217966079712	0.3485231188984833	-0.4392720977286041	-1.9368941404277584	2.016429332129693	10.763561921122673	-3.7669132792641404	-61.384920188955775	62.43518501204116
22.398355505148796	19.84514824508463	7.844961331592857	27.403253078460693	0.3352987724364289	-0.3920921396044489	-1.6436539878893577	1.7227187653942706	-0.41280786859063434	1.472757690469815	9.153710748724924	9.280616683309926
22.41478509008931	19.831609274688777	7.80859462456316	27.43556499481201	0.5084682926843468	-0.419008586449892	-1.1254890187970337	1.304160163329942	5.359308261543342	-0.8330192042090029	16.03634286058624	16.92868566602567
22.429075885508695	19.814992670114645	7.785630851720394	27.47390580177307	0.3727306896252546	-0.43339214511078317	-0.5989381722217934	0.8279395222941266	-3.5402907194142434	-0.3751501285692735	13.733431513583584	14.187372453531585
22.440169781113756	19.800709676861434	7.769862557423881	27.50434708595276	0.3644358608387364	-0.4691981182167573	-0.517990443617179	0.7882096615001233	-0.2724861650893505	-1.176230703495298	2.6591430284872195	2.9204124749703295
22.455042271053514	19.786479034157612	7.73644306606476	27.536683320999146	0.45993263960457276	-0.4400834755007223	-1.0334997661657317	1.2138094022732921	2.95324358660942	0.9003720647833513	-15.942156587155193	16.238370428902883
22.47588965333969	19.77300715304493	7.666163764963011	27.56928515434265	0.6394542928465959	-0.413224648158197	-2.1556855518295075	2.286183851060954	5.506489507829568	0.8238440783231437	-34.420941112114186	34.86834284575133
22.49867221454809	19.760730572177074	7.576797375373995	27.60227108001709	0.6906752120058447	-0.3721763332950361	-2.70922788315952	2.820543067289218	20.938482030870038	-11.282882795781102	-82.13284386495057	85.50747052325165
22.512522240968437	19.75137275477844	7.523407452119788	27.63589835166931	0.41186887130141153	-0.27828060198917376	-1.5876971467199028	1.6636881589688244	-8.291078253028983	2.7922494657594035	33.35182074949932	34.480176666943244
22.526066956280893	19.742741342900143	7.4971908761148365	27.666860103607178	0.4374660497131221	-0.2787765981595426	-0.846740716015111	0.9930069367787889	0.8267354658443992	-0.016019641632818122	23.931347043660093	23.945628400263413
22.54004699215343	19.733233760225158	7.4821429860655675	27.70137357711792	0.40506024026204107	-0.2754745236530789	-0.4360004519564044	0.6557868598326915	-0.9389321373577432	0.09567493997484589	11.90086717672347	11.93823214763042
22.55235112561324	19.724588371212995	7.479396044427597	27.736905097961422	0.346287835918995	-0.24331604183904473	-0.07730999328931731	0.43022644802949395	-1.6540919990987066	0.9050691062641363	10.094993125876325	10.269569447649028
22.56827063513353	19.71496081875062	7.482045541667316	27.7720410823822	0.45308278059451984	-0.2740083313756095	0.0754069448571349	0.534837151913734	3.0394749552648257	-0.8735286642037556	4.346453946403411	5.375232296289482
22.58456941264093	19.707190277574867	7.472697041617894	27.801612854003903	0.5511599952787091	-0.26276887550588557	-0.3161291845822406	0.6875772565136855	3.316582311632821	0.3800738086816129	-13.24019860724235	13.654560904295082
22.608444967374353	19.701168800380763	7.4154173998125685	27.83808159828186	0.6546854081798748	-0.16511336799010332	-1.570650235959631	1.709624979839944	2.83874355837742	2.6777864017327007	-34.399897123292085	34.62054198155501
22.6403434470294	19.697238924976496	7.33183072898762	27.868459463119507	1.0500566720382918	-0.12936641285589634	-2.751565038282813	2.9479594371645677	13.015110376304127	1.1767435046951267	-38.874187130482774	41.01195250703158
22.670067436293323	19.691421840858514	7.279626265748514	27.902156352996823	0.8820988931661283	-0.17262970378457057	-1.5492368414168887	1.7910986189367226	-4.984370352387624	-1.2838956677066626	35.680687483129205	36.050017963435884
22.69422685737323	19.685365636131404	7.266155905958187	27.941082239151	0.6206517941355734	-0.15558296356110118	-0.34605146140985804	0.7274381912286841	-6.716535572112875	0.4379281220715271	30.909646481558113	31.633998747336015
22.72004382284311	19.678500413290752	7.2644771959210805	27.96890354156494	0.9279567536328881	-0.24676137509695062	-0.06033901692055079	0.9620996361165329	11.04567122433971	-3.2772876761571967	10.269556767628004	15.434094191497998
22.746117230305654	19.670778098074194	7.273427461604233	28.001834630966187	0.7917566025482932	-0.23449923330705222	0.2717877193219722	0.8693313364158974	-4.135913920887331	0.3723576113893995	10.085507108366885	10.90696510421979
22.77199227495944	19.66370682928504	7.281262948487801	28.03764009475708	0.7226563187367023	-0.19749133345824055	0.21883495014414459	0.7804637834043209	-1.9298809873024236	1.033582474030791	-1.4789019208653613	2.641947056114911
22.79770961025796	19.659612102075478	7.274693323656251	28.074549198150635	0.69677485861146	-0.11094084746250471	-0.17799470123939973	0.7276573293096291	-0.7012215888658482	2.344963113106938	-10.751538642167107	11.02661085250297
22.82573243269451	19.65515412710576	7.259072654914514	28.102771997451782	0.9929143504702427	-0.15795651317750511	-0.55347694518388	1.1476784812285272	10.492917045501663	-1.665875351814902	-13.304216918313067	17.025822641537513
22.85304359827138	19.648147251841735	7.276778043590943	28.139015674591064	0.7535428999633126	-0.19332683152149088	0.4885097229066332	0.9186097731058457	-6.604502340837005	-0.97590314051358	28.749474400354643	29.51447299896159
22.877059958136286	19.63979015684493	7.323452481832905	28.16949486732483	0.7879591849655618	-0.2741901686767953	1.531354148702781	1.7438765594272496	1.1291731150124298	-2.653066892605871	34.21496215156944	34.336240779876256
22.895220731155668	19.63452566647474	7.372040015027587	28.20303416252136	0.5414774792661985	-0.1569648479296541	1.4486748427471419	1.554507839815069	-7.349042496422736	3.4951635107487484	-2.4651473881953887	8.503031531555283
22.91737364327575	19.63589426460905	7.3511813747033585	28.243213415145878	0.5513520205839385	0.03406230939881354	-0.5191395798014447	0.7580601525208885	0.2457621949820494	4.754373086867624	-48.975884169327614	49.20672405955317
22.943510270436917	19.64071915127999	7.2672860402174635	28.270443201065063	0.9598543021505294	0.17719150217552876	-3.081013370244054	3.2319282939791107	15.002037943998792	5.256346605202925	-94.08350833333334	95.41696317959197
22.97227864473372	19.64919273313567	7.1629381525832425	28.305444478988647	0.8219235411807224	0.2420934993911387	-2.981259366073346	3.1019469656643963	-3.9407350003317654	1.8542750741074725	2.850010345007818	5.204833077049412
22.99427765024559	19.654481552388805	7.100680991161838	28.336886882781982	0.6996604221631602	0.16820658140189493	-1.9800382257860942	2.1067438230460267	-3.8884787505807403	-2.3499131451554613	31.843021509045272	32.16551534810242
23.017489846187594	19.65691513450502	7.054335632138637	28.37037944793701	0.6930551850705073	0.07266036820262074	-1.3837506565615125	1.549313040736078	-0.19721502554607892	-2.8527588961016566	17.803580181586725	18.031766257573768
23.039959914964513	19.661098753125543	7.011151509224555	28.40490484237671	0.6508272864533166	0.12117511438805625	-1.2507930355294834	1.4151829503170978	-1.2230967756486277	1.4051902077519296	3.851009472585622	4.2779433376925615
23.058321568306948	19.6681945835228	6.972086070106232	28.43892192840576	0.5397773732515737	0.20859606819931178	-1.148406394508883	1.2859662434494432	-3.2645333908642034	2.569913064763764	3.0098592493535694	5.1303883012331575
23.080215778933574	19.66914149620796	6.951117396928171	28.46777105331421	0.7589211352548194	0.032822925761647206	-0.7268391413814054	1.051348548977016	7.596201364814313	-6.092841394513035	14.612826367015352	17.56017328690231
23.100175687881485	19.670335975414076	6.950234869690449	28.508254289627075	0.49304133675615264	0.029505526605758517	-0.021799819335149354	0.49440425561843837	-6.567651766866425	-0.08194500879946616	17.41558695054682	18.61299098875158
23.121450019406762	19.667450374389198	6.967709296420906	28.53692078590393	0.7421322550134207	-0.10066109918038832	0.6095766487014161	0.9656482959450395	8.689269726289401	-4.540723237643791	22.02489142512757	24.108451177662698
23.143897900329307	19.664031314233483	6.995544902317911	28.571166038513184	0.6555034409785581	-0.09984041276397045	0.8128310868258568	1.0489743776022908	-2.5296590748889938	0.023964968977805912	5.935258835542131	6.451902572093544
23.1656880407531	19.65832188843142	7.040490070666469	28.60271716117859	0.6906296379648302	-0.18095792858501167	1.4245188301283263	1.5934142481299036	1.113310526499485	-2.5709866707844222	19.387194230434282	19.58858680248144
23.184790813301383	19.65252920397971	7.091043010079142	28.63720965385437	0.553824066235034	-0.16794044159575672	1.4656215161906294	1.575744749946959	-3.966241959249691	0.37740058718328356	1.1916415101876134	4.158547339074227
23.202736945907436	19.645282378189027	7.152653034617089	28.672852993011475	0.5034919014448046	-0.20331500813496853	1.728514387117025	1.8117955386367337	-1.4121057673182986	-0.992459387244612	7.375652145486356	7.574910092182021
23.220669503873353	19.637762672237947	7.21330263635746	28.702837228775024	0.5980662007639599	-0.25078864808755597	2.022716277267918	2.1241372989593694	3.154134061143025	-1.5832866419193028	9.81188556783355	10.427293832169639
23.23581184032855	19.63152956697722	7.2765032567444194	28.735344171524048	0.4658185352005673	-0.19174689262076308	1.944219143427703	2.0084177494328395	-4.068289859936629	1.8162813994117177	-2.414780573069214	5.067644987801006
23.25092847210943	19.626815183193482	7.329681646363802	28.76932692527771	0.4448324550287004	-0.13872871568658135	1.5648640485367442	1.6327648514117759	-0.6175509002005286	1.5601495193269408	-11.16316522318554	11.288564719978075
23.266296259281898	19.623308834315527	7.375961802537977	28.803813695907596	0.44561398158722093	-0.1016722880662253	1.3419683933545172	1.4176700051525186	0.022661633555310805	1.0745113834533062	-6.46322201560574	6.5519712366444995
23.282416815421715	19.621385842470502	7.418486554651646	28.837337732315063	0.4808656077054901	-0.05736158443605514	1.2684854412160638	1.3577840029327555	1.0515328670391613	1.3217592026090388	-2.1919482262012417	2.76720179721177
23.302778332698715	19.620509814988942	7.44882582750486	28.86831283569336	0.657351067672837	-0.028281664498780775	0.9794728522027448	1.1799480272112075	5.69765523659267	0.9388159123191343	-9.330480208044396	10.972807818648956
23.335689850010926	19.615434163188038	7.45253238487172	28.903191089630127	0.9436113795110854	-0.1455248250129267	0.10627129940562201	0.9606630519152988	8.207415209408795	-3.3614974168919565	-25.035701453983073	26.560264994844765
23.335689850010926	19.615434163188038	7.45253238487172	28.939732551574707	0.0	0.0	0.0	0.0	-25.82303305057132	3.9824576595658434	-2.9082388539023527	26.28967208187429
23.335689850010926	19.615434163188038	7.45253238487172	28.97115468978882	0.0	0.0	0.0	0.0	0.0	0.0	0.0	0.0
23.320255475023338	19.6775819366371	7.356333193130429	29.00569748878479	-0.44681888660465563	1.799152797557317	-2.784927525777785	3.3455073203058037	-12.935225273920704	52.084742691729495	-80.62252066205052	96.85107801182963
23.52240413013402	19.70948302095822	6.902814021319254	29.038132667541504	6.232389117597813	0.983533482593092	-13.98232379765441	15.339993187970656	205.92480942686086	-25.14613287880823	-345.22381873905465	402.7615177260898
23.557593900363862	19.729560967164456	6.790804010059187	29.07089328765869	1.074148477774988	0.6128683197819578	-3.419044293404643	3.6358309105294677	-157.45247255306413	-11.314351238933627	322.4383258456044	359.0066428788575
23.587792706276954	19.753561643190693	6.700990735323435	29.10815191268921	0.8105185279477237	0.6441642977049866	-2.4105364774515463	2.6234660347922962	-7.075675755917769	0.8399659916970936	27.067767936338342	27.98990516821299
23.620384423888268	19.76875832090759	6.644041436067071	29.139572381973267	1.037276601971412	0.4836553388019534	-1.8124904100416943	2.143592013943442	7.21689010987314	-5.108420165591659	19.033645296739525	20.98711778039812
23.649008863374444	19.7780248081819	6.615915775336346	29.173193216323853	0.851389920538282	0.2756174096598086	-0.8365545137113842	1.2250115132979997	-5.528913396222433	-6.187768184834448	29.02771198815599	30.190485615827914
23.67889259948101	19.785642897691087	6.6060265672741885	29.20856285095215	0.8448980720501607	0.21538502133952267	-0.2795959914792469	0.9156513408622128	-0.18354298980877312	-1.7029406425391704	15.746798859679696	15.839677054420315
23.7106690095278	19.784842928945523	6.619290093151563	29.238348960876465	1.0668197400576673	-0.026857107141451845	0.4452923161525995	1.156335119593478	7.450508595160226	-8.132721227998154	24.33645445725262	26.719173798020385
23.742889604008926	19.782779356352112	6.644539760504223	29.27487301826477	0.8821745661653807	-0.0564989965783848	0.6913160573650933	1.1222040781311833	-5.055439814071879	-0.8115716477442549	6.735936771670556	8.461026205199284
23.770262865993853	19.782219364107263	6.678112720273785	29.30637049674988	0.8690620107214755	-0.017778954753906392	1.065893569398963	1.3753959324490739	-0.416304925808699	1.2293060805734524	11.892301544421551	11.96291516539504
23.798362866491413	19.779944325943646	6.726126155054196	29.34035849571228	0.8267624266037794	-0.06693651385990908	1.4126584749378313	1.6381759898573678	-1.2445447042790738	-1.4463210723404487	10.202569028041253	10.379458123485627
23.830895752691596	19.772459237321367	6.773253832263368	29.37075901031494	1.0701426151955813	-0.2462158525968885	1.5502262979800558	1.8997444664682142	8.005791736515455	-5.897246842041486	4.525180735926835	10.924627331732225
23.85908104099554	19.766033859269136	6.822070195275103	29.40411162376404	0.8450698577776732	-0.19264991218865826	1.4636443133979296	1.7010325479933566	-6.748279494240952	1.606049267772607	-2.5959580263255817	7.406596280164733
23.882878810373516	19.76290292453312	6.862762790144756	29.441242218017575	0.6409207785762923	-0.08432223612255291	1.0959316888870205	1.2723819987025538	-5.498136598822583	2.9174775745959978	-9.90322487165477	11.696796327035218
23.921360464148073	19.75572281647045	6.898446950605237	29.473933935165405	1.1771071430890145	-0.21963080220600564	1.0915352136175276	1.6202678908612294	16.401290947431974	-4.13892502102574	-0.13448284926766754	16.916002208226807
23.957225388717237	19.749425087326554	6.934425860860489	29.507794857025143	1.0591833476279233	-0.1859881183974438	1.0625496377295156	1.5117779852598863	-3.4825925870998966	0.9935548697675795	-0.8560185103075204	3.7213398255132693
23.998864442710172	19.7416887128621	6.967933800974412	29.53784728050232	1.3855472928683346	-0.25742930417339205	1.1149829610038207	1.7969969812859494	10.859821188406698	-2.377218790032189	1.7447286177810595	11.253042405036666
24.042246268317406	19.738613396831923	6.979471400520253	29.572744846343998	1.2431189557474263	-0.08812408418767738	0.33061330403915123	1.2893470243344778	-4.081325837081891	4.851490810385191	-22.47634292096936	23.353376089394303
24.10586296828408	19.738036491775805	6.940777086709016	29.60455703735352	1.999758518601629	-0.018134716214455917	-1.2163360203531934	2.3406914181627196	23.784578768175326	2.2000800872933723	-48.627563060002316	54.1773608504931
24.189051413760396	19.738842338074672	6.8529972713629785	29.638973712921143	2.417097064266555	0.023414414250551012	-2.550502449708239	3.5139677287716267	12.126056302123683	1.2072383453587596	-38.76511625109219	40.63536518631855
24.253890491554664	19.742977017957745	6.773194562051945	29.670764446258545	2.039559047163713	0.13005927982820428	-2.5102506590228475	3.236985464017629	-11.875725328382462	3.354589667555223	1.2661485426646166	12.405210842422015
24.302286442730523	19.752730145969828	6.717575203016403	29.703232765197757	1.4905591899126798	0.30038906634933893	-1.7130347628921863	2.2905214228844186	-16.908786016266365	5.246030348538448	24.553654829596063	30.27061024248797
24.342850625642914	19.779542109409455	6.64560131928382	29.74177885055542	1.0523554476674555	0.6955820076369243	-1.8672164258639945	2.253393773533577	-11.368307265944324	10.252479275668552	-3.9999305128181826	15.82248986406089
24.37938128024721	19.789281244401018	6.595010176703387	29.77267527580261	1.1823586163133541	0.3152188291572233	-1.6374432373866863	2.0441514531680554	4.207709066851585	-12.310912198954444	7.4368858739803425	14.98568137470695
24.41932159660062	19.792109878406368	6.55930527434633	29.803767681121823	1.2845682392005524	0.09097507820028679	-1.148348028738493	1.7254260984243686	3.28728581265589	-7.212171224924914	15.730375428560103	17.61437971985307
24.45036715573439	19.79588167838199	6.552791597392914	29.840878009796143	0.8365746206729919	0.10163747157083082	-0.17552194189870896	0.8608107943499347	-12.071938851826133	0.2873160586670395	26.21442928671693	28.86192233701836
24.515207921527193	19.78716312456767	6.543509322048124	29.87003898620605	2.2235457716281997	-0.2989801744552144	-0.31831154122930594	2.266024532197896	47.56257580195194	-13.73814238572341	-4.89659870518186	49.74848592677392
24.59430420290134	19.77910408130704	6.488597782968791	29.90373635292053	2.3472540760927245	-0.2391594372615343	-1.6295498560646253	2.8674434026786657	3.671156429305663	1.7752347742940722	-38.91218936914637	39.12527737323536
24.65511944442588	19.769109201384556	6.52431784885162	29.94096255302429	1.6336677220620994	-0.26849046893385675	0.9595410163612628	1.9135507100924962	-19.16892812163642	-0.7879136627044586	69.55023250316638	72.1477889787126
24.70596394474864	19.757432901066696	6.585813532837097	29.970884561538696	1.6992342040902222	-0.39022448350139166	2.055199067130337	2.6950909508600014	2.191246018680585	-4.068377111413438	36.61712916903623	36.9075520729422
24.724597220783057	19.75308427911691	6.682886687951281	30.00459289550781	0.5527795011017684	-0.12900732364205852	2.879796883558023	2.935206663412665	-34.01101650526435	7.749334633348817	24.46272833250302	42.60547509946145
24.774621430085602	19.726248415429552	6.780103787344004	30.043171882629395	1.2966698463308335	-0.6956083010365338	2.51994950220786	2.918110534666602	19.282267387804126	-14.686776913265634	-9.327548704585409	25.97133836657672
24.818194580406736	19.706453980310997	6.853503879237736	30.069859266281128	1.632724694550695	-0.7417150881806209	2.7503667220283923	3.283359301975897	12.592274035002083	-1.7276623196104273	8.633938149480834	15.365385463184769
24.856251099207796	19.698471533031864	6.900769896830154	30.10374617576599	1.1230448388354564	-0.2355613834509938	1.3948164146845767	1.8061649166346465	-15.04061194907444	14.936555514326782	-40.002181607895444	45.27135111553724
24.89543296078074	19.690955429455357	6.946965292707238	30.141901969909668	1.0268915233530487	-0.1969845929088576	1.2107046102391126	1.5997233460295737	-2.520018719053247	1.0110336164639686	-4.825264644006249	5.5367736275466175
24.947524110390646	19.680501759899332	6.963815377111508	30.1699800491333	1.8552248248541066	-0.3723071465382229	0.6001152810370176	1.985097003335737	29.501067181399815	-6.244107804988294	-21.74612174639685	37.17789206142402
25.007332378192654	19.67275609837291	6.954924638769057	30.20467257499695	1.7239525319394078	-0.22326600135325905	-0.25627244258298615	1.757138470516202	-3.7838782171883416	4.296059207990287	-24.685078480185528	25.340224123988904
25.07393230631733	19.66467506935285	6.936024054533453	30.237974643707275	1.9998736025676578	-0.24265846936877292	-0.567549854034836	2.0929621104593132	8.285403319184354	-0.582320221130892	-9.347089340288374	12.504202658979164
25.143207171840785	19.657124880073514	6.918103210938092	30.273325443267822	1.9596406979367957	-0.21357902432741135	-0.5069430909099245	2.0353866861272745	-1.1381045161921548	0.8225965297208034	1.7144382553811166	2.216132999618916
25.205670508341647	19.647014624795116	6.920167328376186	30.30484938621521	1.9814569708209095	-0.32071671031990284	0.0654777684865975	2.0083122948533627	0.6920540657152047	-3.3986131167443223	18.158288775990727	18.486561638645796
25.270085058861582	19.634564515154743	6.937727967878189	30.3371684551239	1.9930818768919436	-0.3852248861360138	0.5433522714288478	2.1014293401778956	0.35969186191214286	-1.9959787826301858	14.78614697386093	14.924592184339659
25.33077988602124	19.62218142780441	6.970693164563401	30.372699975967407	1.708196714319679	-0.3485099161635315	0.9277733095186979	1.9748818927551433	-8.017815050107359	1.0333070215088398	10.819155188515134	13.505820988433154
25.381208869428434	19.608817680923416	7.035978113871872	30.40813040733337	1.4233240032081396	-0.37718273150443415	1.842623608901019	2.3586817918347966	-8.040339903544231	-0.8092708509455973	25.821031924019568	27.056009955201333
25.421904991645874	19.594609349985213	7.118323356539633	30.43873929977417	1.329552263158507	-0.46418964572740884	2.690239211595921	3.036538862468038	-3.0635456748719703	-2.842537161096385	27.691808984407782	28.005385454286614
25.45789349868326	19.580380463211153	7.215630884620901	30.473111629486084	1.047019720194001	-0.41396340874525184	2.8309843672755117	3.0466520126219607	-8.219767043214857	1.4612404048000183	4.09472261145005	9.298739002147633
25.45504629339555	19.58022233919196	7.2419331145234525	30.508129835128784	-0.08130643005408493	-0.004515480342062246	0.7511015890111543	0.7555029597201723	-32.22112982488849	11.692430291285985	-59.39432761021336	68.57550791338154
25.452815691494067	19.579325230926962	7.265850547036048	30.53766870498657	-0.07551412468464232	-0.030370432901335103	0.8096935538748242	0.8137741685553462	0.19609096073511886	-0.8752857737534318	1.9835547245294782	2.1769396399120438
25.452815691494067	19.579325230926962	7.265850547036048	30.57180547714233	0.0	0.0	0.0	0.0	2.2121050092282024	0.8896691451306148	-23.719101213796556	23.838638429028936
25.452815691494067	19.579325230926962	7.265850547036048	30.606582403182983	0.0	0.0	0.0	0.0	0.0	0.0	0.0	0.0
25.452815691494067	19.579325230926962	7.265850547036048	30.63764953613281	0.0	0.0	0.0	0.0	0.0	0.0	0.0	0.0
25.452815691494067	19.579325230926962	7.265850547036048	30.673365116119385	0.0	0.0	0.0	0.0	0.0	0.0	0.0	0.0
25.452815691494067	19.579325230926962	7.265850547036048	30.707862854003903	0.0	0.0	0.0	0.0	0.0	0.0	0.0	0.0
25.452815691494067	19.579325230926962	7.265850547036048	30.738714933395386	0.0	0.0	0.0	0.0	0.0	0.0	0.0	0.0
25.452815691494067	19.579325230926962	7.265850547036048	30.77357387542725	0.0	0.0	0.0	0.0	0.0	0.0	0.0	0.0
25.452815691494067	19.579325230926962	7.265850547036048	30.807886123657227	0.0	0.0	0.0	0.0	0.0	0.0	0.0	0.0
25.452815691494067	19.579325230926962	7.265850547036048	30.83816695213318	0.0	0.0	0.0	0.0	0.0	0.0	0.0	0.0
25.452815691494067	19.579325230926962	7.265850547036048	30.86978030204773	0.0	0.0	0.0	0.0	0.0	0.0	0.0	0.0
25.452815691494067	19.579325230926962	7.265850547036048	30.90533208847046	0.0	0.0	0.0	0.0	0.0	0.0	0.0	0.0
25.452815691494067	19.579325230926962	7.265850547036048	30.93730497360229	0.0	0.0	0.0	0.0	0.0	0.0	0.0	0.0
25.452815691494067	19.579325230926962	7.265850547036048	30.97226095199585	0.0	0.0	0.0	0.0	0.0	0.0	0.0	0.0
25.452815691494067	19.579325230926962	7.265850547036048	31.00519180297852	0.0	0.0	0.0	0.0	0.0	0.0	0.0	0.0
25.452815691494067	19.579325230926962	7.265850547036048	31.040152311325077	0.0	0.0	0.0	0.0	0.0	0.0	0.0	0.0
25.452815691494067	19.579325230926962	7.265850547036048	31.073731660842896	0.0	0.0	0.0	0.0	0.0	0.0	0.0	0.0
25.452815691494067	19.579325230926962	7.265850547036048	31.10500955581665	0.0	0.0	0.0	0.0	0.0	0.0	0.0	0.0
25.452815691494067	19.579325230926962	7.265850547036048	31.13863182067871	0.0	0.0	0.0	0.0	0.0	0.0	0.0	0.0
25.452815691494067	19.579325230926962	7.265850547036048	31.176599740982056	0.0	0.0	0.0	0.0	0.0	0.0	0.0	0.0
25.452815691494067	19.579325230926962	7.265850547036048	31.20511603355408	0.0	0.0	0.0	0.0	0.0	0.0	0.0	0.0
25.452815691494067	19.579325230926962	7.265850547036048	31.23981094360352	0.0	0.0	0.0	0.0	0.0	0.0	0.0	0.0
25.452815691494067	19.579325230926962	7.265850547036048	31.276583194732662	0.0	0.0	0.0	0.0	0.0	0.0	0.0	0.0
25.452815691494067	19.579325230926962	7.265850547036048	31.30557680130005	0.0	0.0	0.0	0.0	0.0	0.0	0.0	0.0
25.452815691494067	19.579325230926962	7.265850547036048	31.33838558197021	0.0	0.0	0.0	0.0	0.0	0.0	0.0	0.0
25.452815691494067	19.579325230926962	7.265850547036048	31.376251220703125	0.0	0.0	0.0	0.0	0.0	0.0	0.0	0.0
25.452815691494067	19.579325230926962	7.265850547036048	31.40663051605225	0.0	0.0	0.0	0.0	0.0	0.0	0.0	0.0
25.452815691494067	19.579325230926962	7.265850547036048	31.439930200576782	0.0	0.0	0.0	0.0	0.0	0.0	0.0	0.0
25.452815691494067	19.579325230926962	7.265850547036048	31.473395586013797	0.0	0.0	0.0	0.0	0.0	0.0	0.0	0.0
25.452815691494067	19.579325230926962	7.265850547036048	31.50642251968384	0.0	0.0	0.0	0.0	0.0	0.0	0.0	0.0
25.452815691494067	19.579325230926962	7.265850547036048	31.539244890213013	0.0	0.0	0.0	0.0	0.0	0.0	0.0	0.0
25.452815691494067	19.579325230926962	7.265850547036048	31.57701301574707	0.0	0.0	0.0	0.0	0.0	0.0	0.0	0.0
25.452815691494067	19.579325230926962	7.265850547036048	31.60564517974853	0.0	0.0	0.0	0.0	0.0	0.0	0.0	0.0
25.452815691494067	19.579325230926962	7.265850547036048	31.64131593704224	0.0	0.0	0.0	0.0	0.0	0.0	0.0	0.0
23.97670828552714	20.23079286163434	6.793713171724309	31.67162561416626	-48.70086210179848	21.493717271936994	-15.577116621198794	55.465308201206106	-1606.7760109263552	709.1371242257015	-513.9321200110774	1829.9537792585336
23.978509784888676	20.23564205387179	6.758574578854104	31.70745611190796	0.0502783794555225	0.1353370045932672	-0.9806894987481929	0.9912597607125659	1360.604612101658	-596.0949920739457	407.3743889263198	1540.3012831264646
23.978509784888676	20.23564205387179	6.758574578854104	31.73770809173584	0.0	0.0	0.0	0.0	-1.661986413503585	-4.473657769285492	32.41736588242628	32.766773161702304
23.643252438477347	20.356892104078554	6.599101310452755	31.77090525627136	-10.098975352326367	3.6524218831109745	-4.803821971925402	11.764616199310398	-304.21198598214886	110.02210382164144	-144.70579156800002	354.38617616643097
23.604614513000488	20.374113277700538	6.583927564181964	31.80615210533142	-1.0962093494093188	0.4885876065868467	-0.43049936875021383	1.2750382321863913	255.42044872084728	-89.76218756839279	124.07698049045061	297.8119423889008
23.539427629138107	20.398262263647492	6.571362090006449	31.83945250511169	-1.957540578867277	0.725186067023213	-0.3773370367451305	2.121377662986067	-25.865492160496146	7.10497357381722	1.596447260569568	26.871043486346203
23.539427629138107	20.398262263647492	6.571362090006449	31.871938943862915	0.0	0.0	0.0	0.0	60.25716126836177	-22.322732035252226	11.615217033627934	65.30040670912635
23.67108486486242	20.339038590662632	6.934739306441105	31.905982732772827	3.8672909197242364	-1.7396322466215464	10.673818281397455	11.485323509399358	113.59754726355519	-51.0998423596452	313.5320310451605	337.36913184934355
23.649398032958107	20.349372781194077	6.960302441675003	31.9375057220459	-0.6879687619865938	0.3278302841752758	0.8109362666228906	1.1128303290331734	-144.50595539180637	65.58586537866715	-312.8790207469313	350.8229731712649
23.627308556582413	20.358791099141307	6.9883882004942315	31.973610877990723	-0.6118094714630473	0.2608579772269264	0.7778877582511834	1.0234583909919681	2.1093743685786293	-1.8549236305943753	-0.9153404134914103	2.9543273303282653
23.627308556582413	20.358791099141307	6.9883882004942315	32.01151371002197	0.0	0.0	0.0	0.0	16.141523962078207	-6.882281962779326	-20.523209389995795	27.00216147828085
23.423069646170102	20.439181050314996	6.832528500015091	32.04039931297302	-7.07061267713258	2.78304563383773	-5.39575721314401	9.319501195517216	-244.77981952166965	96.34715392834076	-186.79745831471067	322.6348160815702
23.352666385802074	20.46337385673394	6.810690600147831	32.072916984558105	-2.165076923906344	0.7439895060027377	-0.6715702202145768	2.3858090938197485	150.85753419923756	-62.70609267025067	145.28060474959045	218.62411531908123
23.369638917641847	20.45162100160945	6.877512485877639	32.10620212554932	0.509913172494932	-0.3530961496480523	2.0075590410579314	2.1011857694439033	80.36589351107287	-32.9602225792057	80.49024824558713	118.42184416289136
23.367261027624153	20.446451567171774	6.920600250499353	32.141974210739136	-0.06647334101651696	-0.1445102909222588	1.2045080512663409	1.2149656681625913	-16.112745747223084	5.830967292485316	-22.449096426179167	28.241506429944195
23.368168649370592	20.443256065338417	6.92374240713591	32.17202162742615	0.030206315434475252	-0.1063486377761791	0.1045732706171316	0.1521776040570353	3.217569665241236	1.2700477230235718	-36.606633844987634	36.76970787523926
23.37018095360415	20.437407492153557	6.925865528413778	32.21173119544983	0.05067555084859454	-0.14728372722090435	0.0534662395874384	0.16467891951768332	0.5154736360242456	-1.030862119182781	-1.2870205739637974	1.727660769945354
23.277631950263554	20.456880616358085	6.9754105387788385	32.23780012130737	-3.550165582055038	0.746986059607514	1.900539003248706	4.095572284324345	-138.1277139142887	34.30405194733524	70.85342809115986	158.98503578469962
23.251211328111324	20.45556366321263	6.995602267468673	32.272804737091064	-0.7547753792098295	-0.03762227111970383	0.5768304618627357	0.9507022089373325	79.85775990569724	-22.414424874012344	-37.81525698112887	91.15734704420453
23.21629176530024	20.45786303744345	7.00344637752134	32.31312704086304	-0.866011104141213	0.05702487248304872	0.1945352650737989	0.8894217435699018	-2.758664920547062	2.3472652787398562	-9.480985981129967	10.149334047464276
23.17832842233133	20.462323084939467	7.0015158403772055	32.33985209465027	-1.4205151193016265	0.16688638052989035	-0.07223697881037126	1.4321076947208027	-20.74847143714044	4.110805872328335	-9.98210316087847	23.388889999575053
23.11173355996823	20.477497772759502	6.956994763389802	32.37256717681885	-2.0356012563239325	0.463843793570233	-1.3608731519605797	2.492147522781972	-18.801301914902716	9.077079846846683	-39.389666408598146	44.58058043612712
23.05061888922042	20.492625029895116	6.91749672513167	32.40671992301941	-1.7894511436624785	0.4429294513178881	-1.1565113395619822	2.1761986060410865	7.207330011353727	-0.6123765898509512	5.983759291229046	9.387544206858763
23.022957721320573	20.490628044339267	6.944736861828359	32.43970251083374	-0.8386597211704594	-0.060546660774170626	0.825894464377129	1.1786083710602941	28.827071661093154	-15.264906287107541	60.104616869321234	68.385542284286
23.006941475929224	20.486564966042526	6.96999241702612	32.47437357902527	-0.4619484263614954	-0.11718930245520087	0.7284331436875712	0.8704852244870996	10.8652924313711	-1.6337149281968346	-2.811027342773706	11.341317331229416
22.994125070546914	20.485314982068058	7.005528728464051	32.507150173187256	-0.3910230977315429	-0.0381364814260479	1.0841978047598457	1.1531861662460228	2.1639017244875376	2.411868073859687	10.854229067060087	11.327571095303522
22.979898111419025	20.4829390196407	7.036870687580204	32.54183077812195	-0.4102281132258212	-0.06850983227750096	0.903731615269502	0.9948424671459957	-0.5537681805275184	-0.8758022216927767	-5.203663252996383	5.305826983597529
22.449856290393612	20.712099954354564	6.094262377275634	32.574326276779175	-16.311238261535017	7.05208241704891	-29.00735022556566	34.01785894423748	-489.32962426699135	219.12549563977493	-920.4684672282553	1065.2331496842303
22.89110964673943	20.497257735101048	6.976713305932718	32.607152700424194	13.44201735520969	-6.5447951801509126	26.882335346664263	30.760073605542622	409.4877194229208	-199.3758214700887	818.9236706796382	937.0522338399658
22.85094280660797	20.498335761354664	6.956547273206538	32.64109182357788	-1.1834966964105489	0.03176352696957532	-0.5941824906572488	1.324660780828013	-430.9337629434776	193.7751507998559	-809.5824312519685	937.3774213751793
22.843330778105106	20.48875942523765	7.000853521447501	32.67246413230896	-0.24263526692012027	-0.3052480516847463	1.412272479553644	1.4651149450863332	29.990187765759188	-10.742326347198661	63.956242028919924	71.45075109498146
22.828221792655167	20.483269791974514	7.016755343317922	32.70607089996338	-0.44958163204819673	-0.1633490408713344	0.47317320231272136	0.6728294229710682	-6.157877700590618	4.222334390280275	-27.94375486800025	28.92405575989755
22.816668678964856	20.475467552025645	7.041812090467756	32.7442090511322	-0.30292799562229034	-0.20457834765854135	0.6569995236244399	0.7518417685292421	3.8453263184344184	-1.0810515330095665	4.82001134501745	6.260009287402348
22.801534263488993	20.471680366691132	7.074420282206307	32.77216410636902	-0.5413838516023193	-0.13547407803098832	1.1664506280640965	1.2930803410094958	-8.529972627848219	2.4719775740791134	18.22393481693847	20.27271334505108
22.78548183948676	20.468385556577935	7.087826034527668	32.80795621871948	-0.448490545767539	-0.09205408389800533	0.3745448770973891	0.5915247999577569	2.5953569022471057	1.2131162784646397	-22.125147105391342	22.30985573665425
22.785388220268608	20.455848391619817	7.168991989056589	32.84241580963135	-0.0027167826336484584	-0.3638222226776773	2.355395185523629	2.3833297024561864	12.936130445483622	-7.886574726750337	57.48327986517644	59.44635393261209
22.78150511857439	20.44649799409921	7.2391845054621955	32.87182545661926	-0.13203496443915866	-0.3179364078884873	2.3867174071980575	2.411418000496327	-4.397134785692918	1.5602300431571068	1.065032221818212	4.785750280220623
22.769420601783757	20.445425240026903	7.219201852838057	32.90538811683655	-0.3600583717857232	-0.03196272480674718	-0.5953834557442844	0.6965235862797929	-6.793961082653689	8.520590478536038	-88.8517430869954	89.51754363750699
22.772832327316355	20.43414528372967	7.227134399034654	32.94252824783325	0.09186089119879925	-0.3037134225033953	0.21358422772662328	0.38248985434144733	12.167950162174355	-7.316901971098699	21.781497850470622	26.000571420910795
22.72054115211312	20.43660907309829	7.186494821266	32.97299098968506	-1.7165616758207978	0.08087877908708008	-1.3340748500694695	2.175518574821001	-59.36506227236881	12.625002813647468	-50.80498286480756	79.15015855031639
22.68164606802275	20.43369848537161	7.141170427615168	33.006630420684814	-1.15623489858234	-0.08652309626459151	-1.3473591051870288	1.7775662984027676	16.656844678571535	-4.976358706926003	-0.3949013025117989	17.3888058147988
22.67469215384534	20.422514969593134	7.16425483012959	33.03968524932861	-0.21037513920728715	-0.33833228721259206	0.6983670302206322	0.8040167564585795	28.614874079902354	-7.617924559873361	61.88887431402385	68.60813768836486
22.67780040701405	20.404301188126624	7.229351147025556	33.07465386390686	0.08888694065235957	-0.5208608258057977	1.86156408199427	1.9351014752329665	8.558019340171649	-5.2197818184867755	33.264030211171935	34.74163961515225
22.670738682970722	20.395591719553096	7.243142424982755	33.10848546028137	-0.20873162369153883	-0.25743593288106426	0.4076449069837561	0.5253727443035517	-8.797059442578368	7.786357167679925	-42.97518683173572	44.55201786677601
22.66565758884276	20.38413569893433	7.2737980100154545	33.14358448982239	-0.1447645189741005	-0.3263913780117201	0.8734026391492077	0.9435678394620036	1.8224750243504133	-1.9645969142843867	13.269817948133914	13.537692736453053
22.65517179236354	20.372098968003247	7.276722568678579	33.173296213150024	-0.35291781508567205	-0.40511722589604277	0.09843113544358045	0.5462230673884639	-7.005763139896878	-2.6496560639111393	-26.08302100688916	27.137158644102374
22.623129566287513	20.36624022907944	7.229520323663097	33.20602631568909	-0.9789833697521872	-0.17900154503987178	-1.4421661209019274	1.7522251886259717	-19.12812689539615	6.908492895379963	-47.069735101099866	51.275456849253
22.600513651560753	20.356768966277	7.201081022093473	33.240033864974976	-0.6650263015613587	-0.27850471443329067	-0.836264363848907	1.1041571192423498	9.231981568313248	-2.9259141420904275	17.816683935658883	20.278675590573602
22.59190520334189	20.34422047970123	7.203984974361975	33.27499580383301	-0.24622342181357684	-0.3589184978190676	0.08306038976539748	0.4431111484427608	11.978823069521077	-2.300037870105207	26.295016341838174	28.98638060800874
22.588608751976928	20.331981199144668	7.208946516723485	33.30787420272827	-0.10026191894151781	-0.37225902014124573	0.1509058387336763	0.41400700794825945	4.439434637222728	-0.4057534055923849	2.0635265477618	4.912367813757481
22.588531849688362	20.313652431401483	7.256404895221195	33.340487241744995	-0.002358022768935178	-0.5620073533713348	1.4551964468375127	1.5599533725093686	3.0019862951863674	-5.818173925244687	39.99291839791469	40.52525868545625
22.598790517553436	20.287793755232816	7.241688459716618	33.375478982925415	0.29317397531547124	-0.7389936966936864	-0.4205688259037539	0.899411363546925	8.445764289368233	-5.0579461710635485	-53.60594270144165	54.502393037473034
22.53248887831974	20.292744998361414	7.116893661739068	33.4081916809082	-2.0267860287335893	0.1513553890053156	-3.8148732960885927	4.3225025535285075	-70.9192499276494	27.21723185802231	-103.76106770437478	128.5950111453224
22.52891080017495	20.27678872077	7.184054309639369	33.4391393661499	-0.11561698772772916	-0.5155887255152217	2.1701347734339733	2.2335361999745977	61.75483000036241	-21.5506946419983	193.39113806994217	204.1524522309584
22.528235913979028	20.267088719006736	7.201242043621901	33.47337508201599	-0.019712927825433713	-0.2833298944647405	0.502041027848264	0.5768098666491352	2.801286827984522	6.784109085346688	-48.723787523835256	49.273510273192095
22.533358985100474	20.25262998378728	7.237267307898598	33.51425623893738	0.12531619717361106	-0.3536772515332679	0.8812192948935492	0.9577782588986169	3.547578784962754	-1.7207770612706321	9.275135431573869	10.078418834527069
22.53858861906444	20.24124011922834	7.270278528952321	33.54004192352295	0.20281152306089176	-0.44171270772903065	1.2802150334296285	1.3693769246905014	3.0053623602704036	-3.4141213471999157	15.473536768511567	16.128197903560572
22.547191040351578	20.220936519374963	7.308482716203741	33.57861399650574	0.22302201105383015	-0.5263808316041982	0.9904623811239756	1.1436045320461954	0.5239668607377381	-2.195062835045159	-7.511980298153758	7.843640106532048
22.540019855110224	20.205940974715514	7.293429573921337	33.608686685562134	-0.2384617227912639	-0.4986432916367152	-0.5005585717384556	0.7456996776663636	-15.345609199751165	0.9223498409292806	-49.58056627614051	51.909257394065186
22.5200694748886	20.198232224612223	7.245671418297924	33.64314007759094	-0.5790541670016418	-0.2237443006147227	-1.386167016109162	1.5188233066846566	-9.885599766942764	7.97886579040266	-25.704535670397703	28.672470003196178
22.517040861872157	20.187649678231914	7.259527019192329	33.67468285560608	-0.09601605207347455	-0.3354982359268092	0.43926381144222104	0.5610087740922812	15.313746769430624	-3.542932561566332	57.87159351263851	59.968196128832474
22.521588365782453	20.176384667234316	7.295349348068284	33.707077503204346	0.14037824910738275	-0.34774297091597733	1.1058101116022694	1.1676674310632065	7.297325907428809	-0.37798636185266965	20.5758157466641	21.834789505045585
22.522096934007166	20.172749849823205	7.305465388823819	33.741114139556885	0.014941788590561446	-0.10679132254618362	0.29721035447676736	0.31616710522388913	-3.6853365655053634	7.079185083805123	-23.75674695790503	25.06151617667514
22.535975129033286	20.138090404551754	7.281561761042092	33.77418231964111	0.4196842702189952	-1.0481207367073	-0.7228588849111593	1.340603197400375	12.239635825059237	-28.466320546320976	-30.847456279410938	43.72305626881701
22.476868177709328	20.12671101291098	7.059989391880982	33.80686640739441	-1.8084320348821041	-0.34816304884095906	-6.779212283162686	7.024910185443648	-68.17128634334956	21.415855114259887	-185.29975332234258	198.60000431345145
22.455865616810176	20.11373678704447	7.0432578162199295	33.840604305267334	-0.622521325373004	-0.3845594030599966	-0.4959282206636699	0.8839476992880609	35.150699488624994	-1.0787973321908173	186.2381611968021	189.52938601755034
22.45160140336594	20.101532602649495	7.070525289038762	33.87453603744507	-0.12567037314505322	-0.35966877054931945	0.8035980207554759	0.8893393312774344	14.642663970864971	0.7335503056637377	38.29825823840141	41.00856359725232
22.425929672469195	20.0989237189515	7.065913754700502	33.90670442581177	-0.7980421836526355	-0.0811008518131387	-0.14335608876922878	0.8148617325909313	-20.901631839399915	8.659679047662669	-29.437412242417267	37.12720692818626
22.419538754605718	20.087666596103315	7.085252676997068	33.94229197502136	-0.1795829722872372	-0.3163219468102752	0.5434182101910994	0.6539212254825951	17.378527746402273	-6.609645795269284	19.29816225656718	26.79775570177825
22.414457486199378	20.078978404947666	7.104372840210841	33.974285364151	-0.15882244877996382	-0.27156207554141726	0.5976285643355074	0.6753742903150417	0.6489004157437277	1.399035003371756	1.69442361747751	2.2911660973568377
22.40898802405579	20.070790708182624	7.158693809770734	34.01261305809021	-0.14270261477933316	-0.2136235166672954	1.4172772733483816	1.4403728380832457	0.4205792820772912	1.5116630540313067	21.385286323589085	21.44277228492907
22.402027231540856	20.067097389162853	7.206288168376399	34.04160141944885	-0.2401236975355828	-0.12740696081703992	1.6418437046795902	1.6641943018706669	-3.3606964378207103	2.9741783187945154	7.746779079813576	8.952798631188209
22.397909860593856	20.06083990650769	7.270815299364711	34.07458543777466	-0.12482927053732722	-0.1897125630161967	1.9563150356919292	1.9694521375812537	3.4954633440781477	-1.88896336352114	9.534051549028716	10.32882304611982
22.400025899080607	20.050499542018745	7.348677085559033	34.109105587005615	0.06129864829359017	-0.29954576441036274	2.255546048581316	2.276175117720427	5.391863099595216	-3.1817128210926056	8.668300095905787	10.692750381139637
22.4004384139875	20.041669279729195	7.4259872135116	34.14610695838928	0.01114863831984474	-0.23864689224593366	2.089385475768946	2.1029998330169346	-1.3553554394981817	1.6458544612568287	-4.490659848508103	4.971101603268548
22.39845089362706	20.036082192179965	7.487662685787408	34.174832582473755	-0.06918980609772135	-0.19449838697326552	2.147054215234474	2.1569558769152337	-2.796751923694226	1.5369032590150815	2.0075713340793953	3.770177132665766
22.40153107933553	20.025701200382663	7.52271180325638	34.2088303565979	0.09059962858809956	-0.3053432780450473	1.0309238875753348	1.0790027210906552	4.699996949869053	-3.2603573006580686	-32.829511825789034	33.3241166090919
22.398631710564892	20.01357127851638	7.534063243450395	34.242107629776	-0.08712759471368815	-0.3645106917674153	0.3411168978077556	0.5067741115559664	-5.340798879481149	-1.7780126816792619	-20.729071942755624	21.479755244769848
22.395632485571834	20.00039494775183	7.550369054333875	34.27548933029175	-0.08984638130232818	-0.3947171821979453	0.48846555542574815	0.6344073021275796	-0.0814454190959355	-0.904881715545941	4.414054866632217	4.506586806116203
22.394986812429604	19.987454462874226	7.5604926454531585	34.30933237075806	-0.01907846143059125	-0.38236768030596596	0.2991336174231047	0.48584972131900656	2.091062708806786	0.36490521306067447	-5.59441277715952	5.983573630191821
22.394030839320607	19.97384661665355	7.592678836240384	34.34102153778076	-0.030167189573403762	-0.4294163431599887	1.0156843429858602	1.103142393205099	-0.349921729872783	-1.4846923183658536	22.611851079876967	22.663242613443135
22.397546735123985	19.959555057070975	7.6294388722943935	34.37394642829895	0.10678534531302501	-0.4340655157130779	1.1164816488517275	1.202641781299633	4.159544123943951	-0.14120540660631364	3.0614317702950156	5.166634375496603
22.415797051737567	19.941176635956776	7.682853497149624	34.408660888671875	0.5257266400665651	-0.5294168746040426	1.5386851554486771	1.710035886988724	12.068207031104802	-2.7467331442470897	12.162179738972496	17.352371017079655
22.411691648900447	19.93183820395076	7.717794031339872	34.4416298866272	-0.12452313056898648	-0.28324888789976277	1.0597997014527645	1.1040431829156512	-19.72306745618212	7.466650549642815	-14.525326327626678	25.607330302779246
22.440505969454076	19.913064410550067	7.800431740081241	34.473238706588745	0.9115911504662713	-0.5939416094473723	2.6143876564167368	2.8317464362236873	32.77927750215577	-9.82930466640537	49.18209401221334	59.91639704800803
22.4528965428593	19.899993120583282	7.8686563495965505	34.50861740112305	0.35022698175621625	-0.36946784325553517	1.9284094682793156	1.9944744930179674	-15.867294599176885	6.344885506563743	-19.38958452727317	25.84539800677756
22.458783904404285	19.890527714890705	7.936227160982881	34.540566205978394	0.18427486009700367	-0.2962679115989803	2.1149714893019667	2.143556927181354	-5.194313915984881	2.2911633780349296	5.839405319458441	8.144260627433418
22.47449068340877	19.88210166138148	7.985683961070018	34.57505702972412	0.45539008056979846	-0.24429841314733156	1.4339118268598467	1.5241932185114244	7.860502911484637	1.5067630403604477	-19.74611181985714	21.306496025474406
22.486306920825147	19.85311363252274	7.956388811688181	34.60940074920654	0.3440581740840225	-0.8440561853988503	-0.8529987381486472	1.2483644173666897	-3.241696245008025	-17.4633901420751	-66.5889018275671	68.91705475715423
22.469286292273562	19.8317805003625	7.791569117318142	34.643839597702026	-0.4942275742412474	-0.6194496358679984	-4.785865427284978	4.851029440706273	-24.341282735838565	6.521894875791468	-114.19855369589725	116.94589699613935
22.454404363011832	19.821424419103018	7.70244509264551	34.6742160320282	-0.4899169238210314	-0.34092484813328106	-2.9339857244483767	2.994080923353246	0.1419077161568634	9.169107366059242	60.96435424091399	61.65018374426693
22.42579465056444	19.815521477859278	7.635799302843311	34.712488651275635	-0.7475242878577602	-0.15423405452280525	-1.7413438409147537	1.9012782744257986	-6.730852737599952	4.877920489410461	31.16175236983566	32.25140768455271
22.423172986503047	19.80744401422725	7.6113116158874545	34.742262840271	-0.08805156915614645	-0.27129080269100214	-0.8224468165922358	0.87050016920061	22.14914128489609	-3.931484017462435	30.86220163596927	38.19052914083641
22.42278489400686	19.797172622754704	7.616025615395863	34.77786946296692	-0.010899446979344356	-0.2884685683409249	0.13239108771045974	0.317585127123858	2.1667913532740584	-0.4824317598617156	26.8163007892411	26.90802321224284
22.424272336323785	19.789192125460442	7.64970663871616	34.81025815010071	0.04592474868712942	-0.24639767772300308	1.0399008512191297	1.069679708368601	1.7544457863249632	1.2989378187556082	28.0193439073337	28.104251501713847
22.42986660815177	19.780314525496916	7.7013344470346246	34.84572124481201	0.1577491156236089	-0.25033348149100754	1.4558179070031452	1.4855831897899416	3.153260251165727	-0.11098308819477994	11.728165834648484	12.145173580581833
22.440108881183285	19.770119309521824	7.764148392665101	34.87676119804382	0.32997063349369393	-0.32845461779378265	2.0236482046661415	2.0765151362720156	5.548382002508385	-2.5167929770819404	18.29352942069034	19.28139020923831
22.457040861291617	19.757946554032383	7.84044421976527	34.90910816192627	0.5234488210351119	-0.3763183318743273	2.3586704266106477	2.4451871782167065	5.981339956496279	-1.479697267863795	10.357145825556524	12.051406612157164
22.474913136575818	19.747779861802044	7.916665550155378	34.94336724281311	0.5216799406625705	-0.29675904802933084	2.2248504167952063	2.3043817544388734	-0.05163245267390859	2.322283078982302	-3.906117921185758	4.5446035936377545
22.493203117367706	19.736250019283823	8.006859953666925	34.977818727493286	0.5308909314556312	-0.33466895912489675	2.6180120929141615	2.6921804939395053	0.2673612147217816	-1.1003854100192143	11.412038690605106	11.46808428402881
22.5153017383158	19.72450218565004	8.092418421407405	35.012978315353394	0.6285233216048612	-0.3341288777481154	2.4334320436547494	2.535404343262067	2.7768354548889693	0.015360856302702515	-5.24977852396385	5.938958296713897
22.526406973168598	19.715350504544787	8.126500761885888	35.04431891441345	0.35434022277359645	-0.2920072168280478	1.0874820999167827	1.1804416655618013	-8.748495786753868	1.34399667470775	-42.94589076484138	43.848512394129905
22.520019986646354	19.71164232121344	8.055738332595848	35.075236082077026	-0.20658381750050533	-0.11993929624144735	-2.2887746400331026	2.301206566411332	-18.14280164269276	5.565449023628587	-109.20330014342485	110.83995776115958
22.50255416156855	19.706356672328784	7.952812849465992	35.115527629852295	-0.4334860793936482	-0.13118505434778804	-2.5545179774163973	2.5943557574966216	-10.758734854552479	-3.2558951341231683	-63.40084008846123	64.38957798213622
22.494913722121566	19.70412414696009	7.905941081391568	35.14072680473328	-0.3032019692338543	-0.0885951773912246	-1.860051699938283	1.8866830327449193	5.170173657475047	1.6901298220163254	27.55908797641039	28.09075585589048
22.491418492603035	19.69943273653126	7.87537903497151	35.17581295967102	-0.0996184826959198	-0.13371115863664929	-0.8710571584230982	0.8868726454676087	5.802388061593195	-1.285862794754407	28.187601156930093	28.807325619127152
22.49062767165052	19.69186407760191	7.863651017279074	35.210798025131226	-0.022604529736166126	-0.21633971038185779	-0.3352292624913371	0.39961543198828686	2.2013379694074247	-2.3618235569459514	15.315903768745446	15.652508029806937
22.485877075926936	19.681286136296396	7.832739655298438	35.24535655975342	-0.137465195660564	-0.30608766896963086	-0.8944639093807519	0.9553282296142815	-3.323655565263408	-2.596983916388046	-16.182244212701434	16.722919587739266
22.46807902850493	19.677371396342608	7.74062534007298	35.27510070800781	-0.598371392913408	-0.13161378568675272	-3.0968886531100583	3.156911440348266	-15.495693247317906	5.865822137203092	-74.04564840426757	75.87675814219192
22.454742305442196	19.67283919690897	7.649977668051021	35.31044292449951	-0.3773595542845503	-0.1282375550696259	-2.5648553209233205	2.5956363229483324	6.253479848406409	0.09552967958078692	15.053762468794108	16.301254571381307
22.45323034968714	19.667981562692777	7.60825373207657	35.34219813346863	-0.04761284224351079	-0.1529712564926909	-1.3139241506812305	1.3236554921137338	10.384019590667389	-0.7788864323683072	39.39294405080733	40.74602517944454
22.45578590652928	19.660763601710503	7.607260862350706	35.37633419036865	0.07486385582330592	-0.21144682888868882	-0.02908565944721209	0.22618650256214315	3.5878982281263165	-1.713014850170235	37.63874940204647	37.84815570305044
22.46310109250466	19.651148946193143	7.626051396246107	35.4121515750885	0.2042356255935413	-0.26843544252499063	0.5246204892505385	0.623695787469057	3.611982582819412	-1.5910880730697485	15.459145133812846	15.955035183387876
22.47777569694584	19.641161292175184	7.657967497853071	35.442004680633545	0.49156039793037154	-0.3345599674006694	1.0691049063155877	1.2233344993535757	9.624619184201771	-2.214996519404207	18.23878645534892	20.741090506183532
22.493654719953806	19.629116029457368	7.700092895088019	35.476173639297485	0.4647207181272081	-0.35252062658051597	1.2328557521831855	1.3638802893628736	-0.7854989104917669	-0.5256425680540571	4.7923861970194945	4.884697954747785
22.50258933151072	19.61684377833898	7.702334543555978	35.50921607017517	0.2703981311177483	-0.3714088459114327	0.0678415119110381	0.4643943915161001	-5.8810015440084085	-0.5716352831556486	-35.258127484165016	35.74980419173244
22.49871539119219	19.608285354709693	7.673189536880083	35.54297113418579	-0.11476619677901438	-0.2535448792688586	-0.8634262007835201	0.9071720288490177	-11.410564286756534	3.49174176074711	-27.588977831639124	30.05902419674704
22.509009721129605	19.598650574490957	7.68276856550851	35.57417011260986	0.32995727608418296	-0.3088171698372679	0.30703020138106146	0.5463583009228367	14.254424193583885	-1.7716057819945397	37.51585664937958	40.17171512736572
22.523904216396694	19.58596833613238	7.729563134253148	35.61083984375	0.4061795601982696	-0.34585032298461843	1.2761088584426368	1.3831298202364064	2.078615843208565	-1.0099106809871317	26.427209224909582	26.528059688268865
22.544781890462072	19.571908606742873	7.797740573841887	35.643654346466064	0.6362331389272426	-0.42846083974405014	2.0776618246712792	2.214734737154718	7.010728784146696	-2.5175001880796275	24.426789982596304	25.53734900367912
22.54757296852982	19.56452900437037	7.793741008224625	35.67659139633179	0.08473977114303385	-0.2240517108419672	-0.12143059665535189	0.26856170193953754	-16.74386048636808	6.206054571839781	-66.76652676216793	69.11324817441948
22.554968617826734	19.554190902367626	7.712316035614243	35.711448669433594	0.21216947393772226	-0.2965837853279767	-2.335953600632127	2.3642455565564	3.6557565023089476	-2.0808304273879124	-63.53116026916051	63.67026571341977
22.542748613932297	19.551569646889632	7.626790771966089	35.74362063407898	-0.3798339339587218	-0.08147638811886512	-2.658378640871099	2.6866129638351572	-18.401220268074365	6.686175357337504	-10.021925729214546	21.994291158961012
22.54701683029272	19.544865018761435	7.594806004221918	35.77687335014343	0.1283569243531753	-0.20162648113321152	-0.9618693306788965	0.9911212575786256	15.282687204464143	-3.6132414802286132	51.018668878171944	53.38090123147498
22.549638176464768	19.5398097921145	7.581513331189928	35.80929636955261	0.08084830530331874	-0.15591474017695392	-0.4099764079414067	0.44601178206792297	-1.4652743611042531	1.4098545351182061	17.02163872440691	17.14266325947435
22.55806439273942	19.53333926719201	7.583703773561341	35.84170937538147	0.25996405020701446	-0.1996274259985699	0.06757911879504898	0.33466304532763247	5.5260454969661685	-1.3486156159790155	14.733453887552947	15.793372229224879
22.57112354933094	19.523772237723996	7.613602467031337	35.877216815948486	0.3677864803257939	-0.2694373155382969	0.8420402313584281	0.9575464027090669	3.036615098046164	-1.9660636876366269	21.811234496095665	22.109192385096268
22.58316667022311	19.514662711370246	7.656538314106527	35.909279584884644	0.3756107563931688	-0.28411539788996737	1.3391185009841955	1.4195222292428469	0.24402995520924756	-0.4577921008911354	15.50328577720596	15.511962935631143
22.600989465251466	19.505294459113493	7.7074030298109975	35.94383239746094	0.5158131480324941	-0.2711285003519519	1.4720861172201058	1.5832281591414603	4.057626027685966	0.3758564518977982	3.8482429163273677	5.604870256843736
22.622624526367964	19.49453259021964	7.773965371714923	35.979509592056274	0.6064115007329115	-0.3016456034706876	1.8656831810600292	1.984817047086357	2.539391163683559	-0.8553672300995419	11.032175267821291	11.352931415297553
22.65188338630415	19.48171082458623	7.849551969653554	36.009870290756226	0.963708385809711	-0.4223145771487845	2.489619843259803	2.7028300758474035	11.768401267964697	-3.9745124073277993	20.550800505812386	24.013067665534415
22.674845266318844	19.46952373011672	7.91821172324097	36.04393410682678	0.67408419441713	-0.3577724364254188	2.0156213104603538	2.1552540185812634	-8.502400047977016	1.8947419334838793	-13.915015622960523	16.416714450753453
22.696249307252728	19.458650216979375	7.975581931615486	36.075273513793945	0.6829753018718913	-0.34695976055760697	1.8306092529009246	1.9844310457205798	0.2837037555968193	0.34501852186102816	-5.903495804923232	5.920370623543183
22.709198454464776	19.450931938080807	8.003173683152783	36.1102180480957	0.3705628783095954	-0.22087227810560764	0.7895870438287281	0.8997494705743609	-8.940237144513343	3.6082175645321666	-29.790702033188346	31.311866789179895
22.719231790113533	19.442659056704308	7.995224318252112	36.14831328392029	0.2633750764782425	-0.21716314907702403	-0.20867084108035336	0.40008722067088315	-2.8136799657814087	0.09736464280370478	-26.204271040759657	26.355077226240546
22.715979105670982	19.440295129389792	7.982510127669498	36.17727780342102	-0.1122989263629316	-0.08161458761489064	-0.4389574141664242	0.460386360816097	-12.970144484243024	4.679813917116968	-7.950643651459422	15.916596392240189
22.712112862223204	19.436619190010905	7.973256236909146	36.20960235595703	-0.11960702142653712	-0.11371972975625455	-0.28628055253178536	0.3304460186902968	-0.22608495679759333	-0.9932122681542953	4.723247490109915	4.831837318260206
22.705498813043384	19.43189147982501	7.960516722755656	36.25182223320007	-0.1566572337893317	-0.11197830251095361	-0.30174209366250393	0.3579510025402796	-0.8775537680868221	0.04124662028921295	-0.3662147343942525	0.9517957403015184
22.698304944358792	19.431088172184136	7.94570781077253	36.277583599090576	-0.2792502818045017	-0.031182649409453995	-0.5748496429137756	0.6398477861727598	-4.758794566105076	3.1363109178650106	-10.601439008012937	12.036323397804198
22.688816170984417	19.429863166606115	7.92787975657291	36.31133127212525	-0.2811682264618909	-0.03629896428007764	-0.5282750659964514	0.599539599803955	-0.05683190824500856	-0.15160496741113763	1.3800826169398341	1.3895473944842622
22.671616440988068	19.432249119492113	7.908860274349761	36.34542298316956	-0.5045135450665286	0.06998630496711551	-0.5578916880536624	0.755430430706833	-6.551308566306314	3.1176278922769907	-0.8687338109464829	7.307116123337822
22.672027503981212	19.430516584170302	7.90582552821048	36.37677931785584	0.013109408266537925	-0.055253119956287934	-0.09678255349817327	0.11221241692268057	16.507763375786542	-3.9940709326018555	14.705453911271661	22.465734553362584
22.63957439346739	19.43936350151892	7.867273608994182	36.41148543357849	-0.935083337275965	0.25490946377624374	-1.1108105419915615	1.474197999786133	-27.320624212743986	8.93682791272779	-29.217559135597405	40.9871829034128
22.607751983728473	19.4497368824096	7.8215881916332535	36.44442963600159	-0.9659487071573206	0.3148772812119434	-1.3867513553431994	1.7190939266452328	-0.9368983800232252	1.8202843907266344	-8.376005277280234	8.622567961033388
22.559676075534977	19.465790514789933	7.762626227084576	36.47586488723755	-1.5293629382066927	0.5106888524551967	-1.8756638560351302	2.4734326353508775	-17.923007098630293	6.2290442590528725	-15.553001215801169	24.53428259920196
20.505758896865835	20.00904763257541	7.802032993039078	36.51110005378723	-58.291683559181095	15.418037460372656	1.1183930661697712	60.30660871201111	-1610.9565011119746	423.0815423249855	84.97354249718653	1667.7527822958489
20.519085795908772	20.01772173915591	7.706139139202434	36.54508209228516	0.3921747968047358	0.25525562808799546	-2.821898216685271	2.860431095525803	1726.9081241126023	-446.1998897802273	-115.9521752379523	1787.386616741998
20.534855220980248	20.031483841343995	7.596090917037311	36.57951498031616	0.4579756730623008	0.3996789980467461	-3.1960206784295875	3.2533111126275704	1.9109891740224256	4.19434378634552	-10.865265248953463	11.802473823372875
20.543739104142773	20.049665684991268	7.498471685169559	36.61353898048401	0.2611063695832198	0.5343828931806596	-2.869128597054395	2.9301263657385808	-5.786189234301914	3.9590846011460807	9.607691034639469	11.893782567008488
20.559875181404045	20.05763331888913	7.423384783661873	36.64673972129822	0.48601557873572	0.2399836179093028	-2.2616031951778304	2.325650939431201	6.774222611811281	-8.867250189350056	18.298549579850366	21.43257181584016
20.56594341030102	20.087842656660687	7.313928441599253	36.67717885971069	0.19935613205425123	0.9924504879932595	-3.5959080240509937	3.7356733470607426	-9.41746257062192	24.720373483881385	-43.83517071975644	51.1987075860499
20.572758789604823	20.130915970452996	7.193710389201052	36.71493911743164	0.18049080475479307	1.1407049737484847	-3.1837190648068754	3.386716972430724	-0.4996080121824154	3.9262042873447314	10.91594666250011	11.61131257913369
20.574278439668674	20.152911422261166	7.139527472412538	36.74315667152405	0.05385477631672521	0.7794953359932959	-1.9201847407140762	2.0730708512346148	-4.487845687239883	-12.80088403737243	44.7783078559878	46.78782155108691
20.57519594119409	20.179858936150527	7.091449474355369	36.7772741317749	0.026892433336721963	0.7898452490667502	-1.4091904175652836	1.6156721057819576	-0.7902798972068256	0.3033611821441229	14.977501824333316	15.001404308286238
20.57950166142311	20.20490100000264	7.060036900223011	36.81451630592346	0.11561409416766062	0.6724114374262602	-0.8434677848573738	1.0848694225776958	2.38229004775679	-3.1532480131811016	15.190376116368341	15.69604426156493
20.580527933498626	20.22045773686179	7.051750885122377	36.84554719924927	0.033072592037295234	0.5013306157774277	-0.2670247038535271	0.5689713306730876	-2.6599782759629056	-5.513241911941983	18.57642559469823	19.559010933161925
20.57521007156851	20.238620512849067	7.055293663098719	36.87753224372864	-0.1662608890084974	0.5678521409902352	0.11076357822877327	0.601969523732831	-6.232083909539653	2.0797696640913825	11.811403993074583	13.515678895225205
20.566953178330923	20.259992429237375	7.068013435627876	36.911553621292114	-0.24269720478486792	0.628190799988399	0.3738758815813509	0.770265401812054	-2.2467143087829653	1.7735513174204918	7.7337345573872405	8.246445274476736
20.557628349883636	20.281944448304714	7.0870754355118	36.94578742980957	-0.2723865339882447	0.6412380047094405	0.5568179735013975	0.8918670630739071	-0.8672517166250427	0.38112045624104673	5.343901243905223	5.427214649041095
20.542868438192023	20.307379631075833	7.110630879589115	36.98026394844055	-0.4281149106032126	0.7377538040706443	0.6832315156132664	1.0928716100387568	-4.516940306003709	2.799464771784479	3.6666562382627186	6.456324086200608
20.529944433682743	20.327765724164212	7.1307866435312945	37.01203441619873	-0.40679301946862123	0.641668018348011	0.6344182306535583	0.9898004333423243	0.6711229843036369	-3.0243742853895434	-1.5364358287467168	3.45801690771499
20.510758630067322	20.350103983404217	7.156314940580556	37.04459738731384	-0.589190818847532	0.686001874983635	0.7839670698050534	1.196807737288663	-5.601386886169638	1.361480697780948	4.592604238195275	7.370290253963713
20.490221709325656	20.374403851436636	7.18906716328889	37.08118772506714	-0.5612662249835623	0.6641061417977655	0.8951057770813747	1.2479066852314176	0.7631685187561408	-0.5984020517519597	3.037378556756024	3.1884447149986315
20.47049443209306	20.394837130752517	7.220145524294625	37.11177372932434	-0.6449772604066826	0.6680597813318413	1.016097452429321	1.376500479734102	-2.73690655108729	0.129263028306315	3.955785604765815	4.812027239193881
20.448368726975477	20.422017602102496	7.255286515739909	37.151124715805054	-0.5622655769614732	0.6907189318697513	0.8930142440649596	1.2612333891798218	2.1018960601089103	0.5758216645729058	-3.1278303130898175	3.812198854254119
20.42877598756207	20.441961039306914	7.287481586154527	37.17634677886963	-0.7768095481819026	0.7907139536269313	1.276464591028495	1.6905689819573904	-8.506202314661564	3.9645853513713822	15.202973126417161	17.866275680981325
20.410257815506036	20.46647976302486	7.32492004712731	37.21200346946716	-0.5193463483488368	0.6876331848823367	1.049970155541342	1.3583067967223779	7.220614014326686	-2.8909236111699914	-6.352087972595418	10.042097772930836
20.39459454569049	20.485022122493884	7.36867325771095	37.24566650390625	-0.4652958378985922	0.5508225796630366	1.2997405407053015	1.4863482782259698	1.6056339349932542	-4.0641198126941935	7.419722830273001	8.610889446695376
20.38140411765886	20.499655864694013	7.427341061324749	37.277363300323486	-0.416143885899412	0.46167890305063	1.8509064083806424	1.9524798784822406	1.5506914753205778	-2.8123875813497476	17.388693179592863	17.682783108249154
20.366963409141253	20.514882066611513	7.483244556091301	37.31196331977844	-0.41736128317521043	0.4400633917943886	1.615707032746898	1.7257912519070855	-0.035184872580297656	-0.6247254075790765	-6.797665993799165	6.826403355602928
21.7883907846479	20.138316604594674	7.40028903121298	37.34594750404358	41.826143726652354	-11.080609117434218	-2.441003857297901	43.3377975592587	1243.0342502928286	-339.0010017408979	-119.37055361974507	1293.9494409187212
21.78415613837529	20.168530388466113	7.3611835603699545	37.3794174194336	-0.12652097333564624	0.9027146773261997	-1.1683767463207728	1.481892562467691	-1253.4440022066854	358.0326886136365	38.02301547964269	1304.129986807292
21.777245016796922	20.19640993044261	7.288507710572336	37.41360926628113	-0.20212776482031733	0.8153856707659095	-2.1255315666832604	2.2855182927223807	-2.211252051456219	-2.5540886091856794	-27.993656634892005	28.196769603110113
21.781386783374412	20.214743129234865	7.2530949925753765	37.4447124004364	0.13316235453358255	0.589432521518008	-1.1385578643030592	1.2889829015368466	10.779946409260896	-7.264642467215539	31.732290947047947	34.29169817187696
21.78173699227351	20.233766842304114	7.236488789387365	37.47944355010986	0.010083423738889666	0.5477421060951748	-0.47813571805543925	0.7271429399397799	-3.5437620681107926	-1.2003753349601554	19.015268784846725	19.379876096098442
21.790400046741293	20.244693122093977	7.234304517701035	37.51191234588623	0.2668116959881453	0.33651632370722356	-0.06727295035438034	0.43469226711189407	7.906923127593124	-6.505500969077964	12.654080876017904	16.27779896119692
21.795222275567827	20.260881271138874	7.2259026498319665	37.54696321487427	0.13757801063875005	0.46184729543858066	-0.23970498055086262	0.5382277501356996	-3.687032278529323	3.575688002888963	-4.919479464413093	7.112034161736241
21.80025661708223	20.277667212094023	7.186911561916936	37.577317237854	0.1658541774764002	0.5530054769464597	-1.2845443235339464	1.4083241050420314	0.9315459389529123	3.003166386503548	-34.42177479014363	34.56508883085319
21.811648972564168	20.28901460135022	7.1632293227096495	37.61608672142029	0.2938485229615803	0.2926886874001044	-0.6108474250577258	0.7383415191348461	7.579376765726933	7.549460567346505	-15.755882432977167	19.04439913088779
21.833545479244897	20.29006936816038	7.176750801414146	37.64792203903198	0.6878055041827464	0.033131970694480824	0.4247320183647052	0.8090558858881989	12.374840610242588	-8.153105926930612	32.52926375837453	35.745808384292545
21.85812265750698	20.285691281405434	7.215779437096737	37.67714834213257	0.8409266877680693	-0.149799539814512	1.335394201184775	1.585205118868577	5.239156764313892	-6.259139579830243	31.158993311125023	32.21037807979887
21.877402449133516	20.28070116884828	7.274216721297664	37.716862201690674	0.48546758842034426	-0.12565166449892048	1.4714581974946943	1.554559856413496	-8.950505020234857	0.6080465506068651	3.4261086135645824	9.60309746680183
21.89865428017695	20.27291467975773	7.322552637412498	37.7449517250061	0.7565749979017596	-0.27720260693335447	1.7207809321663516	1.900087900400398	9.65154895784561	-5.395283527335135	8.876004475829014	14.179031598842046
21.919270781089946	20.26358908250614	7.369700487239543	37.778804063797	0.6090126014732774	-0.2754786695593905	1.3927501469921484	1.5448423279034376	-4.3590015254183045	0.05092520740185098	-9.69004792255137	10.625465468236682
21.936256752215495	20.253501949228333	7.42930667977106	37.820090532302856	0.4114173902555781	-0.24432056416681422	1.443722233667385	1.5209505892911328	-4.785955746969654	0.7546808075424108	1.234595462385033	4.99991414815959
21.958619040431348	20.2455862484845	7.472151366428691	37.84519720077515	0.8906911819277538	-0.31528280036715234	1.7065062497207895	1.9506146739187948	19.089501747360266	-2.8264298100187357	10.466701957825922	21.953351277365154
21.989271599388513	20.235456605632926	7.508002100004832	37.87822484970093	0.9280878280511706	-0.30670190525328755	1.0854764036248479	1.4607094502634907	1.132283021642064	0.2598094442976403	-18.8033319444415	18.839184111879668
22.017285170972023	20.226775223599816	7.526917455629435	37.9166955947876	0.7281785554295772	-0.22566191565960306	0.49168155131876046	0.907148310186317	-5.196397214850455	2.1065354832902567	-15.434971456059394	16.421887212078722
22.04102217206164	20.22084578349647	7.516278517543784	37.94628357887268	0.8022513808767737	-0.20040027351295572	-0.3595695487417401	0.901697182054539	2.503476588137711	0.85378044256091	-28.77016215814665	28.891496442335878
22.040935446218338	20.23189997381267	7.461730273265747	37.98078989982605	-0.0025133320767655614	0.3203526197747915	-1.5808188984201317	1.6129539694104538	-23.322240410418583	15.09152175311526	-35.39204748395963	44.991976525742515
22.23315084540767	20.186672298449622	7.408904742010927	38.017648220062256	5.214979900264671	-1.22706827313906	-1.4332050651328743	5.545790175063561	141.5553720002757	-41.98294667248061	4.004898550484019	147.70419887681072
22.241970115578216	20.190696159604556	7.334692363995412	38.046525716781616	0.30540286286767393	0.13934245042218013	-2.569903435077211	2.5917351123830303	-170.01394148217383	47.31749212337913	-39.36277375394038	180.8123704749041
22.228694073444796	20.19945240292549	7.295902688761286	38.07788372039795	-0.4233701320993789	0.2792347187680723	-1.236994411657063	1.336925379888546	-23.24041427775928	4.46113439036114	42.506182463921085	48.64970835993668
22.22291087051271	20.205981315115146	7.2694345983159945	38.11404585838318	-0.15992425377195624	0.18054552505500474	-0.7319282520326256	0.7706435101169924	7.285130056055528	-2.7290751933245043	13.96671180865282	15.987182681461576
22.228908273208997	20.208551921354253	7.250613867489528	38.14726686477661	0.1805304338243435	0.07737893935734282	-0.5665310256882333	0.5996133261196207	10.248175012049105	-3.105462383525403	4.97869403429901	11.809165168640986
22.25783728450445	20.203029991239784	7.249653475398633	38.17939066886902	0.9005474946938453	-0.17189527425159615	-0.029896586597660545	0.9172936178779313	22.413816831851644	-7.7597974664481715	16.705195858712496	29.01132900041011
22.29819829078445	20.19464250777612	7.249266723751584	38.21273183822632	1.2105456124669778	-0.2515653657428845	-0.011599822516833874	1.236462845776946	9.297757809603059	-2.38954100972002	0.548773916258001	9.615578991112994
22.332800519209385	20.185765588653258	7.2728646155861565	38.2450213432312	1.0716246167200354	-0.2749165439829376	0.7308223471063924	1.3259184470946852	-4.302357553202961	-0.7231816726989745	22.99267732691961	23.402916119731174
22.36116957063296	20.175738642889808	7.3147958153484165	38.279489278793335	0.8230562974227096	-0.2909064787293258	1.2165277403014907	1.4973269486043876	-7.211581292684122	-0.4639075269699248	14.091513903394045	15.836441488671582
22.393227435386137	20.16411497149359	7.361595332960841	38.31488060951233	0.9058112283970268	-0.3284327308433329	1.3223441069229782	1.636140573817931	2.338282548101632	-1.0603232868513528	2.9898951091063957	3.9409800190884328
22.41678660766431	20.154970473788048	7.39684334460965	38.34480929374695	0.7871770136463712	-0.3055429244351503	1.177733420303091	1.4491584243223443	-3.963896769421922	0.7648116512153745	-4.831842438720145	6.296357344773672
22.450248807798417	20.14377139230438	7.430113640822285	38.38032054901123	0.9422984314430451	-0.31536709700407406	0.9368944005226266	1.3657063584473246	4.368232455941864	-0.27664954380829976	-6.782047494184299	8.07181255806927
22.435532755229705	20.16035877947685	7.261255247289771	38.41687226295471	-0.4026090976600136	0.45380600204192295	-4.6197120549152295	4.659374791035486	-36.79465020936198	21.04342084301001	-152.02040768949522	157.81912494652119
22.478736948706725	20.147369964433825	7.307682347240808	38.447752714157104	1.3990790870851335	-0.42061610298040236	1.5034462950929974	2.0963518216736072	58.343972143954765	-28.316364268491522	198.28590942135625	208.62199655351486
22.510483281861916	20.137774595178996	7.344974376922212	38.47775316238403	1.0581952947854547	-0.31984086311802534	1.2430490837776942	1.6635042784155152	-11.362623308864366	3.3591244737443664	-8.679777360178507	14.687799723291556
22.53505555464045	20.1306787187097	7.38513350388938	38.51182103157044	0.7212741320592521	-0.20828647751552656	1.1787977330613082	1.3975634961475392	-9.889704603557032	3.2744749896774845	-1.8859809037314066	10.587037714718884
22.559611093116047	20.12393442956416	7.426758094621949	38.54525709152222	0.7344028725577262	-0.20170705385945603	1.2449011872991136	1.4593876390241367	0.39265214015675665	0.1967762848122669	1.9770108778709723	2.0252082906837887
22.5896551522739	20.117588093220036	7.451271905655111	38.58039927482605	0.8549286451014324	-0.18059026922868382	0.697560843651067	1.118081823548817	3.4296609149654143	0.6008956372516836	-15.575023865644324	15.959480504512037
22.631916399553848	20.110228317776766	7.4518763085107045	38.614418745040894	1.2422664730830935	-0.21634009573901047	0.017766380598415614	1.2610886850060308	11.38576895923128	-1.050863704947642	-19.982511742820616	23.022615508915024
22.658859541220586	20.105055264850403	7.478614244058244	38.64436674118042	0.8996642560394081	-0.17273452628556252	0.8928121742426048	1.279197626890328	-11.439904541443006	1.45604297697554	29.218842875743345	31.41229466412006
22.700425954027462	20.100059231464574	7.460198566164393	38.68049383163452	1.150560764357295	-0.13829049954013742	-0.5097470530389914	1.2660001551435291	6.9448301859969535	0.9534126970226194	-38.822922345864185	39.45071560258672
22.69850513638272	20.110776828396023	7.434810080258629	38.71697044372559	-0.05265888290134139	0.2938210627865041	-0.6960209419223563	0.7573301304450339	-32.986058141982724	11.84626360715145	-5.106666387171399	35.41880905375351
22.697210665124462	20.119530416682267	7.410583694906411	38.744577169418335	-0.046889706250064146	0.31708172796981465	-0.8775537389639647	0.93425908159042	0.2089772150267721	0.8425724021819078	-6.575672865447248	6.632727445229312
22.82754779171177	20.10809473691564	7.1936446512203	38.78423142433167	3.2868383701106847	-0.28838468385346655	-5.470763330699883	6.388718464421766	84.06987052578546	-15.268636698546079	-115.83144360609468	143.93678377929115
22.82754779171177	20.10809473691564	7.1936446512203	38.81784248352051	0.0	0.0	0.0	0.0	-97.79038356525369	8.580053435187699	162.76676375962188	190.07786777942002
22.88609720595138	20.132349070707203	6.960341825731564	38.84707546234131	2.0028548783386335	0.8296908070930475	-7.980809171685545	8.27001387749257	68.51354049877047	28.382013758470606	-273.0070452487307	282.90014261591523
22.9153851009372	20.140243897421275	6.857904527136624	38.87841796875	0.9344464863122426	0.2518888123089749	-3.268318661539261	3.4085986978395546	-34.088160598736195	-18.43509217960456	150.3546158273893	155.26868910787383
22.9153851009372	20.140243897421275	6.857904527136624	38.91880345344544	0.0	0.0	0.0	0.0	-23.138176831581124	-6.237112522197999	80.928053388156	84.40157951661986
22.97731837097457	20.157571408429543	6.673101198873665	38.94715762138367	2.1842739371615876	0.6111098391608449	-6.517677706698575	6.901060103815802	77.0353741968526	21.552733992838665	-229.86665385133202	243.38785461280366
23.003638703956895	20.16348262290184	6.642382118163617	38.98111081123352	0.7751947047897131	0.17409894323436476	-0.9047480029385354	1.2040789929197342	-41.50064363917058	-12.870982015504666	165.31376664700198	170.92866068488428
23.03205995638356	20.170302085212658	6.592545502207982	39.01457047462464	0.849418360682217	0.20381144397970416	-1.4894535959037982	1.7267086235123494	2.2183025281779005	0.8880095534142338	-17.474939485507004	17.637543397412443
23.077347837552324	20.17154893776289	6.535681938382577	39.04673099517822	1.4081824668637375	0.038769663201005534	-1.7681170219451545	2.2606898836548464	17.37422456364097	-5.1318131030785725	-8.664767275053363	20.081767273912668
23.105609878708254	20.170687968803794	6.526025145667851	39.07988452911377	0.8524593852007958	-0.025969145876553607	-0.29127491306055014	0.9012227665416068	-16.76210695195607	-1.9526970851257235	44.545541110510385	47.63492928727032
23.136996519236963	20.167958689528	6.522736597387003	39.11422181129456	0.914068864374623	-0.07948442924002488	-0.0957719444285914	0.9225030778541384	1.7942444847393548	-1.5585183207483255	5.693606372297994	6.169720103035315
23.175677750530472	20.163257299434136	6.517986846915728	39.147050857543945	1.1782624143166123	-0.143208244861885	-0.14468134210155825	1.1957188671004326	8.047554837111916	-1.9410803206949285	-1.4898208525898542	8.411331514125695
23.21657281742459	20.16037543337435	6.509787791504705	39.17890524864197	1.283812544659134	-0.09046997793541725	-0.2573916853658715	1.3124823604251905	3.313519006460441	1.6556043015916184	-3.5382984693532675	5.122498400961287
23.278123391594807	20.156795477761225	6.475482650768992	39.214247703552246	1.7415477879640904	-0.10129334881277596	-0.9706496286916397	1.9963491032270737	12.951427524403165	-0.3062427583153272	-20.181335595856925	23.98165060998701
23.322333085023384	20.156716302947334	6.4555093006372255	39.24767184257507	1.3226875761372336	-0.0023687914245685143	-0.5975726141554644	1.4514134712166615	-12.531667952338113	2.9596740643235875	11.16190350576812	17.040846871759822
23.371478951422503	20.151478724767166	6.444577215853601	39.27895736694336	1.5708819778944678	-0.1674121909708884	-0.34942948869688195	1.6179610618708575	7.9332025519389	-5.2753918266948725	7.931563573539556	12.396578656078802
23.41258476384272	20.1460375683271	6.460257015068605	39.31473517417908	1.148919276952768	-0.1520818870820945	0.43825489672129664	1.239036625702532	-11.793978824964015	0.4284864018577789	22.016005067851555	24.979712093375735
23.451968602386284	20.137627656314866	6.492809112146389	39.34590673446655	1.26345419287171	-0.26979438740550293	1.0442883441693822	1.6612175217979868	3.674340163362336	-3.776278737343287	19.44187079052259	20.143172455538974
23.48246589409765	20.13388037232804	6.538129885930852	39.381778717041016	0.850170230989059	-0.10446269533743176	1.263403094333743	1.526397476134322	-11.521079467095474	4.608936562814069	6.108241988284966	13.830697325681767
23.509754927871448	20.130817272793433	6.590816108550708	39.416971921920776	0.7754063282111401	-0.08703667497951625	1.497056684660045	1.688196989011264	-2.1243846087150438	0.49515298244227346	6.639167734924698	6.988328459240592
23.53630417994388	20.123828837759486	6.648365580894327	39.44595789909363	0.9159343469468303	-0.24109709989324857	1.9854246072311252	2.1997668991265233	4.848138046120783	-5.314998490305381	16.848420174307197	18.320014023908225
23.5539486736762	20.117626828961797	6.720360286404388	39.48000931739807	0.5181720648040455	-0.18213657775542436	2.114293885393481	2.184471253075217	-11.681225098658544	1.7315144294630003	3.7845495012916928	12.400482932236796
23.571118978568123	20.10927636450854	6.796195725006849	39.51408886909485	0.503830127951685	-0.24502858862570653	2.2252475407307886	2.294691792943911	-0.42083701628377723	-1.8454471299934798	3.2557252021539784	3.765969396558656
23.58579654129666	20.102090157962532	6.8669636384000015	39.54755425453186	0.4385893823384308	-0.21473550811275763	2.114660042578952	2.1703131295793394	-1.949499303871752	0.9052063831736318	-3.30453382525605	3.9420667084913865
23.601524294529042	20.096575693659034	6.931747693217216	39.58281254768372	0.4460724506612237	-0.15640190748165148	1.837413244543063	1.8972426358073116	0.21223569418298913	1.6544646781355776	-7.863307416548694	8.03827723385013
23.62194311258366	20.091997918516824	6.982398552728528	39.61324071884155	0.6710497962137559	-0.150445293555916	1.6646041343920353	1.801068721505847	7.393718945038891	0.19575984027560348	-5.679247341375639	9.325194481500855
23.648519388885852	20.086897344927987	7.0181949529961	39.64748215675354	0.7761436996454674	-0.1489590945902363	1.0454117131290415	1.310524133432076	3.069202400373495	0.04340352088892288	-18.083131405127872	18.341797312564708
23.681830860296294	20.08022659548121	7.048390368434525	39.68054747581482	1.0074444268542235	-0.20174459633713507	0.9132050225332593	1.3746230641637143	6.995266756086374	-1.5964007983431965	-3.9983491570356886	8.213954497032837
23.702845920644744	20.076285570623632	7.101565508216891	39.71313714981079	0.6448380045485461	-0.12092863702980126	1.6316560818908004	1.7586191619947948	-11.12642066780104	2.4798026306529866	22.04535889025299	24.81822931967388
23.724240241910966	20.06997517434898	7.1658549284456505	39.75094270706177	0.5659041374312476	-0.1669171606904465	1.7005283059833527	1.799973708348368	-2.087890586912579	-1.2164487711514234	1.821748681955304	3.0261862097299708
23.74238306678526	20.063822415979057	7.234491559675778	39.78465580940247	0.5381535253249833	-0.1825034761779493	2.0359037426008477	2.1137220216416543	-0.8231402683092168	-0.4623221953882251	9.947925682667337	9.992623634538287
23.746146468201502	20.06063252408595	7.321690198975117	39.81726956367493	0.11539307571904336	-0.09780817830598361	2.6736768349600353	2.6779525424229136	-12.962642879878784	2.596919605281409	19.55534119228531	23.604776444911693
23.74594743458926	20.056625813549612	7.413865763705876	39.85012197494507	-0.006058417161643148	-0.1219609271109813	2.805747315556538	2.8084033134350546	-3.6968821521806983	-0.735189530119796	4.0201152819652215	5.510786529398528
23.741059770626517	20.051691394102722	7.5182400116737815	39.88272261619568	-0.14992539334338767	-0.1513595824375915	3.2016010717565755	3.2086814689896697	-4.413010623803329	-0.901781504867172	12.142514411204298	12.951004936862066
23.73035522632698	20.04790959378361	7.625974505137837	39.91560626029968	-0.32552792098343897	-0.11500551177203934	3.2762334102423107	3.2943740002412767	-5.340117630657302	1.105536556428237	2.2695884388509127	5.906784156258115
23.716589231633474	20.044036768027386	7.737293995138239	39.95007276535034	-0.39940210570447987	-0.11236491052786411	3.22978758179234	3.2563285673683358	-2.143361637986212	0.07661354814751448	-1.34756420419489	2.5329425637740184
23.716589231633474	20.044036768027386	7.737293995138239	39.983338594436646	0.0	0.0	0.0	0.0	12.006377615549125	3.377787766429885	-97.09024757546524	97.8880928811433
23.716589231633474	20.044036768027386	7.737293995138239	40.015321016311646	0.0	0.0	0.0	0.0	0.0	0.0	0.0	0.0
23.716589231633474	20.044036768027386	7.737293995138239	40.04813313484192	0.0	0.0	0.0	0.0	0.0	0.0	0.0	0.0
