x	y	z	Tiempo	vx	vy	vz	Módulo Velocidad	ax	ay	az	Módulo Aceleración
22.532831714940883	21.585575460101932	4.690174143664508	0.0339686870574951	0.0	0.0	0.0	0.0	0.0	0.0	0.0	0.0
22.533676572723774	21.583066651080767	4.687272355239904	0.0719187259674072	0.022262369345558634	-0.0661082068221563	-0.07646338470144524	0.1035014845213356	0.5866230967089726	-1.7419799484023621	-2.0148433808713153	2.727309048800534
22.53945702361141	21.58060193715205	4.688212438929435	0.102238655090332	0.19064856201342098	-0.08129022725364059	0.031005471210683252	0.20956219718673086	5.553647305215699	-0.5007274380468523	3.5444956179291207	6.607357682422021
22.53978261991768	21.580530686816576	4.693071928633079	0.1333937644958496	0.010450815692349433	-0.002286955071991353	0.1559772954218213	0.15634374435596352	-5.783890660616917	2.535804678241883	4.011278618363811	7.481580895392878
22.534606254042846	21.579502216602325	4.707511318078077	0.1714162826538086	-0.13613948064487705	-0.027048976871513704	0.37975889405883145	0.40432959693403514	-3.8553547592044946	-0.6512462351034236	5.885501788896313	7.065904986989199
22.53197755473976	21.578055064923316	4.721242344509712	0.2009849548339843	-0.08890149977200576	-0.04894205834443228	0.46437751238760583	0.47533701281091373	1.597568554483213	-0.7404147653135665	2.861765919455351	3.3600808753248868
22.532592441172607	21.576480326975762	4.726401532985332	0.2336058616638183	0.01884945860191575	-0.04827388630757711	0.15815588765001398	0.16643003030458794	3.3031257817571156	0.020482938758896736	-9.387281179367202	9.951487698901628
22.537137249234334	21.571334947660752	4.729077187463689	0.272935152053833	0.11555784547998983	-0.13082817574345565	0.06803210665189491	0.18734458827474182	2.4589405483559736	-2.0990536217973106	-2.2915181053203177	3.9627603958024515
22.53432540873699	21.571716996173073	4.727224909987235	0.3011496067047119	-0.09965957280186075	0.013540878852658403	-0.06564994785026186	0.12010537666521784	-7.6279134558833785	5.1168472466511705	-4.738069764463529	10.335206554729899
22.53833446758462	21.567389469996165	4.721680018905004	0.3342559337615967	0.12109645508969866	-0.13071598578339688	-0.1674873528768103	0.2445465880937573	6.668091797445443	-4.357380520895196	-3.0760707719574834	8.538877245699647
22.540292877031415	21.564260317800017	4.7204431690202355	0.3682286739349365	0.05764649647935843	-0.0921077363846004	-0.03640712755160603	0.11459682628589081	-1.867672677758642	1.1364479050498952	3.8583942495186085	4.434740269379561
22.539126928704647	21.562190191339443	4.724169568294428	0.3998265266418457	-0.03689960636197228	-0.06551478291183721	0.11793204141931776	0.13986326938471494	-2.992168604566515	0.8416063496285741	4.884482828707408	5.789606783696643
22.53423974954192	21.566701114095178	4.736587118231468	0.433586835861206	-0.14476109004129062	0.133616156369441	0.36781505336210074	0.417249282698785	-3.194919897755668	5.898374271023677	7.40168018957256	9.989154209584516
22.535419650018923	21.56465970866157	4.747741209757589	0.4699146747589111	0.0324792366626695	-0.05619396847021378	0.3070397762313623	0.313824930645776	4.878911933160903	-5.224922004695565	-1.6729670405628716	7.341826089298321
22.529116883656965	21.566927164698775	4.7653370518176414	0.5016129016876221	-0.1988365587808255	0.07153258263642014	0.555104930620432	0.5939649581293088	-7.297436413832295	4.029454120379973	7.825836913432598	11.433844590417387
22.52494306194939	21.56901914442724	4.785109817027929	0.5410609245300293	-0.10580559954167615	0.05303129479575898	0.5012358994335118	0.5150189996524495	2.3583174145584724	-0.4690041859530661	-1.3655698639732632	2.765213736339962
22.522761536102358	21.56808215139483	4.805662529049782	0.5671970844268799	-0.08346772653831143	-0.035850447659839475	0.786370763837005	0.7916003374105395	0.8546731077374699	-3.400719264282919	10.909592898452235	11.459257168137645
22.522863066724277	21.568580891146205	4.826793837973019	0.6046969890594482	0.002707490136670282	0.01329976052637753	0.5635030043485844	0.5636664350861952	2.29801162214528	1.3106755515194153	-5.943155367250236	6.505368823989982
22.52276490752906	21.569392328198113	4.850622498845667	0.6517252922058105	-0.0020872365926701583	0.017254227722883098	0.5066876599499699	0.5069856503654548	-0.10195406613796396	0.08408696321018441	-1.208109597783972	1.2153164399619243
22.519575730495898	21.570415099229876	4.863715556070777	0.6823158264160156	-0.10425372146971348	0.03343423245686328	0.42801008753687225	0.4417910381318132	-3.3398071499830277	0.5289219411076022	-2.571958105486455	4.2484160242660165
22.516943856639752	21.572586609525437	4.9045527630899866	0.7072920799255371	-0.10537504574664851	0.08694299546299997	1.635041340513362	1.640738604992861	-0.044895615609745095	2.1423854857069737	48.32715413127688	48.37463857863809
22.5105026611147	21.57298299638942	4.954923466436078	0.737511157989502	-0.21314996809031136	0.013117106456519883	1.666851094512935	1.6804753906730265	-3.5664530239981262	-2.4430225452349186	1.0526381358240362	4.449268858352188
22.503876963329645	21.573830737017296	4.984174768208014	0.773829460144043	-0.18243412802891307	0.023341967481531646	0.805414902036614	0.8261478214812573	0.8457399778959045	0.28153466485033113	-23.719065632824805	23.735808652160443
22.49576319694823	21.575896139676917	5.014571939346232	0.8075244426727295	-0.24080043295790649	0.061297039043210245	0.9021275233586824	0.935722311323958	-1.7321957320886794	1.126430961326815	2.8702380611039406	3.5366107069214725
22.49231775931894	21.578873018762266	5.031626301618077	0.8358297348022461	-0.12172415015267136	0.10517040671149103	0.6025149711866468	0.6236199753714567	4.206855815526561	1.5500058246185657	-10.585036564932723	11.495353539145452
22.48730387553034	21.57834011316856	5.035789660703757	0.8694636821746826	-0.14907211850811533	-0.015844277443966995	0.12378443242411331	0.19441225104087154	-0.8131061172396314	-3.597992314593178	-14.233551996185248	14.703764575164863
22.483207623650323	21.577847087687232	5.043884556574229	0.903662919998169	-0.1197761160982579	-0.014416271025519239	0.23669813673194443	0.26566925827095395	0.8566273482778729	0.04175550419626817	3.301643881381696	3.4112177085922637
22.48100047517145	21.574876326577055	5.051307914628783	0.9358398914337158	-0.06859404040852735	-0.09232569063026028	0.23070406329022553	0.2577858420250065	1.5906430408546208	-2.421278825473057	-0.1862845747843461	2.903005059745161
22.47581318214821	21.579770003546177	5.061114945855196	0.971306562423706	-0.14625824410475602	0.13797959697155757	0.27651400463214465	0.34189155869477905	-2.1897799124746684	6.493569347594449	1.2916335270047778	6.973513899403841
22.466344715441146	21.581421453906838	5.063074832202705	1.0027179718017578	-0.3014339978543548	0.052574857141412606	0.062394091392755924	0.31228127274402273	-4.940107967840039	-2.718908241341766	-6.816628654332262	8.846669145492923
22.455878106877403	21.583790197687595	5.06448874130476	1.0407845973968506	-0.2749549874757447	0.06222626102855953	0.0371430112323032	0.28434478363913124	0.6955964697334129	0.2535397802213154	-0.6633390736821149	0.9940601568988197
22.444493924372125	21.578736245137957	5.0523596287003185	1.0751008987426758	-0.33174270124723165	-0.1472755615095574	-0.3534504631547871	0.5066266285471964	-1.6548320053261085	-6.105023394766412	-11.382155391714688	13.021645094903969
22.430248910515974	21.582905202175162	5.01212751376909	1.1051268577575684	-0.474423276508349	0.13884509184659943	-1.3399110719918672	1.4281866424488092	-4.751907347583775	9.529109568631723	-32.85359206504629	34.5361124648893
22.423425498351953	21.58299009757422	4.9908537161013085	1.1387696266174316	-0.20281957743856954	0.002523436742460734	-0.6323438405559325	0.6640789722724095	8.073167229520454	-4.0520343516307324	21.031777568108588	22.88953208733184
22.409991857726812	21.585727846489956	4.98228187744716	1.1723473072052002	-0.40007649099011683	0.08153478345767028	-0.2552838225899131	0.48153810818311404	-5.8746438139447505	2.353091259793306	11.229483733411064	12.889910136869792
22.40111752653966	21.58521739075286	4.985049831854171	1.2024285793304443	-0.29501183162077	-0.016969220416310795	0.09201586939166534	0.30949451603814065	3.4926933585756434	-3.2745956841139283	11.545379149378636	12.498706472846017
22.388066586909584	21.586616213422015	5.000144354896668	1.2448298931121826	-0.30779564277787824	0.03299007847625643	0.35599187138861327	0.47175917106685245	-0.30149563815199704	1.1782488427064748	6.225656199139733	6.343340213566573
22.37568146002138	21.591187881760202	5.020600685362046	1.268547296524048	-0.522195734209624	0.19275585353073516	0.8625029523739512	1.0265254730160733	-9.039779258655464	6.736225390278193	21.356093337432466	24.14905928169819
22.366931585007066	21.596825132920575	5.049848089650762	1.3023695945739746	-0.25870137509276525	0.16667262384274503	0.8647373471058278	0.917865373839289	7.790551627447178	-0.7711844313324765	0.06606277103283469	7.828906972034219
22.35315474963335	21.599740448582097	5.0651886327136575	1.338900804519653	-0.37712507727505074	0.07980342468417093	0.4199297829364658	0.5700288879505164	-3.2417131093763456	-2.377944757037822	-12.17609722839145	12.822662315847987
22.34676731672132	21.600756983945978	5.0743386513919715	1.372049331665039	-0.19269130371968224	0.030666079353170506	0.2760309270509358	0.33802872605842954	5.5638602809247395	-1.4823387209781351	-4.3410331703247245	7.210994265371631
22.333716932400108	21.60331680509442	5.083192940220949	1.4030442237854004	-0.4210495158535479	0.08258848388634436	0.28566929010733644	0.5154711396204268	-7.367607902847042	1.6751922972193445	0.31096617529663734	7.5620510051794705
22.326791774258492	21.594279508188674	5.078540480917526	1.4388062953948977	-0.1936453295333425	-0.2527061911968624	-0.13009479300375326	0.3439238111646115	6.358809098179143	-9.375706159991104	-11.62583889577235	16.232635312112272
22.315223412506157	21.596159030359097	5.0732301273539555	1.4738562107086182	-0.33005391450423055	0.05362415725116853	-0.15150831367319617	0.3671047613863917	-3.891837790475065	8.739831343561514	-0.6109435779737953	9.58667332064348
22.29902082451286	21.599807054009727	5.0602498021669415	1.5061795711517334	-0.5012655791718407	0.11286028434605447	-0.4015772187380579	0.652126435022034	-5.29683988052293	1.8326104180638505	-7.7364760853052195	9.55343058187968
22.289941951323996	21.595826668514903	5.038195512003879	1.5346930027008057	-0.31840689442227604	-0.13959685939496974	-0.7734702196439011	0.8480132158431034	6.413071833702677	-8.85397267272232	-13.04273041516616	17.018611550777127
22.27874288509704	21.595616060757028	5.021410040920112	1.56898832321167	-0.3265479389064159	-0.006141005674767301	-0.4894391081270042	0.588406244799359	-0.23738062111304417	3.8913721094376585	8.28192031116665	9.153651211068947
22.268208103008767	21.592831751879782	4.9961721924481335	1.6033616065979004	-0.30648169306082085	-0.0810021215011726	-0.7342286213509825	0.7997399829195002	0.5837744861357463	-2.1778866739391494	-7.121505108296932	7.469927578141845
22.253549917435443	21.58840756620356	4.9586183392307905	1.6350741386413574	-0.4622205995168664	-0.1395090644341682	-1.1841959880681021	1.2788396302248444	-4.910957795568954	-1.8449155322199136	-14.188944802657517	15.127702218240136
22.241934727231524	21.58494903398793	4.9321867410372375	1.675987958908081	-0.28389405164802406	-0.08453212613940798	-0.6460310482189455	0.7107022078013049	4.358589510984394	1.3437253704581213	13.153622329588746	13.92194960434535
22.229532580929046	21.584766815522666	4.9002773105803366	1.7036945819854736	-0.4476238864561273	-0.006576711451029698	-1.1516896291463867	1.2356372439931307	-5.90941141945587	2.8136021654687533	-18.2504587266009	19.388572515822016
22.214607441129854	21.58100404361425	4.869588939885724	1.7379038333892822	-0.43628957626155107	-0.10999281638759924	-0.8970781129456631	1.003591627474797	0.33132295298675635	-3.023044956928113	7.44276784064258	8.040110001765385
22.20067189994831	21.577796238282826	4.845580036760634	1.7690136432647705	-0.4479468449764531	-0.10311234122815571	-0.771747021958092	0.8982661057499018	-0.37471359553652883	0.22116738054592605	4.028667853940203	4.052096983818209
22.18694657198455	21.575046592214477	4.829878481167914	1.800954818725586	-0.42970641392330017	-0.08608468626090175	-0.49157726245803307	0.6585638771912672	0.571063237028637	0.5330941870985001	8.771429211920006	8.80614972917946
22.159675551029586	21.58277521108209	4.806036058574902	1.835752010345459	-0.7837132735559081	0.22210467304492004	-0.6851823806204986	1.0644303056794666	-10.173431910822105	8.856730815305554	-5.563814467484083	14.59097080414808
22.14411196509461	21.58540310156186	4.797814965019311	1.8727993965148928	-0.42009943329869875	0.07093322232640213	-0.22190751914297013	0.48037277497760245	9.814831162291588	-4.080488972343287	12.504927050960383	16.41202307905841
22.130069051381188	21.583321778544978	4.796456147581612	1.901505708694458	-0.48919253805850427	-0.07250401945962419	-0.04733514459118799	0.49679652579641836	-2.4068958885283056	-4.996714342434175	6.081323628747156	8.230601382381504
22.11258407331331	21.58627905762834	4.805216216061186	1.93607497215271	-0.5057955049864727	0.08554648805094112	0.2534062807023289	0.5721556060913484	-0.48028118817224086	4.5719952263789825	8.699676973352684	9.839623458772559
22.088119835522	21.58811597198019	4.8095331531482115	1.9717299938201904	-0.6861372296857444	0.05151909228896461	0.1210751497302379	0.6986398977393907	-5.057961438956415	-0.9543507245435653	-3.711430389980241	6.3457446184885
22.07216761292583	21.588570853465708	4.8093879396683095	2.0027554035186768	-0.5141663801122259	0.014661578684621557	-0.004680469373757363	0.5143966709853341	5.542903421575401	-1.1879783043168408	-4.053310506649995	6.968816029696798
22.03940460914843	21.598477415782295	4.807279801246099	2.035499334335327	-1.0005824884268513	0.3025465199049811	-0.0643825701323057	1.0473035988623005	-14.85515318971054	8.792009207213727	-1.8233028005357752	17.357979009433667
22.02685540455668	21.597836860628686	4.828849803052603	2.070104122161865	-0.3626435929806794	-0.018510593297665866	0.623324203420267	0.7213779038504566	18.434989361701874	-9.277823485351222	19.873168331498498	28.650823040943706
21.999008327525093	21.60249833046072	4.844110200074786	2.1028902530670166	-0.8493553909165906	0.14217810102444353	0.4654528180324203	0.9789103729679814	-14.845051382974631	4.901117938770255	-4.815188039252284	16.35795046655451
21.964320767833684	21.60825894126729	4.8534499454610165	2.136225461959839	-1.040568241313121	0.17280860081282856	0.2801765969506721	1.0913954383371907	-5.736062762087634	0.9188632921685511	-5.557973903131648	8.0397636574837
21.93029810222337	21.619181765427243	4.859572914829949	2.171748399734497	-0.9577661010510086	0.30748650996269733	0.17236663836120775	1.020575384844958	2.330948549001565	3.7912942337203592	-3.0349392630013603	5.386844107159682
21.90418631318853	21.620296887192588	4.861996312130878	2.2021970748901367	-0.8575673293294876	0.03662299786919808	0.0795895811079476	0.8620310143650145	3.2907432329765025	-8.89574047832851	-3.046998162613855	9.962298303409971
21.87540445703256	21.62564643740374	4.865405207701433	2.236285448074341	-0.8443305874539822	0.15693181315066912	0.10000170885639449	0.8645935904593223	0.3883066464913952	3.5293211157762094	0.5988002900034396	3.6007570561315885
21.856399938662683	21.62356005648922	4.863077714727013	2.2725086212158203	-0.5246508442440527	-0.05759796101713139	-0.06425425418499475	0.5316997674065678	8.82528269849063	-5.922445649084797	-4.534554783476388	11.555222380334794
21.826947974922376	21.62825331964807	4.851600949157562	2.3034932613372803	-0.9505343171602171	0.15147063643312866	-0.3704017708278181	1.0313371483821772	-13.744986911150132	6.74749155164333	-9.880621993436858	18.223062267477843
21.803757126757244	21.625241893960183	4.859617354846019	2.3377699851989746	-0.6765771506841449	-0.08785628696717059	0.23387315896360164	0.7212295213530489	7.992513157951792	-6.982199476413703	17.629308221802436	20.577266205397045
21.773676845621125	21.627469661108815	4.866530268355623	2.3716986179351807	-0.8865751051624113	0.06566038678755393	0.20374866159068158	0.9120527509891223	-6.189402211135157	4.5246937873480295	-0.8878783182080157	7.718152726424537
21.75244680709125	21.632065118063956	4.88068982994266	2.403088331222534	-0.676337446459846	0.14640009333860232	0.451089229691734	0.8260428693217189	6.697661006902769	2.5721708832421006	7.879669554060645	10.656637288430838
21.73399189332125	21.62803911249472	4.899815302427024	2.434993267059326	-0.5784344423823773	-0.12618754633552548	0.599451839746668	0.8425272750244096	3.068584891638281	-8.543745114189711	4.6501460091904	10.199786846803255
21.692818918437613	21.63990722482725	4.890837624702747	2.475758552551269	-1.0100008962717588	0.29113281531851554	-0.22022850118520026	1.0739463298318592	-10.586616742195485	10.237150472956277	-20.107312656840698	24.92347740850038
21.346296286749517	21.801504370412392	4.420538930389993	2.5029566287994385	-12.740703736773263	5.941491747822326	-17.291616143050113	22.285126087510932	-431.30634437025884	207.74847753741835	-627.6689382769831	789.4003348687577
21.267550046404565	21.83300759692353	4.36643571169852	2.5372631549835205	-2.295372021125513	0.9182866939688852	-1.5770532522344647	2.9324188186664997	304.47069049195386	-146.42126768825023	458.06336690851225	569.1780363854913
21.613065390732583	21.653025678460065	4.922908808079612	2.575722932815552	8.98381019872275	-4.679744101734381	14.468962842464125	17.662381953773963	293.2721626502548	-145.55546368863523	417.21551707286443	530.343041890387
21.32738531535775	21.779632193234352	4.54314197872656	2.609121084213257	-8.553769098563597	3.790824026954653	-11.37089370099545	14.725302582772832	-525.1062877238068	253.62386162699994	-773.6912212822498	968.8445605373898
21.283198402313417	21.794672869181294	4.530113273418307	2.6376447677612305	-1.5491306713599633	0.5273048244854207	-0.4567679797155278	1.698968275797749	245.57271557941033	-114.41436716896538	382.6338103535467	468.83391395823185
21.222815856161617	21.816391740194284	4.49682780358434	2.6721854209899902	-1.7481587783500083	0.6287915538003126	-0.9636606931988181	2.0928640338228455	-5.762140793108314	2.9381821079860315	-14.675249773829801	16.03739806027099
21.502981784086685	21.65504250244401	4.9918297755144465	2.7047247886657715	8.610060610784194	-4.958585531161476	15.212402922584504	18.169697764967886	318.3288468399996	-171.71129877611057	497.12286289518204	614.7757035463947
21.490223818838572	21.668373169205218	5.010645739291957	2.7362778186798096	-0.4043340763925698	0.4224845206712387	0.5963282692387691	0.8352165109912189	-285.6903024263032	170.54051701020953	-463.2225382742315	570.3316024978486
21.149860262600082	21.817780624319333	4.546968695215138	2.774986505508423	-8.792950216717111	3.8597913635156966	-11.978630174921648	15.352574499121614	-216.71146266123696	88.79936583908128	-324.8614064289328	400.4798606786363
21.13672261336444	21.819594084102366	4.570897516451808	2.8093647956848145	-0.38214958243221725	0.052750144749159546	0.6960445418865797	0.7958007824916196	244.65441972622574	-110.7396906371139	368.6825217826636	456.1204512428753
21.367091946219	21.860722315564185	4.871613821209419	2.835545778274536	8.799109508785122	1.5709200875434493	11.486058772892202	14.554094413716513	350.68428236997437	57.9875082072093	412.131752275854	544.2376303081136
21.148186114905673	21.80592215224884	4.668934316427658	2.873236656188965	-5.807926040096941	-1.4539370358992618	-5.377415332216792	8.047517222519993	-387.5482970188455	-80.25435571732183	-447.41526433517663	597.3398219555814
21.0621507654475	21.84707927307076	4.586816282808526	2.906878709793091	-2.5573750779476767	1.2233831295267248	-2.4409340340942056	3.740988175565101	96.62165694161446	79.58254263935989	87.28602993969565	152.60398653286228
21.044303908203123	21.85454562410603	4.605444575585904	2.938093900680542	-0.571736284065259	0.23918966448706933	0.5967701060853275	0.860365407040102	63.61129749428074	-31.529311116124276	97.31493076983622	120.4603269923391
21.243567318185427	21.9156472269221	4.871859615942477	2.9724583625793457	5.798531359783667	1.7780462559257144	7.752632389272124	9.843156169735257	185.3737056208841	44.780465236739694	208.23437609060613	282.36546564387265
21.251298343061826	21.91261442700569	4.927166465287014	3.0108189582824707	0.20153557927593702	-0.0790602924908284	1.4417620042337163	1.457924825364753	-145.90481920101615	-48.41182766787055	-164.51439998165358	225.15974135166417
21.202012780028276	21.921506498144872	4.947330687076013	3.0364766120910645	-1.9208912631381028	0.3465660268673742	0.7858949980159615	2.1041773223009135	-82.72100240526107	16.58866872759986	-25.562236169781013	88.15540872280566
21.17275252534179	21.939725607706116	4.963760908166967	3.0698673725128174	-0.8762979434102882	0.5456332629482352	0.4920589074171079	1.1435627274571154	31.28390328742852	5.961746110794637	-8.799922100828514	33.040333693342234
21.142789652246663	21.956565609398368	4.978842695624787	3.1047046184539795	-0.8600815674617801	0.4833907284374187	0.4329213475511917	1.0774171857698904	0.4654896077576436	-1.7866663345300084	-1.6975383176326784	2.5080856256723862
21.152824954407183	21.808290882825922	5.139725575904094	3.138930559158325	0.29320748981624484	-4.33223232206497	4.700612370864034	6.399215903964233	33.69634357870522	-140.70096983166175	124.69170855458677	190.99798078620188
21.130186199970932	21.830018953675697	5.134834896651974	3.1709492206573486	-0.7070487452119584	0.6786064698687686	-0.15274465024932757	0.9918445428762243	-31.2397891791545	156.49744734290556	-151.5790102987718	220.09900457739167
21.100571207243302	21.84914383099399	5.132755725086588	3.2037930488586426	-0.9016912567598807	0.5822974472123409	-0.06330478751268553	1.075232503075148	-5.9263040335917365	-2.9323324329358607	2.7231862920631884	7.150901801667681
21.07651929290843	21.87073417064557	5.121908336261394	3.2356417179107666	-0.7551937035581932	0.6779039845038004	-0.3405915897910969	1.0704550308800906	4.59980142221728	3.001900554619359	-8.706385872031246	10.294208809634737
21.048668014143033	21.898329735886534	5.121141637058119	3.275909423828125	-0.6916529792523052	0.6853026417149134	-0.01904005171908286	0.9738511580418714	1.5779573943520127	0.18373674493146666	7.985345346763379	8.14183327248254
21.021894660769625	21.920326800373463	5.122115888977985	3.304351806640625	-0.9413189306221162	0.7733903531198212	0.03425352672766869	1.2187646497743727	-8.777954822409837	3.097058076519333	1.8737381744025265	9.495006810940952
20.999887833891112	21.94582166349753	5.1136445511961535	3.337157964706421	-0.670813901291843	0.7771365081194261	-0.2582240128466697	1.0585896670708035	8.245556483259923	0.11419060385223051	-8.91532434208683	12.144350511132485
20.9741551131047	21.97445596031195	5.140987727548541	3.3715949058532715	-0.7472417679804557	0.8314994265116128	0.7940071168280456	1.371207080523319	-2.2193570085885037	1.578622159278464	30.555301796046617	30.67644147062735
20.952077388963595	21.981615767038836	5.141065922807163	3.4040510654449463	-0.6802321783865246	0.2205993197273533	0.002409257891436356	0.7151123554381054	2.0646185635320653	-18.822316456102183	-24.3897574110912	30.87721673270462
20.924637641266123	22.04453444315889	5.089640056452922	3.436477899551392	-0.8462049550503862	1.9403274434228186	-1.5859046302648268	2.645000361048553	-5.118377456122667	53.03410496535709	-48.98146648983351	72.37401561855292
20.89854710543581	22.07734622291996	5.079724202298199	3.472744941711426	-0.7194007086429882	0.9047272070405377	-0.2734122653556145	1.187780689185632	3.496404417207648	-28.554857928930083	36.189672130350296	46.23091091566663
20.872338714260692	22.110895340728142	5.089695542509693	3.505287408828736	-0.8053596883309702	1.0309334472780716	0.3064100879490435	1.3436201629560887	-2.64144016426642	3.878201360166764	17.81740613624953	18.424918272694224
20.85241363723133	22.14237455855707	5.084077703085344	3.5387051105499268	-0.5962431885831369	0.9419923037066804	-0.1681096884285814	1.1274379395416672	6.257656540612054	-2.6614979184816727	-14.199653235779545	15.743950856336271
20.832902127098947	22.17211924860819	5.101355074741025	3.5722010135650635	-0.5825043774328151	0.8880097974274517	0.5158055194951108	1.1806473156693138	0.410163927932117	-1.6116151952922175	20.41787640759028	20.485487911717048
20.807150348495767	22.206759982258742	5.1152317056204835	3.609947919845581	-0.6822222306592349	0.9177105374707396	0.3676229987256163	1.2011521434782984	-2.6417490346192283	0.7868390543735093	-3.9256865097306353	4.796766435014334
20.783849335509053	22.237725625692292	5.139371260360781	3.635010957717896	-0.9296962764618683	1.2355103795200886	0.9631535835072161	1.821671180480091	-9.87406423209366	12.6800208206363	23.761308897012604	28.685882816649233
20.756381221072964	22.272629424598033	5.156702514956519	3.672569990158081	-0.7313317902913047	0.9293050602761866	0.46144039049301144	1.2694019523082334	5.2814056508636185	-8.152641304899197	-13.35799035327152	16.516498181316088
20.733806609437902	22.309846152106775	5.1594945690785865	3.704813718795776	-0.7001241044024379	1.1542315073708147	0.08659216039931245	1.352746220255462	0.9678683951080995	6.975819999665778	-11.62546163024951	13.59228428242986
20.716347222400998	22.347199406690795	5.148013939603132	3.737526893615722	-0.5337111770105193	1.1418413159105447	-0.3509481894876944	1.3083630394087755	5.087030785237365	-0.37875233842223344	-13.375050030919782	14.31479300840289
20.696115836633144	22.387567426560626	5.140009158997627	3.7737607955932617	-0.5583551498371587	1.1140952993374604	-0.2209196406853231	1.2656122222055355	-0.6801357701391261	-0.7657474094367024	3.5885880820391014	3.7318786399660477
20.680648698050916	22.424893998995472	5.134247507165718	3.803038120269776	-0.5282975392432331	1.2749311232248373	-0.19679570778989044	1.3940144222863422	1.0266515443618203	5.493528717683594	0.823980099342361	5.649054289849507
20.659931673073533	22.46807385970353	5.153901216476546	3.83618426322937	-0.625020684990032	1.30271147266501	0.5929410651123682	1.561821738987852	-2.9180814752626314	0.838117106839171	23.825902575299978	24.018561016612413
20.6398934093651	22.51498701043304	5.121961866720307	3.8769025802612314	-0.49211915346974916	1.1521387461274561	-0.7843975901864407	1.4781354914317646	3.263924965668158	-3.697911345887252	-33.826021203702254	34.183730998486226
20.62683824191342	22.55422569891462	5.094878710565052	3.906543016433716	-0.44045125974905824	1.323822910474164	-0.9137232663396743	1.6677513657500813	1.7431556479136692	5.792228000547576	-4.363150238432994	7.458255615512154
20.60807331739676	22.59342752990575	5.103013914310767	3.9401471614837646	-0.5584110081869917	1.1665772461326658	0.24208929385346212	1.315801106344479	-3.510273755283713	-4.679353219887069	34.39494022156225	34.88882745576787
20.600895386078246	22.63585498892535	5.050071754064355	3.97567629814148	-0.20202943256584327	1.1941595831146077	-1.4901054522222907	1.9202206280294793	10.030684929231425	0.7763300653114039	-48.75420314215827	49.78141874782851
20.582333160262987	22.67821934375156	5.0714846546151024	4.004310369491577	-0.6482566027131209	1.4795086003747147	0.7478119436436629	1.7800014114039395	-15.583783552518204	9.96536656528022	78.1557525824338	80.31490834408484
20.5673469725865	22.716581034602665	5.061977077579685	4.043391942977905	-0.38345916859592866	0.9815799986795427	-0.24327518539507761	1.0815373519287355	6.77550596088016	-12.740751133506993	-25.35944796044232	29.17765962736327
20.55641595620219	22.752856581761574	5.043077568286718	4.071639776229858	-0.38696831317327957	1.2841886609621662	-0.6690604948136857	1.4988418655963371	-0.12422703525794417	10.71263270295963	-15.073202451347951	18.49262998938039
20.54425540240074	22.78928833557272	5.029435574336217	4.104720115661621	-0.36760668150141373	1.1013113661151417	-0.41238978150879074	1.2321066225419575	0.5852912033083737	-5.52827745991722	7.759010872132946	9.544981256156358
20.52909165047236	22.827305414618806	5.020731679673687	4.139133453369141	-0.44063589696697425	1.104719320433084	-0.25292212968428673	1.2159499884115548	-2.1221195132607895	0.09903004314509505	4.6338908820709745	5.097660530571651
20.515272824663477	22.86571277913658	5.025046187460434	4.174578905105591	-0.38986174902301	1.0835625626482714	0.12172246579977657	1.157979433843515	1.4324587628756562	-0.5968821597230811	10.569609840768342	10.682923691855237
20.500791819061327	22.906596292581483	5.0338749888271765	4.206308603286743	-0.45638649064590336	1.288493612876172	0.2782504049151814	1.3949651275577595	-2.096608081270987	6.458651105280003	4.933168233172274	8.393216806622206
20.483776518513608	22.951457219445523	5.022878851234739	4.241503477096558	-0.4834596265258961	1.2746437764334222	-0.3124357726599112	1.3985943226392028	-0.7692352024414162	-0.3935185708461771	-16.78330147643188	16.805528498416123
20.465815803413463	23.009114749385205	5.006893764226972	4.271475076675415	-0.59925780914325	1.9237388310884482	-0.533341137356016	2.0843065467567206	-3.8635970133219155	21.657004089728694	-7.370489656879572	23.2008044215291
20.450298269131384	23.04998966557436	5.005567204378522	4.305063009262085	-0.4619973034076377	1.2169524302718049	-0.03949513251602914	1.3022958924118742	4.086601799066579	-21.042867077122406	14.70307836201803	25.993904716475726
20.435688301263564	23.09163319647319	4.98952236517382	4.33952522277832	-0.42394165600932515	1.2083823599784937	-0.46557773188722495	1.3625993835446923	1.1042717085013805	-0.24868020416836337	-12.363761810322075	12.415468736721959
20.41989955801019	23.138652020825685	4.983592744519876	4.371241092681885	-0.49781838875558143	1.482501488859079	-0.18696068157594187	1.5749882885621498	-2.329330173534149	8.642964223086874	8.784783490361402	12.541891029323393
20.4071843004318	23.180311105962378	4.970385405298354	4.405551195144653	-0.37059806487569585	1.214192967855445	-0.3849402442284569	1.3265694405140984	3.7079552303272223	-7.820102586251024	-5.770299370785955	10.401888832231084
20.39449048512466	23.222427713431216	4.95889824482553	4.436815023422241	-0.40602242292385027	1.347135325043673	-0.36742654708921135	1.4541767634656306	-1.1330780649645866	4.252273778113425	0.5601904214590573	4.436159543301998
20.381616147786232	23.262215616006248	4.964754717664574	4.474038124084473	-0.34586955705950795	1.0689034999011515	0.15733436320059963	1.134431374938656	1.6160090050041598	-7.4747084523463805	14.097721601743444	16.03834486198924
20.395698557056924	23.29480876326306	4.950322549850194	4.517084836959839	0.3271425000897319	0.7571576336427577	-0.3352675930486507	0.8903450210435819	15.63445875874011	-7.242036509523882	-11.443427926203986	20.684183237107707
20.354613022695215	23.348003128399487	4.973125793618156	4.546220302581787	-1.4101554062948947	1.8257599115339023	0.7826627541790124	2.4360826158498976	-59.62828701374487	36.677027638993636	38.37008688083252	79.8310750013281
20.384846226876668	23.37295902378893	4.964611740859237	4.575462341308594	1.0338952240610289	0.8534252903018491	-0.2911579742596386	1.371877190727354	83.58003534532713	-33.251259610045544	-36.721814729499776	97.15842861537277
20.33298054674757	23.427099457266127	4.994527356979868	4.606019973754883	-1.6973068911755929	1.7717483045311122	0.9789899846859321	2.641659351157221	-89.37872134031446	30.052165063618492	41.56565339864274	103.05043423439153
20.335425140565086	23.428105031811803	4.979663088592378	4.639091968536377	0.07391733802772406	0.030405621200652558	-0.4494518242911318	0.4565032497368762	53.556619154839375	-52.65308896047753	-43.191885412861964	86.63831830024327
20.38280766602754	23.410153695088624	4.984237156379076	4.671741724014282	1.4512367633049381	-0.5498153496226699	0.14009500897466903	1.558207840240866	42.18467811219208	-17.77106634737186	18.056699801772137	49.20774608009666
20.32092864071735	23.529130163161366	4.954079203149677	4.71327018737793	-1.4900388865424232	2.8649378868395403	-0.7261995938862165	3.3099019364654447	-70.8255353464884	82.22681409038995	-20.86026143744122	110.5108859787606
20.315499858322358	23.561700325137135	4.966872555320197	4.73764443397522	-0.2227261619482026	1.3362530753828774	0.5248716968319734	1.4528143456139362	51.99392397774142	-62.7172128317855	51.32758814614134	96.28778853463477
20.31263454719888	23.596277998980074	4.946846399592064	4.775271654129028	-0.07614995505292067	0.9189537175905189	-0.5322252254158649	1.0646776231784743	3.8954832776942636	-11.090358418362188	-28.09394151167024	30.453905980607498
20.310126950416244	23.625201118519726	4.967337660062896	4.8073437213897705	-0.07818631590688792	0.9018165029559884	0.6389129925501781	1.107969276220367	-0.06349328334253815	-0.5343345814040293	36.51583193701937	36.51979636983971
20.308158794253426	23.652728717236958	4.975256871292874	4.835148334503174	-0.07078523821893348	0.9900371066109761	0.284816451057222	1.0326201785793145	0.2661816461091745	3.1728765041676	-12.735172399225455	13.127170830663324
20.30826581133269	23.68225174285896	4.988985526575165	4.873404741287232	0.0027973635858268876	0.7717145467593647	0.358858984320812	0.8510763406127606	1.9234059858288188	-5.706823463163998	1.9354283239805894	6.325599372652964
20.309722238821212	23.7076123741638	4.986993728373165	4.906670093536377	0.04378211532575204	0.7623737489656178	-0.05987605924272522	0.7659737261843428	1.232055245739327	-0.2807965995305835	-12.587723118858737	12.65099127246211
20.800215231319477	23.57698996854333	4.72920857387157	4.938894033432007	15.221384910936475	-4.053582710355845	-7.999802486490975	17.666887989101184	471.00394442049793	-149.4527508094871	-246.39837502691717	552.1711687512264
20.332116255538097	23.771848865431696	4.789228779497765	4.977885007858276	-12.005316170452167	4.9975385266874275	1.5393358721950094	13.094753247223554	-698.2821404700544	232.13375326535126	244.64990934566504	775.4596090366938
20.33355538743669	23.79804287612905	4.814536845116928	5.013746023178101	0.040130818543705385	0.7304313741187461	0.7057264105172406	1.0164596604861091	335.89252511590394	-118.99013774464424	-23.245562186214613	357.1033428443099
20.34520764673135	23.80695137305169	4.781953896897544	5.038250207901001	0.475521198784082	0.3635500231237811	-1.329689136277738	1.4582051395264624	17.768001064466446	-14.972191694755548	-83.06399783596066	86.25251371678316
20.355866274469864	23.82215989377339	4.769964713744517	5.074613571166992	0.2931144641530793	0.4182374608875527	-0.3297050128539823	0.6079013557202012	8.060708301622205	11.501616553678597	-9.06695594800326	16.717412833172673
20.357110297246283	23.84139112510198	4.817362812715762	5.104660034179688	0.041403301809371344	0.6400497562879003	1.5774934624157764	1.7028985724021948	-8.3773974406687	7.382309701698342	63.47497455736695	64.44960573555973
20.370124507053752	23.854019374196803	4.777147665852315	5.13908576965332	0.3780372337269997	0.3668258330892212	-1.1681710299043557	1.2814432866940957	9.778554540264508	-7.936618330433419	-79.75616074849435	80.74438195168486
20.387467878499976	23.861440650138725	4.729692898314575	5.175050735473633	0.482229610139881	0.2063473653499516	-1.3194720599717173	1.4199053310444805	2.8970520070405557	-4.462077582418655	-4.206900427023594	6.7824079710610246
20.395360151921725	23.872275734536558	4.751653330478712	5.205622673034668	0.258154178353687	0.3544127478410956	0.7183199337724204	0.8415672895785326	-7.329448169218586	4.843179539914335	66.65563769636127	67.23206999066505
20.41344981310057	23.87228927788537	4.716621538008959	5.239869356155396	0.5282164440589492	0.00039546454068809883	-1.0229251208432895	1.1512552154143503	7.885793341014159	-10.337272139681525	-50.84419558172598	52.48025491801486
20.427543983704265	23.88505761975088	4.717277396633136	5.274991512298584	0.40129001608657017	0.3635409458764026	0.018673643540087048	0.5417973803023889	-3.6138563775788604	10.33949851641302	29.65645845138151	31.614406769180285
20.44348069330836	23.888893301832603	4.691463132047898	5.306140899658203	0.5116219275873874	0.12313828318478548	-0.8287246322764994	0.9816845469476178	3.542025087910631	-7.71773325478837	-27.20433201569546	28.498860130462194
20.45585587130237	23.90555333390826	4.7217913385729	5.347697019577026	0.2977943565997816	0.40090441812661837	0.7298132401255512	0.8843264084933095	-5.145513378181167	6.684121026804913	37.50441271818777	38.44131573141301
20.475717183988404	23.910840827451928	4.663825220419252	5.374476194381714	0.7416700787419065	0.19744796403298986	-2.1645968771039805	2.2966366374701295	16.57540702353635	-7.597562493151018	-108.08436549444704	109.61157392433724
20.487654989239765	23.923030190217702	4.685696084596506	5.406278848648071	0.37537134955395235	0.38328130299075897	0.6877056233759151	0.8722082501966519	-11.517866594407023	5.843327962545369	89.68756118879098	90.61271635128013
20.502067723170242	23.93489423833439	4.6811219869877885	5.44495701789856	0.3726322680149972	0.3067375821191106	-0.11826044762084144	0.4969187910733107	-0.07081724890380008	-1.9789902768131158	-20.83775128489521	20.931633863834307
20.52308155924219	23.937170411414026	4.649249091940639	5.475489616394043	0.6882426359831817	0.07454894741346144	-1.0438972317362394	1.2525800980265163	10.3368328776495	-7.604614285940851	-30.31634481592927	32.92052604951374
20.54074421107496	23.940168751820206	4.624983564862613	5.507354736328125	0.5542942210575911	0.09409474724658363	-0.7615074767715716	0.9465672412122901	-4.2036061751119655	0.6133916920305253	8.862033331392915	9.82762377230684
20.566411825120653	23.93950631605892	4.5980965755600725	5.5450499057769775	0.6809258167819685	-0.017573492067301508	-0.7132741328838614	0.9862701375509931	3.3593587076508595	-2.9624018394559672	1.279562994222816	4.658153823272285
20.58750232870767	23.940793414146295	4.592577424776852	5.575109720230103	0.7016178898877129	0.0428178986061711	-0.18360561712137424	0.7265067504779675	0.6883633010446824	2.009040700089636	17.62048520254281	17.74800234792276
20.61349563003421	23.93502646351689	4.564712459983646	5.613090515136719	0.6843801292323497	-0.15183859746967962	-0.7336593365599342	1.0147350112670843	-0.4538546572747166	-5.1251295965358095	-14.482417253008943	15.369233777956154
20.630229751773097	23.94478393092034	4.559650830478566	5.637720823287964	0.6794117895777454	0.3961569357367734	-0.20550410794692897	0.8128792259202149	-0.20171650407683359	22.24882976865032	21.44330575849112	30.900913861478855
20.65966554972084	23.933529784522893	4.532229245307609	5.676447153091431	0.7600977964379558	-0.2906070999901613	-0.7080863410015837	1.0786970904881217	2.0834922201428805	-17.73377542390953	-12.977791482054243	22.07375822937121
20.698696073204914	23.920792394515004	4.47532814467282	5.713691711425781	1.0479523782693017	-0.34199331600452837	-1.5277695099503834	1.8839435476802624	7.728768837778326	-1.3796972849849487	-22.008132344874863	23.366542783551342
20.72705383710693	23.908105259231842	4.444828464986402	5.741337776184082	1.0257432350656956	-0.45891288304794936	-1.1032195704186254	1.574751929373346	-0.8033383194958216	-4.229157678157998	15.35661379814594	15.948564652271983
20.759272289262675	23.895710790129183	4.413212205941229	5.772421598434448	1.0365022646263027	-0.3987434042965348	-1.0171290644540996	1.505949793586332	0.34612955491599107	1.9357168583315283	2.769624188142163	3.3967077542758015
20.814234441887532	23.871853626075854	4.345760173051069	5.811664581298828	1.4005600138705205	-0.6079345226069299	-1.7188304243657575	2.2990282216527222	9.277015218296931	-5.330663039385672	-17.88093841736427	20.837632746681155
20.853299860304578	23.857153411543507	4.3107377617054095	5.846734285354614	1.113936358142732	-0.41917133115702904	-0.9986514653773102	1.5536613415273284	-8.172970472515257	5.382514524491887	20.535644037453043	22.748221578487254
20.88739793428808	23.833571125729126	4.276058389660461	5.874136447906494	1.244357043680288	-0.8605994424612826	-1.2655706271098368	1.972492044274096	4.759503389217313	-16.109243585009317	-9.740806450117748	19.41761858961573
20.939105633358302	23.81057562007592	4.253735106785106	5.90526008605957	1.661364227919162	-0.7388437540658621	-0.717245290077017	1.9546002140768413	13.398407415864982	3.9120005121697674	17.6176491429433	22.476713074036716
20.984152391345418	23.79339135141078	4.228543168177956	5.940594911575317	1.2748544058054188	-0.48632668802855705	-0.7129492855687906	1.539501246275352	-10.938495279720401	7.14640761208146	0.12157989874074511	13.066621690944416
21.02251537260285	23.772718321319815	4.2082245104275415	5.974735736846924	1.1236688320284085	-0.6055222721331726	-0.5951425482181548	1.4083619985007427	-4.428292889063383	-3.491291823099124	3.4506118822092704	6.611022528097445
21.057621192909615	23.752903231522996	4.187452242780884	6.005884647369385	1.127032044393664	-0.6361407016958114	-0.6668697973137526	1.4558817081114408	0.10797207057467491	-0.9829695180048243	-2.302720958534859	2.506074790230036
21.093702833070438	23.734041139872758	4.172898962344304	6.038393259048462	1.1099102144692865	-0.5802183075808747	-0.4476746217355885	1.330025013141247	-0.5266859776542582	1.7202332313357107	6.742680300901322	6.978562755282212
21.124320424043557	23.720456951440877	4.166618063994849	6.073349714279175	0.8758780251327667	-0.38860314474753566	-0.17967778220076053	0.9749147780368977	-6.694963427839163	5.481538719205862	7.666590841835839	11.560554362416108
21.165485063589934	23.69983820872367	4.148388801959451	6.1118080615997314	1.0703694363999294	-0.5361317933229666	-0.4740001405534837	1.287557440829544	5.0571962868306555	-3.8360631398368574	-7.653016285372275	9.942800056348414
21.194896265063754	23.68453804975873	4.13669256466515	6.146332025527954	0.8519068533082695	-0.4431750362371645	-0.3387860478193501	1.0182953332184455	-6.3278534164227604	2.692528507997072	3.916528618070961	7.913951923172075
21.22426764975022	23.668755841703216	4.116001276242516	6.175234794616699	1.0162135190674275	-0.5460448445978758	-0.7158929429599792	1.3577030582668743	5.684807059650898	-3.5591679138027428	-13.047431337209707	14.670384181857731
21.259294597967806	23.66190533107404	4.0921674902973795	6.206835031509399	1.1084394188727131	-0.21678668588590785	-0.7542280782914642	1.3581216464556878	2.91851925409427	10.419483873806913	-1.213128099692842	10.888300079411186
21.308300283406766	23.639251042007732	4.049532578699502	6.246835708618164	1.2251213974631006	-0.5663476396838877	-1.0658547474571587	1.719801857823864	2.9170000866015577	-8.738875915712603	-7.790534853156603	12.065209284289397
21.345916514276333	23.6188743958611	4.014832843053081	6.273507595062256	1.410332596774362	-0.7639746888299841	-1.3009854297016703	2.065250214137073	6.944060732242972	-7.409563982673359	-8.815674989370555	13.447592475406987
21.390697874293803	23.60128841609525	3.964641446406333	6.307954788208008	1.3000002591791118	-0.5105199628729762	-1.4570533057477109	2.018324959501793	-3.2029412999896785	7.357775853742211	-4.530641303217093	9.215335539388036
21.43420169698447	23.584321234079773	3.930398775759561	6.346337080001831	1.1334347340266937	-0.4420575536921955	-0.8921476297119602	1.5086472650275673	-4.339645116741648	1.7836977934652183	14.71787247802278	15.447649265730133
21.473748295554014	23.568906186685837	3.9021305793900773	6.376271486282349	1.32110849966255	-0.5149608530558836	-0.9443379669728581	1.7036098567239824	6.269500182403862	-2.4354349533612174	-1.743489975108187	6.948217990428795
21.516507322258523	23.5539977267929	3.8659988911441667	6.406601428985596	1.4097958285932184	-0.49154263292888606	-1.1912877185238606	1.9100536292500494	2.924084947947288	0.7721155412697301	-8.142110717689041	8.685643449450875
21.561283810675597	23.53610202335206	3.8348123750552268	6.439179420471191	1.3744398096755697	-0.5493188077218228	-0.9572878703320007	1.7627353770837866	-1.0852731339585904	-1.7734725855792064	7.1827585901151245	7.477636240882937
21.60020492166312	23.524461261698494	3.817644709773739	6.475093603134155	1.0837253725854765	-0.3241271495110808	-0.47801910021446237	1.2280152085400053	-8.094697290435331	6.270271004746229	13.344833004142938	16.820374270663688
21.635593695810858	23.509333932587218	3.8118063432156153	6.507405281066895	1.0952317060538406	-0.46816909795788236	-0.18068905521640696	1.204725416393006	0.3561044861958449	-4.457891315537332	9.201937628153399	10.23109287899672
21.66866083194802	23.495438097364257	3.8082528898391335	6.539006948471069	1.0463731458927816	-0.4397184188175285	-0.11244512294349676	1.1405669440969795	-1.5460753869780224	0.900290442794678	2.1595041616030874	2.8043413143887697
21.706317792686026	23.485359263910787	3.7962261360221627	6.573613882064819	1.088133412224817	-0.291237402648412	-0.3475243995365929	1.178824310817641	1.206702299090065	4.290499063341806	-6.792837509173346	8.124478695719407
21.750410213158332	23.468361493874497	3.7889129072598045	6.6090943813323975	1.2427226612506597	-0.4790735865383699	-0.20611966892588454	1.3477226836492644	4.357020115754275	-5.2940682281097855	3.9854211053879727	7.930596703920883
21.782658236648192	23.451884829783378	3.7888349684230143	6.64106011390686	1.0088310478960372	-0.5154477236752573	-0.002438199612933535	1.1328867480284044	-7.316948323013757	-1.137910324819094	6.371869277154315	9.768996404653182
21.828654390367568	23.430636139288136	3.7731207886353246	6.67484188079834	1.3615674356860488	-0.6289987898945792	-0.46516749222057696	1.570314030832148	10.441620443452278	-3.3613122304731218	-13.697604808360513	17.54851090212129
21.875413662783227	23.40490078411683	3.750884679593077	6.711502552032471	1.2754614370542945	-0.7019881061901342	-0.6065385137178263	1.5771741017617702	-2.348729462203358	-1.9909432598605108	-3.856203848379999	4.934642162393012
21.9202453885804	23.382465836418778	3.7315035086697246	6.739408731460571	1.6065160733550548	-0.8039419281974822	-0.6945118006313779	1.9260226268344482	11.863130069585926	-3.653449669455073	-3.1524661819154436	12.80701341309814
21.96948842676474	23.360832816624864	3.701389567702132	6.772521018981934	1.4871530138946403	-0.6533230233627667	-0.9094491266471657	1.861599520184476	-3.604796539152051	4.548731486386862	-6.491165126454088	8.70751060423262
22.024030376224736	23.333991792623596	3.6661345543737913	6.806221961975098	1.618410187247841	-0.7964472687518631	-1.0461135563919275	2.085169863334127	3.8947626296339837	-4.246891412448841	-4.055210851888713	7.046275446191493
22.066525736121807	23.31626157068553	3.635772050325294	6.840789318084717	1.2293494406199523	-0.5129180803368575	-0.8783577185426784	1.5955868155674062	-11.255149089045423	8.202223725641177	4.853013268277329	14.748104720410241
22.102144128906467	23.3004586637632	3.6094851511116346	6.876409292221069	0.9999556049174237	-0.4436529589222893	-0.737981984855846	1.3196047020748476	-6.440033752534846	1.9445584421095512	3.9409274456370174	7.796553815651032
22.143396624847057	23.282655584366474	3.584249324407091	6.909770250320435	1.236550096005034	-0.5336501231080302	-0.7564479002485109	1.544685087522261	7.0919573227758095	-2.6976792428348535	-0.553518737011822	7.6078719072759515
22.17937592017806	23.271999587953022	3.5606354766514627	6.941235542297363	1.1434597637735098	-0.33865874886094993	-0.750472863018174	1.40904204964782	-2.958508451146132	6.1970305055504875	0.18989295363024322	6.869644727063026
22.214906687167726	23.259076416964504	3.544662948675339	6.976115942001343	1.0186456374125887	-0.3704995097015431	-0.4579227334456694	1.176691145167302	-3.578345644550657	-0.9128553890097904	8.387235583746124	9.164255739031733
22.25437280835802	23.246608729982903	3.5159280895617018	7.012809038162232	1.0755734816502183	-0.3397829097586605	-0.7831135041764361	1.3731633189889436	1.5514592714666522	0.8371220517396084	-8.86245110810194	9.036085371665424
22.28723799851182	23.234322956719954	3.485771656891623	7.042273044586182	1.1154352086716088	-0.4169756511104623	-1.0235007499036721	1.5702287041754932	1.3528956805069678	-2.619899691884979	-8.158674766369906	8.675146976349994
22.330058993253996	23.21511206074961	3.4480010214491608	7.077245712280273	1.2244131650674643	-0.5493117121742468	-1.0800044129559832	1.722597018436618	3.1160893229276296	-3.783985317372316	-1.6156520728287658	5.161287549729111
22.361887229327554	23.202310563186654	3.4222085366656225	7.107935905456543	1.0370816465947967	-0.41712013637164136	-0.840414546607731	1.3985078333782581	-6.103953709145021	4.3072904443240665	7.806723958111459	10.805366297044358
22.404819658697413	23.18442167380012	3.3868671831192287	7.142966747283936	1.2255608809345493	-0.5106611332572847	-1.0088639525287544	1.6675073434946617	5.380379816975032	-2.6702469026164257	-4.808602852053048	7.694242450340228
22.442376615219572	23.167554733453542	3.3493143919173534	7.174753427505493	1.1815312659385446	-0.5306291889877551	-1.1814002261364889	1.7530801359069383	-1.3851592770655288	-0.6281894048479066	-5.427942534581696	5.637007034759229
22.48443471116332	23.146836039429182	3.303809483498424	7.209657907485962	1.2049483609921172	-0.5935826586144136	-1.303698219953199	1.8718627016890115	0.670890815926091	-1.8035928242416133	-3.503790742195373	3.9974480769165495
22.52344854745863	23.129849830087984	3.276070364655547	7.239967346191406	1.2871843874925701	-0.5604263908109499	-0.9151973783630191	1.6758602651428172	2.7132150911683253	1.093925497126016	12.817817095385386	13.147419678969703
22.55671760547503	23.10767865794167	3.259181202333496	7.275668382644653	0.9318793324100203	-0.6210232068570277	-0.4730720449578081	1.2156751512425077	-9.952233615061735	-1.6973405275063498	12.384103581536186	15.977920400142745
22.602415105973318	23.080750430721462	3.2422254177258667	7.309246301651001	1.3609390292963037	-0.8019623614887019	-0.5049682978991045	1.6584003294107306	12.778031205721023	-5.3886351503042516	-0.9499175018936294	13.900281059672087
22.64158691287866	23.06110050506683	3.1996841943517706	7.34158730506897	1.211211860037094	-0.6075855285218406	-1.315395902356574	1.888507538851817	-4.629638954740065	6.010228886679041	-25.058826839219023	26.182078043567923
22.685092357586292	23.03410556712322	3.17169340267224	7.376742839813232	1.2375133822912592	-0.7678716350066244	-0.7961987175888091	1.6598188506845446	0.7481474096609355	-4.559342011173422	14.768575945285448	15.474435678663609
22.719269717214676	23.00445228047513	3.1785293854164234	7.407843351364136	1.09893239448632	-0.9534662026234998	0.2198029036594724	1.4714154830141788	-4.455907021918872	-5.967572826353873	32.66832507193186	33.50651422979172
22.763971260525565	22.98171139214868	3.154791746022942	7.442317485809326	1.2966690543589823	-0.6596507408360961	-0.6885637529557493	1.6095371316941818	5.735797665552381	8.522779948385176	-26.349223011223426	28.2810662140581
22.80471172128875	22.957497832587322	3.144054596915229	7.477682590484619	1.151996046307415	-0.6846737704772892	-0.3036085770506521	1.3740637651674776	-4.090840657192788	-0.7075627195492185	10.885169984355722	11.650002054633129
22.838328046875542	22.927700500163496	3.167838057690927	7.514094591140747	0.9232210529781528	-0.8183382370342491	0.6531764348876916	1.39594198946339	-6.282955871878484	-3.6708904797425626	26.27663942374785	27.265596468955096
22.868318492919823	22.905337362515013	3.1578060499216325	7.542559385299683	1.0535978541361026	-0.7856419942338858	-0.35243563376147424	1.3607030011317125	4.580282591540275	1.1486555152235116	-35.328274746490244	35.642466169928824
22.895541243402327	22.883891528995203	3.1606630956790824	7.57954478263855	0.7360405035826624	-0.5798459679456404	0.07724794007951696	0.9401830745676952	-8.58601971053386	5.564250788025972	11.617654662572615	15.480649894643275
22.931967162573514	22.84987571733052	3.193821858551759	7.607940196990967	1.2828099184996082	-1.1979332733980212	1.1677506255461259	2.108147750509541	19.255553313325937	-21.767152181027072	38.40418287024526	48.160839998961485
22.962623463976534	22.820822357338574	3.206969313778619	7.641608715057373	0.910533137887306	-0.8629236349114444	0.3904969978461418	1.3138476700921358	-11.057118102972053	9.950234157197507	-23.085471898910562	27.462811824748055
22.998592759114562	22.76704773086538	3.224667709542262	7.677956819534302	0.9895782917884574	-1.479434134105348	0.4869138574991356	1.8452847090245155	2.1746705925565872	-16.961283347945212	2.652596635794108	17.30464081995463
23.01994064894801	22.74734544883725	3.1940257772742613	7.707350254058838	0.7262808915925208	-0.6702953345476239	-1.0424753950553958	1.4365008591381496	-8.957694276119701	27.52787527712342	-52.031662080110976	59.54257353218913
23.055124854938306	22.704194489358404	3.2129914640305177	7.743107080459595	0.9839857037634945	-1.2067894112083153	0.5304074400701008	1.6449621882271852	7.207150021723376	-15.003962338484712	43.988323166515826	47.03227054153486
23.074100631181707	22.685640232024763	3.18366650736269	7.776763200759888	0.5638135374514964	-0.551289250457043	-0.8713112624443603	1.1751548233085898	-12.484272178820937	19.476402951458617	-41.64825565180368	47.64204574323468
23.101228725443647	22.66403814670055	3.1663651337352685	7.809662103652954	0.8245896329770079	-0.6566202342500504	-0.5258951547307683	1.1779914722140592	7.926589417681502	-3.2016564240872123	10.499319957152432	13.539466134861398
23.133983260745666	22.62056285440212	3.1670755928702445	7.841866731643677	1.0170754126225026	-1.3499703306913589	0.02206077757459867	1.6903694763617114	5.976960196557617	-21.529517330274555	17.01481949933467	28.08466222443784
23.16071009018428	22.58963199693877	3.170666136366525	7.875133514404297	0.8034089028366682	-0.9297820497377489	0.10793179256669054	1.2335354867284558	-6.422818561185429	12.630866169932489	2.581284027674072	14.403277602829792
23.210193909007696	22.536517070637007	3.106634856585822	7.9093337059021	1.446887185605203	-1.5530593243951765	-1.8722491593304917	2.8303343808767685	18.81504911485295	-18.22437967043171	-57.89970363248999	63.54927039940386
23.23496185335083	22.498702831227945	3.094341881101339	7.945874452590942	0.6778171380579615	-1.0348513053404143	-0.3364182891269825	1.2820025593067164	-21.04691658591823	14.181648324471434	42.03063728504636	49.098536816902325
23.255175315328543	22.462653980740455	3.0825070306594515	7.977253437042236	0.6441719619412751	-1.148821452250756	-0.37715849154574715	1.3700353183213458	-1.072220044880993	-3.6320533918885993	-1.298327626950485	4.003388851095651
23.275762202197427	22.432120770263275	3.0832359813552905	8.011682748794556	0.5979465118845149	-0.8868376660222911	0.021172386514229338	1.0697987413067147	-1.3426190563814069	7.609323942144048	11.569527759530159	13.912527066122246
23.296498827574588	22.394968671484605	3.084846781306001	8.045409202575684	0.6148474877238496	-1.10157145544482	0.04776072697010899	1.262449282803813	0.5011192682460988	-6.366924634770997	0.7883526868382913	6.43508739526562
23.308444478753014	22.371389759297262	3.104070311048649	8.078187465667725	0.36443819932991744	-0.7193459922245958	0.5864718850010056	0.9971073811566403	-7.63949229679393	11.660943172825815	16.43501232869482	21.55108044801925
23.326604516421895	22.3339078271892	3.1223127155594037	8.108626127243042	0.5966109128663929	-1.2313922547256637	0.5993169070727883	1.493804612877105	7.627559870265241	-16.822233173231393	0.4219969409626972	18.475531925420423
23.340930973579813	22.30827904445623	3.133566361998743	8.148376703262329	0.3604087938490782	-0.6447399081848308	0.28310649973673446	0.7910330827993965	-5.942105566035286	14.75833573471205	-7.954863526571979	17.787550307526086
23.346886821198634	22.275731371835924	3.158383554338491	8.174006700515747	0.2323780045675677	-1.2699054275539032	0.9682869683662646	1.613765467794375	-4.995349317270667	-24.391946405132817	26.73353656088105	36.5322123787267
23.35785730209175	22.237508624968413	3.197431972935842	8.209663391113281	0.3076696325226647	-1.0719656318905384	1.0951217834010532	1.5630299546747708	2.11157083546906	5.5512666023204424	3.557111243620566	6.923029155126656
23.361093542406564	22.20626992835424	3.218460686170307	8.242891311645508	0.09739521050298709	-0.9401339630590834	0.6328627520963913	1.1374765749311577	-6.3282450015414	3.967496813518506	-13.911765283546211	15.790026252964077
23.368078467121364	22.17734057253751	3.251424803585895	8.274882316589355	0.2183402718064113	-0.9042965629715947	1.0304183151935393	1.388231483716253	3.7805958742375716	1.1202336453760189	12.427104550012075	13.037666818931424
23.370972264294878	22.145672908787343	3.285852702004539	8.311838865280151	0.0783026899433913	-0.8568891000921142	0.9315777484172565	1.2681590367360118	-3.789249451691809	1.282789236520006	-2.6745075034806827	4.812166873525141
23.36621244058775	22.11791785389581	3.323208715012327	8.341814756393433	-0.1587883972870525	-0.9259125871068736	1.246201918288813	1.5606239442039367	-7.909392462577942	-2.30263336472348	10.495907150268431	13.342588821007658
23.367639099298778	22.08674231995876	3.3734696532033737	8.374396800994873	0.043786653921839315	-0.9568317249088116	1.542596200019468	1.81577731486219	6.217383030650449	-0.9489624785723573	9.096859492898474	11.059350531070775
23.37016519891879	22.05545499270855	3.416194025211603	8.408521890640259	0.0740247028290144	-0.9168423460665884	1.2519929603761886	1.5535655496313447	0.8860943435283767	1.1718468510347313	-8.515823479531097	8.641622403371146
23.360341562178842	22.02821856271294	3.448300662500672	8.442481994628906	-0.289269925181402	-0.802012561702279	0.9454222313277297	1.2730767589707264	-10.697688915554037	3.381314274028606	-9.027378984202832	14.400257139306376
23.35392800055695	22.001947021808554	3.508226123580074	8.480005741119385	-0.1709200765312164	-0.7001310732938659	1.5970010109360433	1.752087161440264	3.1539987266521035	2.7151203687580883	17.36443827040695	17.85618388769957
23.337753188017395	21.975526357343977	3.5544063733627564	8.508568286895752	-0.566294498613636	-0.9250108401204937	1.6168114055467862	1.9468984654076507	-13.842408347562445	-7.87323961201997	0.6935794437180067	15.939925448184976
23.323427538965536	21.95055462624247	3.5948717239224157	8.543020725250244	-0.4158094386370465	-0.7248175250925134	1.1745279142015523	1.4414484920313806	4.367907386647078	5.810715426528802	-12.837509113126831	14.752785124715954
23.312399921702777	21.92315344336393	3.628458612132514	8.576964378356934	-0.3248800954952404	-0.8072549761340149	0.9894894961520606	1.3176862813042352	2.678831970619161	-2.4286558309557753	-5.4513407106739855	6.541530815940439
23.301112460137272	21.897476522831205	3.647228598430829	8.606902122497559	-0.37703113208814915	-0.8576771987933917	0.6269672895241392	1.1273201116040628	-1.7419828410565081	-1.6842358737028122	-12.109202514560378	12.349248569667637
23.28847342394847	21.863331574052008	3.65974966937866	8.6415376663208	-0.3649151938627835	-0.9858355033618373	0.36150929264257436	1.111631102060182	0.3498122705160258	-3.7001961113266835	-7.664323050225334	8.517961475910539
23.283163207154274	21.824167356567088	3.6679277593375956	8.678930044174194	-0.14201334868342935	-1.0473850483238503	0.21871008019334148	1.079359685107246	5.96115727256764	-1.6460452235301475	-3.818939063172553	7.268366836808509
23.269037357109273	21.799011475889316	3.6867382908075306	8.708800077438354	-0.4729104222977374	-0.8421778595056278	0.6297459163697999	1.1530341424883066	-11.077894379559934	6.8700020185261135	13.760809455463303	18.954591752100775
23.27548195419649	21.764674373115987	3.699887742650837	8.743594884872437	0.18521720803962663	-0.9868456044304661	0.37791420079613786	1.0728414627991918	18.914535784805587	-4.15773949026469	-7.237623488813712	20.674371946674114
23.27868202895293	21.734820147728122	3.73437277195539	8.777354717254639	0.09478941483506761	-0.8843120146415163	1.0214810581444955	1.354406262741025	-2.6785616759232385	3.037147478344841	19.063093976960616	19.488471192768642
23.273425726911217	21.71411323688124	3.781948038131514	8.818017721176147	-0.12926497146787175	-0.5092321975733315	1.1699889724811723	1.2825369622827654	-5.5100303640977515	9.22410498231257	3.6521629002948095	11.348252781300413
23.25985065858226	21.69022653925635	3.843935867969686	8.849602460861206	-0.42979832869668166	-0.7562733732514625	1.9625879603970906	2.1467248358220528	-9.515144345830386	-7.821535910742229	25.094365057910018	27.95427612342472
23.012517392550755	21.814413513216106	3.4501470100250904	8.876352787017822	-9.245990668802754	4.642447095137194	-14.720899313117313	17.992930141188044	-329.57326533103026	201.81886518992522	-623.6741629181237	733.7021555502813
22.955430656856578	21.82370651959751	3.437110671244069	8.912241220474243	-1.5906722639063535	0.25894154429141125	-0.3632462474811404	1.6520401964934492	213.30879248859404	-122.14257153822683	400.0635213869277	469.54261774563304
22.914705773377854	21.817845323369465	3.4638666668050457	8.943296909332275	-1.311350189812031	-0.1887318054621306	0.8615489317686379	1.580356154967837	8.99423211544956	-14.415180155881677	39.438673695141624	42.94301588273657
22.902339056174483	21.790328267512074	3.508434021213061	8.976639986038208	-0.37089310361002775	-0.8252704481975761	1.336629933736303	1.614067094867379	28.205468094510636	-19.090579083309024	14.248265274306123	36.918988386649104
22.905706733423646	21.761668061642112	3.5258569710253247	9.0098876953125	0.1012905045992568	-0.8620204668392676	0.5240345934369578	1.0138793353700422	14.201989205144711	-1.1053398698390196	-24.440641416690486	28.28892409530891
22.820348745836252	21.776767056518707	3.4775473804725996	9.044336080551147	-2.477851632117451	0.43830776891266016	-1.4023760538571435	2.88071536384771	-74.86975423809363	37.747146252100556	-55.92165304552131	100.78471327137699
23.149297416959747	21.574304851525458	3.994825010035926	9.0747652053833	10.81032310123843	-6.6535664798126355	16.999425136826094	21.21587819151049	436.69263597468836	-233.0620511711719	604.7430312960805	781.4937695924439
23.196547788248314	21.516941897019837	4.147055549764069	9.108449697494509	1.4027336714049645	-1.7029484760001568	4.519306368804988	5.029097863426982	-279.28547649686186	146.970243382867	-370.5004287082185	486.69415190145037
23.172315031111346	21.50326438943195	4.193732697064714	9.14439868927002	-0.6740872536368487	-0.38046985220885227	1.2984271601308888	1.5116428229317465	-57.771326050278276	36.78764155750816	-89.59581478076996	112.77529299984681
23.14512805037411	21.493178937250413	4.244166289124868	9.17652153968811	-0.8463439695850579	-0.31396504513991297	1.5700223175634112	1.8110334734813394	-5.362435577983399	2.0703270788038592	8.454889709275815	10.223851013061015
23.128214495137282	21.475980286377972	4.311031406833342	9.214060306549072	-0.4505623559632342	-0.45815705497578435	1.78122840199127	1.8935915461618427	10.543276903254194	-3.841149347551491	5.626345830968164	12.55272414970318
23.102973129862548	21.468939871166214	4.357115615039431	9.242576122283936	-0.8851707245349587	-0.2468951012034585	1.616092930133048	1.8590967595577241	-15.240958653003734	7.408588824412908	-5.79101342895579	17.908373615885154
23.07902936491708	21.468054153367113	4.422212681605077	9.276132345199583	-0.7135417179000401	-0.026395038599156078	1.9399402229888807	2.0671735655277086	5.114669999253287	6.571063231955132	9.650886325016607	12.74669871213746
23.058714250950537	21.45779555114556	4.505936674928078	9.309780836105348	-0.603745173102613	-0.30487555148563983	2.488194598606965	2.578482052773541	3.263045142348857	-8.276166490389897	16.29357991576815	18.564028168724114
23.03284620998222	21.45742088031383	4.581939460688121	9.34272289276123	-0.7852588330636894	-0.011373632060759857	2.307165777594883	2.4371653041424586	-5.510088876878486	8.909641631997902	-5.49537094490298	11.82970393813024
23.005381330224758	21.457241183756107	4.660436436573478	9.376490831375122	-0.8133419120279037	-0.005321513989273822	2.3246007635498493	2.4627874642909986	-0.8316491949751833	0.17922675531624807	0.5163177460821907	0.9951616091085178
22.974209515890124	21.454756308457227	4.722594548290113	9.40924310684204	-0.9517449975688079	-0.07586878357167837	1.8978257489138628	2.124456915533558	-4.225754808416415	-2.153965444436489	-13.030392806358412	13.866784325310537
22.933085195195112	21.45099422453896	4.7715748503451785	9.447975873947144	-1.0617449712130775	-0.09712923189967894	1.2645701744508433	1.654047822070546	-2.8399719892404356	-0.5489008381536161	-16.349350221858206	16.603252262938458
22.889186825141064	21.44740587926297	4.808142199412847	9.48645544052124	-1.140822882438582	-0.09325326648573254	0.9503056381171626	1.4877008525382382	-2.0550624205506876	0.10072788648704756	-8.167049795858002	8.422240202434269
22.857282178087818	21.441777846680726	4.817757790394978	9.51677107810974	-1.0524155053677382	-0.18564783820939004	0.31718254165232507	1.114741351390214	2.916230173710177	-3.0477528784916306	-20.884373439832405	21.306108279289038
22.836764801658653	21.423560987301688	4.839355787281063	9.545243740081789	-0.7205991645356592	-0.6398017648269331	0.7585520773325165	1.226381143132356	11.653857344206548	-15.95052570298376	15.501519882948331	25.110332134046036
22.80708392641125	21.41097111343101	4.836541812233345	9.577694654464722	-0.9146391037601885	-0.38796669092624536	-0.0867148153211311	0.9972974995414756	-5.979490652706617	7.760492383325188	-26.047552394955215	27.829023271853995
22.78817480361615	21.39315995393333	4.860139513845633	9.610894203186035	-0.56955963328978	-0.5364880000987683	0.7107838064418822	1.057086169440872	10.394101238155509	-4.473594217176063	24.021369340211375	26.55327796615371
22.746200706911548	21.38257155607665	4.865330323033519	9.647764205932615	-1.1384348678546363	-0.2871819112534529	0.1407867860375393	1.1825093308812278	-15.429215953004514	6.761759432427461	-15.459641387122245	22.86443979993592
22.712517472651708	21.374451261251536	4.879935957216903	9.686986207962036	-0.8587841649330861	-0.207034174824138	0.37238369862986004	0.958667309597122	7.129944634437124	2.043438179652213	5.904770297513068	9.480404123801456
22.691693819484776	21.348964087878876	4.884857438916238	9.710887432098389	-0.8712379352679439	-1.0663543100244635	0.20590918989164733	1.3923238304502061	-0.5210515688991967	-35.95297589353775	-6.965103870350033	36.62513675419552
22.6646730994007	21.331033095770287	4.905628651182454	9.751534461975098	-0.6647649327892826	-0.4411390491009385	0.5110142691660252	0.9474448056743499	5.079657802917888	15.381573089594362	7.506208453602292	17.853259631064812
22.649082842749877	21.311973807789695	4.939832539804109	9.778652429580688	-0.5749050547434976	-0.7028287760275683	1.2612998554730714	1.5541433125032018	3.313665660816664	-9.650049396499691	27.66747114751927	29.488858797270723
22.623979341196225	21.29643919594003	4.991748736238027	9.810673713684082	-0.7839629876364382	-0.48513394401996407	1.6213027643203208	1.8650939824086425	-6.528717968271143	6.798441664759265	11.242613122098279	14.671036677465489
22.603929557665502	21.284158754680938	5.040268300191188	9.844597816467283	-0.5910188298524875	-0.3619975254047057	1.4302386790664499	1.5893168799006312	5.68752426606529	3.629761983749014	-5.632104302799211	8.788839696647134
22.592138493207578	21.27079638877847	5.0996060197410795	9.877050638198853	-0.36332940646741946	-0.4117474287133529	1.8284302067998561	1.9091100606812037	7.0160131303337	-1.5329916060966724	12.269858412529262	14.217029541113462
22.571831315906074	21.2455520762839	5.171182226304033	9.912161111831663	-0.5783794748506881	-0.7189966378289062	2.038599858022587	2.2377149870498565	-6.124954924626947	-8.750927496131213	5.985953177980693	12.244404449389704
22.552217919356693	21.236305325647837	5.228491414753501	9.942728519439695	-0.641644093633495	-0.302503593194241	1.8748462147770901	2.004560773799128	-2.0696756360255675	13.625396369079821	-5.357132189465324	14.78627230739029
22.53609265935924	21.2257049657081	5.26904359073407	9.978281021118164	-0.45356189399233104	-0.29816073241778857	1.1406279183196848	1.263190509023924	5.2902662474261515	0.12215345113344302	-20.65166336528338	21.318842327557746
22.374291414579584	21.297886883558192	4.985205627705159	10.010805368423462	-4.974772998851265	2.2193194892594788	-8.726938018604818	10.287526066361957	-139.0100487619156	77.40294364853243	-303.3901293790817	342.579304609756
22.437574101246625	21.380850434339834	5.089051755740214	10.042693376541138	1.9845293074910664	2.601716309011305	3.256588735547034	4.616563063292671	218.24198867049125	11.991869117088587	375.80041719536837	434.74052503531937
22.436522697517848	21.369530525702476	5.16637449212148	10.080732583999634	-0.02764000091022289	-0.29758529143144236	2.0327115507238505	2.0545649719034964	-0.7266187377952185	-7.823120178203828	53.43727397427262	54.01177125325746
22.408816874122575	21.366851792763878	5.172629627218197	10.110592603683472	-0.9278568362856461	-0.08970968428557714	0.20948194820189414	0.9554312234374002	-30.1478982568346	6.961670131060915	-61.05922306236128	68.45136478768957
22.393992892980673	21.34944263067042	5.1694988764134235	10.14508318901062	-0.42979789995716344	-0.5047511350801678	-0.09077117059852405	0.6691332816294016	14.440431543979843	-12.033470782181848	-8.705364549556691	20.71506346074447
22.3737480113945	21.3346454715299	5.173848506856093	10.1820170879364	-0.5481382192239165	-0.4006389677476664	0.11776797384456805	0.6890837289584893	-3.2041112015973146	2.8188783302223257	5.64628026036899	7.077632684127575
22.350223404176152	21.341452632417102	5.1906049833165415	10.212700605392456	-0.7666854770493463	0.22185073458254462	0.5461067651206134	0.9670868461848187	-7.1226272587040675	20.2874296671401	13.9598985640904	25.635724867560963
22.31885443568323	21.343796902702294	5.178660537394071	10.24639344215393	-0.931027823955398	0.06957770584259203	-0.35450995138907004	0.9986646943610866	-4.877664296108351	-4.51944814911121	-26.73021339477937	27.544896599705677
22.29554626295626	21.337147919078557	5.179072970696104	10.27979326248169	-0.6978532368810095	-0.19907243687210277	0.012348368882977422	0.7257971187333068	6.981312617439311	-8.043460715608044	10.983841130640734	15.299697779011922
22.269244673443854	21.34385838565548	5.199778948860502	10.312278509140016	-0.8096472158282076	0.20656966676295097	0.637396365869711	1.0509394694980485	-3.4413769463727273	12.486963940939482	19.240980484490628	23.194453512723634
22.24219136076171	21.348993092583136	5.214767606380934	10.3444983959198	-0.8396464229390251	0.1593645242377994	0.4651989506628685	0.9730432831265392	-0.9310773596399081	-1.4650933706809548	-5.344445074676338	5.619296823507321
22.197012714595523	21.35826086038346	5.23218331466362	10.384278535842896	-1.135708578540102	0.23297474112059136	0.4377990704998575	1.2392656016771888	-7.4424613933845905	1.8504262937510447	-0.6887829006127516	7.699917593377337
22.164078325234208	21.36498378374633	5.2389460689873975	10.41005039215088	-1.2779207274685616	0.26086298489820814	0.26240850651035336	1.3304093756708024	-5.518118183997341	1.082120102034554	-6.805507600752879	8.828111117996567
22.11719144086099	21.366819395187598	5.2179465572421835	10.442529201507568	-1.4436146306442246	0.056517202373707456	-0.6465603931041267	1.5828005995403132	-5.10160028823671	-6.29166482922269	-27.986521600346634	29.13514652633282
22.078535855667837	21.37333760527162	5.234857879916916	10.483782052993774	-0.9370403208630714	0.1580062916669075	0.4099431206685759	1.034922177418663	12.27974046716599	2.4601714944998534	25.6104360234582	28.508575955928578
22.04117659174384	21.38064658437033	5.223564907129533	10.510785102844238	-1.3835201627550282	0.2706723551297003	-0.41821101134578603	1.4704733981245712	-16.534422754631436	4.172345867844901	-30.66891097859213	35.09099181389157
21.997290679098782	21.392950962995542	5.208060299285773	10.545507431030272	-1.2639104270292576	0.3543650229699331	-0.4465313431948008	1.386518798110258	3.4447498763600226	2.4103414780203924	-0.8156230681675971	4.282673083563004
21.962001727264994	21.40399223992387	5.214414845087779	10.583211183547974	-0.9359533064307061	0.2928429185700815	0.16853881583862929	0.9950733134897659	8.698262074698668	-1.6317236426524626	16.313234571138608	18.559200072716607
21.934291454638362	21.411162925520582	5.229725952863112	10.611781597137451	-0.9698939968036397	0.2509829118943223	0.5359078099230683	1.1361707476586569	-1.1879663648073338	-1.4651522822608416	12.85837157848288	12.99598610896703
21.91902593598326	21.409459734207346	5.2759166840187985	10.645196437835692	-0.45684846421865927	-0.050971103786410156	1.3823418035363773	1.4567695200285997	15.353822489179095	-9.036524172226057	25.331079721648386	30.968729938584076
21.555320661185696	21.213407894335877	4.0057175659446695	10.678519248962402	-10.914603615360242	-5.883412390568651	-38.11800610831323	40.08398062956493	-313.8317206005138	-175.0284891813073	-1185.3846232134683	1238.6533113955277
21.49005709922942	21.23062464823467	3.90641072196781	10.710300207138062	-2.0535429295602565	0.5417317440095216	-3.124727814308564	3.778152426719718	278.8166623807652	202.16961675809847	1101.0768807092097	1153.681750914692
21.45866920211146	21.236803621110187	3.947475034592968	10.74314022064209	-0.9557821014328279	0.18815378607439764	1.2504353148369014	1.5850898237086577	33.427538877009646	-10.766681258878055	133.2265934850723	137.77752716731774
21.451457449364938	21.232144448366025	3.9843684487187248	10.77773094177246	-0.20848807168085695	-0.13469429349571158	1.0665696730261536	1.0950710918258355	21.603886976957984	-9.333372332809247	-5.315461366583679	24.126622249201553
21.409402379683478	21.240496934184886	3.956203779914967	10.81506848335266	-1.1263481177818517	0.22370208281978354	-0.7543257432538908	1.3739396024659032	-24.582765957674322	9.598820949302938	-48.76848713696916	55.451015169925384
21.78295712666984	21.443812839044643	5.483930572966718	10.843271255493164	13.245320180772703	7.209075187603822	54.16938396838073	56.22927557123222	509.58353409216903	247.6839180908629	1947.4578398892006	2028.204807124916
21.69072769290029	21.487777946473294	5.4111883070211855	10.880223512649536	-2.495907986872343	1.189781377700483	-1.9685472970624314	3.3941589335839617	-425.9882718674634	-162.8938060381886	-1519.2016830766913	1586.182257395816
21.735058415897644	21.46236675487672	5.557387705726228	10.915759325027466	1.247494289025666	-0.7150868348336202	4.11414257679509	4.358183144924289	105.3416828096192	-53.60418364087166	171.1706998328062	208.01367051763535
21.735058415897644	21.46236675487672	5.557387705726228	10.948720693588257	0.0	0.0	0.0	0.0	-37.847163012206195	21.694694912766675	-124.81710427791648	132.2209403073311
21.671377052998135	21.478626473086006	5.607135019883559	10.97821569442749	-2.1590561480778607	0.5512703084130511	1.6866354548855886	2.794666627912486	-73.20074882676207	18.69029641388473	57.183773754706074	94.75051867756183
21.633806592929837	21.48770805906335	5.621662658869249	11.01208233833313	-1.1093647239737932	0.26815724648265704	0.4289660063798117	1.2192662688141813	30.994846345824882	-8.359643273753756	-37.13593387080033	49.088101614568124
21.614933009701492	21.487401920884018	5.616259505784537	11.044960975646973	-0.5740378790090122	-0.009311157771253251	-0.16433628416943327	0.5971704936538837	16.28190486895253	-8.43916983557858	-18.045221427089043	25.72838957315504
21.174867167410678	21.696763134695857	4.931235749445112	11.07805323600769	-13.29815000528627	6.326591521090576	-20.700422058584543	25.4042127853111	-384.50417069066214	191.46176809314827	-620.5706576270175	754.7244576847218
21.555970111040722	21.503412451884643	5.622968944224081	11.118402481079102	9.445107162613771	-4.791928138160141	17.143646518162157	20.151358280131944	563.6600419078086	-275.5570677858501	937.9126798969669	1128.41682704653
21.52829373912311	21.510740600075113	5.6236380597356455	11.146023750305176	-1.0019949369844572	0.26530816272385777	0.024224647538371752	1.0368071703546198	-378.22672137514456	183.09210411337702	-619.7912822363431	748.8119956885208
21.494155425309437	21.51898548737776	5.6298448647139	11.178402423858644	-1.0543456561708682	0.2546394400323363	0.19169423256344378	1.101468422563465	-1.6168271717481428	-0.3294984482271535	5.172218829425512	5.429046596793126
21.461271475714277	21.530213146502593	5.629630548326886	11.213467597961426	-0.9377951325372551	0.3201940219068809	-0.006111944186727414	0.9909698674214134	3.3238256080516106	1.869506812725185	-5.641100659314305	6.809176825731715
21.21056846236524	21.614764397504484	5.554257684426745	11.24350619316101	-8.346029888658018	2.814753833863006	-2.509200693286148	9.15833730361615	-246.62387528106245	83.04515558672304	-83.3290882102904	273.24635526760545
21.40157259060641	21.551214774839345	5.622030954631162	11.27976894378662	5.267226698084015	-1.752476620465207	1.8689500668092116	5.857288258786001	375.4060668836417	-125.94826303945231	120.73410550945717	413.9678782814786
21.11624530836247	21.640257291688375	5.676769040759619	11.312820434570312	-8.632811273514914	2.6940544809846148	1.6561457541111348	9.193811983584384	-420.5570654155448	134.53345056506902	-6.4385692642665715	441.5981768146801
21.34135602778315	21.572207130707973	5.637841802180364	11.346614122390749	6.661324464403294	-2.013694431397608	-1.151908569023188	7.053729668373223	452.57374155741746	-139.30852819014518	-83.09404815641885	480.76447291039074
21.131093633917647	21.65806626332963	5.576334484575185	11.38049864768982	-6.2052630812942215	2.5338744416175176	-1.8152037563549874	6.944117962062626	-379.7186896418014	134.20783773352352	-19.57516540301052	403.2136084917642
20.983126737098246	21.308829504899688	5.948563927317842	11.411254405975342	-4.811030683937099	-11.355166573614838	12.102756150150743	17.278962080701945	45.33240196563205	-451.5915649451013	452.53184061656765	640.9173386399824
19.89526132071021	21.63134861490726	6.164410950647973	11.44569730758667	-31.58460424339636	9.363877458613922	6.266807186161681	33.53419595846062	-777.3321150925782	601.5475776702376	-169.4383658451599	997.403662102516
19.845261737683543	21.651957934108417	6.164080009902416	11.48089337348938	-1.4206014719052755	0.5855574670795709	-0.009402776619175216	1.5365788302069725	857.0276818685173	-249.4119659793697	-178.3213493272159	910.2204567512739
19.794558884097697	21.67710176054616	6.141220426643293	11.51423692703247	-1.520619376105848	0.7540835863595264	-0.6855772954607582	1.8305577210939488	-2.999617424439074	5.05423391847436	-20.27901789075191	21.113539537677976
19.796484116301162	21.68532522118124	6.156270610075275	11.546788215637209	0.05914457724985628	0.25263087845568466	0.46235292294362135	0.5301798441301455	48.53153349897665	-15.405003285518204	35.26527727806416	61.93757866988238
19.793079580622365	21.699534542871287	6.120376926939981	11.581732749938965	-0.09742684362017598	0.40662501229361775	-1.0271615819899511	1.1090071262154604	-4.480569679881647	4.406816027598186	-42.62510674977636	43.085905556077165
19.79512322826032	21.70940507777546	6.0932514360936505	11.6114981174469	0.06865857232938975	0.3316113903697803	-0.9113104630439949	0.9721969316094087	5.5798207734304714	-2.5201644798721534	3.892144752288838	7.254958279823878
19.801569803923357	21.719058176268963	6.0808244741834	11.646710634231567	0.1830762538917572	0.27413827169844857	-0.35291319806090904	0.4829248721223933	3.2493468803169026	-1.6321786659781266	15.857919739103112	16.26947696756523
19.803869108365994	21.73358318617205	6.045711826394687	11.682809352874756	0.06369490466861794	0.4023691269116463	-0.9726840483114657	1.0545483455071971	-3.3070799659994443	3.552227337503953	-17.168776996673323	17.84158066204686
19.808049128141302	21.744926913113186	6.024817410617349	11.712199926376345	0.14222314427047175	0.3859648040049905	-0.7109223566599898	0.8213445378742005	2.6718852423076744	-0.5581491257994353	8.906314524190094	9.315199385868862
19.96366513390259	21.717371383148564	5.949061489632571	11.745662450790403	4.650456248779246	-0.8234743327686798	-2.2639033459456885	5.237376409837548	134.72483572144023	-36.143093145283935	-46.40955864744111	147.00663820429335
19.797283638662403	21.788032735801593	5.881543223606526	11.777929306030272	-5.15642116355395	2.1899051558554814	-2.0924960156210513	5.980209309295074	-303.93037497549653	93.3893143977942	5.312179605059573	317.99914485512755
19.816450962644936	21.79135301223877	5.974281275038271	11.813690900802612	0.535975090164532	0.09284475310211368	2.5932303081592973	2.6496665595148827	159.17624171842567	-58.640013570516516	131.02677197730748	214.34491385135865
19.81297380360784	21.812101271074788	5.968623986667705	11.847391843795776	-0.10317690629018501	0.6156581090394773	-0.16786736121043927	0.6464207856941441	-18.96540392309982	15.513315340861874	-81.92938903608129	85.51476063614344
19.80775388871357	21.835046602471653	5.960265894573435	11.878734350204468	-0.16654427141862502	0.732083487442557	-0.2666695504591989	0.7967407834864038	-2.021770827838707	3.7146160835048767	-3.152338487561459	5.274767091378916
19.803872389446582	21.85570060427066	5.951600558362206	11.912153959274292	-0.11614436479130417	0.6180204488883454	-0.2592889759160164	0.6801981782896099	1.5080938416131489	-3.413057235825158	0.2208456277200041	3.737924493808431
19.79799398491094	21.876935033214902	5.944818605125825	11.946563959121704	-0.17083419243564327	0.6171005242198635	-0.19709250992314628	0.6699573387652188	-1.5893585552704437	-0.026734224718431163	1.8075113707839139	2.4070464664180853
19.794467717368533	21.897665877449505	5.949347217382188	11.979650020599363	-0.10657864323881744	0.6265733456549561	0.13687371823997005	0.6501442758532194	1.9420730763077676	0.2863085242554169	10.093864704586244	10.282982304724285
19.793443018957586	21.92551878372326	5.925506782119188	12.01329255104065	-0.030458422642619425	0.8279075892452215	-0.7086397768029882	1.090196782744794	2.262618762552523	5.984515461512041	-25.13228000249791	25.933865255639926
19.788182094955424	21.95370590924375	5.915625057778508	12.045647621154783	-0.16259967861616648	0.8711810983892563	-0.30541501859899184	0.9373758559204596	-4.084097345714685	1.3374568187114284	12.46249063227503	13.18265203328732
19.80009654258406	21.98060958548775	5.890662649899561	12.083494901657104	0.3148032690989926	0.7108483327447197	-0.6595561833674176	1.0195198916252468	12.613930020305705	-4.236308752347573	-9.357109944708098	16.266931146339232
19.759942937976724	22.027219661223015	5.807907477785941	12.1135835647583	-1.3345094287602393	1.5490909509174293	-2.7503771714712606	3.42712310473588	-54.815087407245336	27.859084843798932	-69.48866358973306	92.78737405102608
19.891870044789744	22.01474451512126	5.796063409803308	12.146483182907104	4.009988997936652	-0.3791881731067074	-0.3600062447248645	4.043933719837393	162.44864613698343	-58.61098798480287	72.65649455063095	187.360019066714
19.74570578617211	22.089623735773362	5.739099345282364	12.182328462600708	-4.077643133684829	2.088956238928783	-1.5891650172033391	4.849366674706029	-225.6261410359338	68.85549319554963	-34.290673220714595	238.37802904609165
19.796933195446925	22.102825251762418	5.728479432510608	12.214963912963867	1.5696859919127775	0.4045145950845844	-0.325410333045212	1.6533112398142829	173.04278208989095	-51.613862382781626	38.7233719803275	184.6816037427795
19.711312635623038	22.164922504562302	5.622615944801134	12.246946096420288	-2.6771330337890884	1.9416201800135948	-3.3100769324809898	4.679053269945059	-132.78702598553363	48.06130847893731	-93.32279028111701	169.2673235702736
19.72504534438461	22.187079908171274	5.6586504098460555	12.279579639434814	0.4208157464073129	0.6789763403596399	1.1042155315125097	1.3628597518548884	94.9314261959663	-38.69159530400688	135.2685628412624	169.72506980381476
19.71129377333697	22.23278674695017	5.623304350109918	12.317365884780884	-0.3639306028343623	1.209615783740444	-0.9354213262634811	1.5718234269732465	-20.76804249944636	14.043190545154365	-53.9782886364009	59.51620312201484
19.699960315763704	22.274049422686062	5.586596947288968	12.345898151397703	-0.3972154657556762	1.4461758783499388	-1.2865224944768696	1.9759415290315911	-1.1665691817730584	8.29096747855443	-12.305407520845806	14.883685015492581
19.687254444293206	22.319995474611037	5.546323674873313	12.381242513656616	-0.35948792561093307	1.2999541932147574	-1.1394539282003744	1.76563521929303	1.0674273839876465	-4.137058240407441	4.1610190954685695	5.963952717574469
19.673341093679866	22.36259587455074	5.529550561289092	12.413448810577393	-0.43200715212819824	1.322735117436599	-0.5208023022789827	1.4857635775751872	-2.251709555297642	0.7073437929818536	19.209026962745842	19.353481547731544
19.66083849982045	22.404743499318016	5.532120734721198	12.445452451705933	-0.390661606571598	1.3169634229428868	0.08030878179712843	1.3760300318860361	1.2919012993096382	-0.18034493233225377	18.7825841960231	18.827825215421793
19.649762797616493	22.445767823653537	5.5242131763029265	12.484750032424929	-0.2818418335509215	1.0439402015322992	-0.2012225249899076	1.0998802062397326	2.769121432660471	-6.947583449548383	-7.164087499436006	10.356693439357633
19.638038237365773	22.47916077999097	5.529803709529032	12.513601779937744	-0.4063726207749375	1.1573980509361028	0.19376757763537372	1.2418755289355135	-4.316230313907361	3.932442891142279	13.690335479673507	14.883522323724163
19.624807434694418	22.522299865046907	5.528784855142227	12.546629190444946	-0.40060066678464085	1.3061600771435073	-0.03084875172344706	1.3665601658305158	0.17476253516872017	4.504198903966892	-6.800906456467111	8.159085631356689
19.612929717014598	22.56356327850824	5.507754809988526	12.582451820373535	-0.33157023098241295	1.1518811863782916	-0.5870603357604823	1.334694318347539	-9.25588745559403	32.155126205823684	-16.387974219948845	37.25841237810301
19.601109135749272	22.599442200615336	5.497178943729372	12.613576173782349	-0.3797856010071709	1.1527604007007308	-0.33979392664779484	1.260378338731198	-1.5491203750149174	0.02824843655033928	7.944467339285164	8.094141907294595
19.59283671369034	22.636652763089213	5.474397360812774	12.65393328666687	-0.2049805218377306	0.9220323212998943	-0.5644998189485314	1.1003729647021798	4.331456506059551	-5.717160195801065	-5.567937749752163	9.080163377024274
19.581192279518454	22.678305470712363	5.462332325113204	12.68041443824768	-0.4397253698106824	1.572919043797694	-0.45560842257000095	1.6955859618177187	-8.864601195933586	24.57924537426318	4.112034027154549	26.450506259269634
19.56826465522156	22.72229152723301	5.44978570866022	12.713183641433716	-0.39450529887775737	1.342298629323798	-0.3828782891593469	1.4505157101654447	1.379956377828433	-7.0377181027147095	2.2194660333287732	7.5073154436914304
19.59982398796099	22.749494978879543	5.4615308908031	12.747195720672607	0.9278860171341663	0.7998173665144718	0.3453238498118773	1.2727642522557534	38.880049253202266	-15.949664794059935	21.410103565163727	47.16399656141691
19.542844304928423	22.809836989669396	5.460662216359042	12.782055139541626	-1.63455630877446	1.7310102333198132	-0.02491936102900752	2.3809224533710447	-73.50788994896317	26.712805233622028	-10.621037953387685	78.92902061602949
19.53224444574868	22.853670807174648	5.469865518662103	12.815078020095823	-0.3209852987338587	1.3273771630343307	0.2786947155611261	1.3937834980476809	39.777602316816576	-12.222830459112624	9.194051866306438	42.616731693401306
19.515662863462317	22.903668868429882	5.46017049161293	12.844770193099976	-0.5584496050203113	1.683880167620014	-0.326517936151645	1.8038659437109172	-7.997538821198617	12.00663233828759	-20.382901973127325	24.971634711198025
19.504689957182837	22.95031370001463	5.441545462535947	12.879338502883911	-0.3174267514976923	1.349352394614999	-0.538789116199082	1.4872139520439545	6.972364429418131	-9.677296202676226	-6.140629419668151	13.415336641346013
19.490420512581984	22.998689288333907	5.418192667791797	12.914132118225098	-0.41011675449436213	1.390358197758592	-0.6711804598387351	1.5974275821021886	-2.6639945888850813	1.1785439006981488	-3.8050470565194883	4.79209933096231
19.47657938016335	23.04402092776255	5.4045087820659665	12.94972562789917	-0.38886674973544516	1.2735928500375975	-0.3844489023738696	1.3860220255295992	0.597019090095415	-3.280523578321106	8.055725891895742	8.718542675655062
19.46577534601995	23.089332391491475	5.3962144222237995	12.979410886764526	-0.3639528357291798	1.526396112442366	-0.27941005600752006	1.5938684820626214	0.8392688815437825	8.516121201819708	3.5384177326118214	9.260080595225546
20.377984251997844	22.841124157286455	5.16643200852772	13.01820421218872	23.514583913679527	-6.398220093042581	-5.923246104412857	25.07902951483434	615.5320918818761	-204.2778266320675	-145.4847189997646	664.661560534713
20.38800505892295	22.884198789953306	5.140822536844421	13.051915168762209	0.2972566768688539	1.2777635832715326	-0.7596779885931614	1.5159656833289377	-688.7175445822228	227.69996631750496	153.17180645892947	741.3775914945438
20.460165121856466	22.904621675397156	5.0840264230997585	13.079493045806885	2.6165923800667334	0.7405532126626285	-2.0594809982165625	3.4112221748551237	84.10131423243975	-19.47975798639711	-47.132090969791825	98.35611839645212
20.347696043662786	23.000804260614306	5.012822848017069	13.113352060317991	-3.3216878818722613	2.840678814960776	-2.10294292704039	4.850302616201714	-175.382548715087	62.02559739620456	-1.2836147020631907	186.03188111949865
20.333422397299568	23.043371213813426	5.1302226136501385	13.147473335266112	-0.41832101481907424	1.2475194219395838	3.4406617516951163	3.6836735019723776	85.08963605456208	-46.6910862927461	162.467688770842	189.25129747939292
20.318680712190584	23.08180954279605	5.1376045905044405	13.182039260864258	-0.42648026499756814	1.112029500656181	0.21356225029593462	1.210001595665681	-0.23604894234139806	-3.9197538888028185	-93.3607142165533	93.44326165474375
20.333299447060607	23.143150124956975	5.119481473762566	13.21451735496521	0.4501106137750399	1.8886755475939432	-0.558010475785389	2.0201659782796217	26.99021919352433	23.912919413426838	-23.75671194507389	43.18195235777039
20.281362844666237	23.20908462454091	5.1173178298001565	13.252935886383057	-1.35186329299001	1.716216033008142	-0.05631771654353257	2.1854298250194804	-46.90376857893047	-4.488966866278706	13.058613661864324	48.89418903307675
20.356929921079242	23.23150256055583	5.064270316045723	13.280490636825562	2.7424337074175917	0.8135779005400424	-1.925167635436249	3.448060623648972	148.5877002933004	-32.7579861175489	-67.82314805544026	166.58742373024248
20.255373669733217	23.310511031986323	5.089665389702671	13.315879106521606	-2.8697553812951515	2.2326049164913377	0.7176086978348744	3.706073785668877	-158.58806941685785	40.09856962280254	74.67902274300616	179.81943022101726
20.279058317606363	23.347208689959125	5.086285565156916	13.348787307739258	0.7197187022316638	1.1151523515395856	-0.10270462743925823	1.3312054754934473	109.07536573592742	-33.95665893620374	-24.92732191129703	116.92673549794085
20.232652383368922	23.40695591522302	5.085228712338774	13.39116096496582	-1.0951599950251882	1.410008698197546	-0.02494126981987273	1.785531296459554	-42.830353008075285	6.958482367510295	1.8351816366381162	43.43072077797868
20.222476872681618	23.45760439509562	5.048093613298927	13.414490222930908	-0.43616949594075666	2.17102832625	-1.5917822630886573	2.7271557703315623	28.2473836103406	32.620824425333886	-67.16205871672189	79.82966239491807
20.21475455892182	23.503824421704657	5.009567870769507	13.454661846160889	-0.1922330525602577	1.1505640771454813	-0.9590287728445079	1.510128282384616	6.072357145838381	-25.40261425988225	15.751255223660452	30.500301206117264
20.204655075328112	23.546253203248693	4.991765665820074	13.481120824813845	-0.3817034559864826	1.6035683803424472	-0.6728228320122361	1.780398731190036	-7.160911458880447	17.121004901160777	10.816968583188231	21.480555651034212
20.19518151124159	23.582727985507983	4.983732457265037	13.515230894088743	-0.2777351171636171	1.0693259508016222	-0.2355084209972003	1.1296278151339387	3.0480248511067844	-15.662308546935959	12.820683754425868	20.46871506576285
20.222883051967028	23.610649418475578	4.959453727233171	13.551100254058838	0.7722897968777211	0.7784201611312329	-0.6768654375798129	1.2886102196580307	29.273589350821375	-8.11014720956624	-12.304569051429585	32.773769096378835
20.17690182683099	23.669503773075164	4.907969582771191	13.581435203552246	-1.5157838039595455	1.9401500771370828	-1.697189061520211	2.990356763448962	-75.42697908016845	38.296747988925915	-33.63525046125806	91.03406040202222
20.18742128524055	23.70141118951052	4.953128897423029	13.616363525390623	0.301172740512349	0.9135112927268652	1.2929139527745517	1.6114696369607286	52.01957749013674	-29.392731467625477	85.60683299159876	104.39587616487428
20.159439746846108	23.745003712025778	4.973488362560732	13.646490573883057	-0.9287845904144948	1.4469562966384357	0.6757869143011761	1.8474337047141212	-40.825682981715076	17.706513933668223	-20.48415192840316	48.98834051927652
20.153106142581308	23.779983596466863	4.940656189523931	13.681179285049438	-0.1825840180230684	1.0083938914105843	-0.9464800487779373	1.3949980812195824	21.511337472653008	-12.642799068674512	-46.76642367305116	53.00638066611002
20.144230965683132	23.810551191072793	4.997292670034859	13.716132879257202	-0.2539131411042288	0.8745193534100365	1.6203335249096738	1.8586922054660726	-2.04068064237346	-3.8300650057559023	73.43489652109902	73.56301925897954
20.13912993726101	23.93118900070912	4.3826050119118145	13.74842619895935	-0.15795924572542414	3.7356893236436823	-19.034514376115705	19.398274752684863	2.9713233654457945	88.59943779775901	-639.6012578307717	645.7154622272308
20.20238000100123	23.920888015029096	4.57941803390604	13.78173017501831	1.8991745498568995	-0.3093019782919956	5.909595348188942	6.214969739583282	61.76841443617603	-121.4567081952796	748.9829346545482	761.2768914076742
20.140674144510356	23.98329155836123	4.565176012192284	13.814608812332152	-1.8767765799374572	1.8979966455563666	-0.4331694643488445	2.7041296903789993	-114.84512249553559	67.13473562723205	-192.91446759162545	234.33409204576535
20.139423036845976	23.998749830018134	4.681865441909444	13.849056482315063	-0.03631907949074744	0.4487465092580149	3.3874404212257425	3.417227693973632	53.427633896855276	-42.07106422632546	110.91054598089897	130.09856155520362
20.150785204145897	24.024053122260355	4.722546204432696	13.884376287460327	0.3216939406429657	0.716405204902832	1.151783322584579	1.394033081114735	10.136324893675752	7.578147573124697	-63.297549050634025	64.5503920887211
20.690371888005703	23.8264890754076	4.6656179685799835	13.913845777511597	18.310010893336138	-6.704019869670037	-1.931768610643472	19.59418565013831	610.404758324559	-251.80025381040485	-104.63540182960219	668.5401290276372
20.16788852531427	24.09023166807418	4.229256321237317	13.952223539352415	-13.614221820922324	6.8722765480831525	-11.370169244172876	19.0225121733105	-831.8419621934255	353.7542515914375	-245.93410821291653	936.7959789448869
20.152465645023632	24.094274510920783	4.240894874006624	13.991235971450806	-0.3953324481729979	0.10362960290219518	0.2983293310182379	0.5059913328525619	338.83786941072833	-173.4997430590905	299.09692750666846	484.1200622080245
20.10579529855433	24.1842911134936	4.878220411802161	14.016534805297852	-1.8447627567130538	3.558132486147299	25.19189388921008	25.508723491048162	-57.29237629304022	136.547909841642	983.9807126563907	995.0606971151071
20.412729405521148	23.13671602519246	4.94006581375228	14.04658269882202	10.214829426227306	-34.863511728652604	2.0582275393240392	36.38740841093865	401.34567746789236	-1278.6801239127321	-769.893115178911	1545.5861738872825
20.41872073935263	23.153329555331258	4.934580878611295	14.086058378219604	0.15177278574838132	0.4208548248523529	-0.13894466731637095	0.4684649214946469	-254.91788346762706	893.8254411819886	-55.658882637871415	931.1310100261336
20.427244943173488	23.158173114608164	4.924462494945855	14.115359544754028	0.29091687564192764	0.1653026090690406	-0.3453235779385369	0.4808388031124003	4.748755983147495	-8.72157139146943	-7.043368405817777	12.174790734302139
20.435088195079825	23.16936112414016	4.920778424937689	14.148277044296265	0.2382699784433291	0.3398802973366824	-0.11191828235431905	0.42990336247835653	-1.5993589407071307	5.303491780827453	7.090614379282859	8.997876769895052
20.44520280424397	23.176432324275165	4.9059798107056	14.184156894683838	0.2819022112658466	0.19707997827812432	-0.412449162196464	0.5370509156041399	1.2160650713758059	-3.97995859837855	-8.376034921991534	9.35290573656387
20.107320387380565	24.382209369334063	4.872913409451177	14.213185787200928	-11.639521441077614	41.53713560891223	-1.1390858688445136	43.15216808674938	-410.6744218824435	1424.1003374929462	-25.031499435270057	1482.3433569858166
20.115700891980612	24.401867904176616	4.857384985345302	14.248712301254272	0.23589436856833404	0.5533482630193884	-0.437093942922685	0.7435667880214438	334.26909805489083	-1153.6112798557654	19.75966245570153	1201.2265644686893
20.118204709059263	24.429926228290437	4.873790912945137	14.283270835876465	0.07245148285433989	0.8119072298801565	0.4747286821964837	0.9432973491956139	-4.729450698671592	7.481768821723413	26.384875258386256	27.82995168902528
20.125229657592158	24.444440087502894	4.860289396486627	14.313241243362429	0.23439616348841527	0.48427300226912634	-0.4504949245295642	0.7017175922062514	5.403486112423409	-10.931924357867807	-30.871238809794832	33.192439168953506
20.138766045470067	24.462483067902557	4.843035040606347	14.353248596191406	0.33834750166486954	0.4509916083874066	-0.43127961887502686	0.7098412303999446	2.5983058319510035	-0.8318819299039877	0.4802943533074624	2.770181114560998
20.164417162746236	24.45883099078674	4.756450063818501	14.385817527770996	0.7875946809456905	-0.11213377101093723	-2.6585144979734943	2.774991657643377	13.793734012519872	-17.29026259342326	-68.3852607708575	71.87325072136268
20.178859461426118	24.472602464268967	4.754024499497097	14.416455030441284	0.4713928166830498	0.4494972593044111	-0.07916977919208121	0.6561454318059977	-10.320745384031898	18.331488579844727	84.1891307702058	86.77771026408685
20.183016703869523	24.500300742338933	4.819041225496698	14.451013326644896	0.12029651053719033	0.8014943186658481	1.8813637575340387	2.048510185833513	-10.159537497950152	10.185602244032264	56.73119777592609	58.5268442369579
20.205932899453206	24.48640842229487	4.760825574946139	14.481698989868164	0.7468046369715102	-0.45272999129867536	-1.8971612289095	2.088516779750848	20.416965469374315	-40.873299717813104	-123.13649403472407	131.33954192079185
20.22646849103365	24.478222451052186	4.760842473467751	14.516141176223757	0.5962336818118238	-0.23767281084212402	0.0004906344050545071	0.6418591816454748	-4.371701424675593	6.244004902482944	55.09673061177258	55.62148051495015
20.223184571245625	24.518399985857044	4.85102739788767	14.549164056777954	-0.09944377149762584	1.2166574850706424	2.730982970183561	2.991389724375732	-21.06652846857795	44.04007983270589	82.68486243340276	96.02142328157426
20.25865073916963	24.490741443948007	4.767608263763167	14.581251859664915	1.105285022129651	-0.8619643422291289	-2.599714739534259	2.953498643028352	37.54475798393847	-64.77918836083414	-166.1284734419741	182.2213538115707
20.281785813066513	24.484237696778	4.764539490330388	14.616403579711914	0.6581491280070836	-0.1850193151661517	-0.0873008043041981	0.689212486910384	-12.72017111893057	19.257806621066692	71.47342809600474	75.10736843309074
20.28941811091202	24.500347573468993	4.83682604143317	14.65092396736145	0.22109536900319285	0.466677166390691	2.0940248944091304	2.1567593742071165	-12.660743078583698	18.878596850449906	63.18949024729855	67.153611310615
20.3191382512189	24.483973262598326	4.804572370637261	14.681902408599854	0.959381399411242	-0.5285711680795606	-1.0411650653334086	1.5112328882511739	23.83225239534685	-32.12712759854628	-101.20554277133577	108.82412632136986
20.34464687869204	24.479015959403547	4.816705296321988	14.71966791152954	0.6754478424564887	-0.13126538269617508	0.32127006774720357	0.7593911014778826	-7.518331146904076	10.520336141772438	36.076181366293014	38.32353895119889
20.36784653857911	24.46145289009933	4.799160216527195	14.75152587890625	0.7282215972143009	-0.5512928397640263	-0.550728161257996	1.0665514509047582	1.6565323874489113	-13.184377148144906	-27.37143329623281	30.426423730456968
20.41256731582605	24.426224097866818	4.731409780373076	14.783143758773804	1.4144141680047606	-1.1142047594615705	-2.1427887144211963	2.798850328136583	21.70267499480985	-17.803594739924506	-50.353172313649466	57.64907674578915
20.430090166667746	24.42569523404718	4.785281725367579	14.814955472946169	0.5508301359289621	-0.016624813638569644	1.6934624994619698	1.7808721066264186	-27.146730521865333	34.50238298621683	120.5924079757931	128.33506251665787
20.455915635269815	24.41082448116749	4.795332550035498	14.847081422805786	0.8038818685492422	-0.4628891268482096	0.3128568870909366	0.9789646746112701	7.876863835187907	-13.891085404780469	-42.97477952882159	45.84581674647993
20.506209245420294	24.35746886202327	4.72681636298562	14.883582830429075	1.3778539904414597	-1.4617414126839676	-1.8770834198230386	2.749292953016344	15.7246571917408	-27.36476072770557	-59.9960508239883	67.79101037716528
20.527634453586547	24.356246918759645	4.798848034611851	14.915767192840576	0.6657024269213678	-0.037966986824315846	2.2380953428641215	2.3353098246373194	-22.127254050110086	44.238080831170315	127.8626778455812	137.09663582038092
20.56807647846934	24.322392756375912	4.748280540414604	14.949681520462036	1.192476092529187	-0.9982259640114778	-1.4910363183862483	2.154447402288378	15.532481477665883	-28.314256673617173	-109.95741100556829	114.60186450002016
20.609370995425884	24.29600279447671	4.737500210490262	14.992143154144289	0.9725136170114764	-0.6215013321598128	-0.2538840122123558	1.1817375905023122	-5.180264074710957	8.87211817309612	29.135767960123783	30.894054304789766
20.629541310111517	24.286490126225317	4.781320739454912	15.016544342041016	0.8266119981944887	-0.38984447362371716	1.795835889224405	2.0150167865803126	-5.979283444498186	9.4936713538922	84.00082447263634	84.7468001659533
20.66137990527277	24.26959887293428	4.805324439745154	15.047887325286863	1.0158125316763496	-0.5389165785063915	0.7658396809889257	1.3815992888956514	6.036455815255723	-4.756155587149564	-32.86209867632584	33.748738408884044
20.70340116487092	24.248239237757137	4.806319397240937	15.085634231567385	1.1132371825617844	-0.565864524589328	0.02635865012060406	1.2490774448620015	29.49214365512805	-14.991017287192516	0.698299614933109	33.09085612418981
20.739818024356932	24.232082515650678	4.805172035646951	15.11681628227234	1.1678789131153036	-0.5181417431243786	-0.03679557848335988	1.2781885370567512	1.7523456385385985	1.5304567976141616	-2.0253391671230347	3.0846413062382587
20.77640151863785	24.212197204273778	4.809672293499257	15.150366306304932	1.090416336077164	-0.592706322880212	0.1341357564434017	1.2483192589729488	-2.308868004472704	-2.2224896078584107	5.094820044263345	6.018930370302015
20.820582399043	24.190849527710224	4.807398358608023	15.183613538742064	1.3288588903961596	-0.6420888296167481	-0.06839471211726711	1.4774375967698674	7.171801585887558	-1.4853118024158753	-6.09164894983781	9.52623094753614
20.87084283689554	24.16072348551638	4.7684087613954205	15.21779489517212	1.4704050131944446	-0.8813588850837009	-1.140668518886498	2.0591282274598774	4.141032936710033	-7.000016396557156	-31.37013620168643	32.40731134554892
20.916251646489272	24.138154775002263	4.722698270008704	15.250588417053224	1.3846884076179118	-0.688206365755482	-1.3938878401790047	2.0818052980662447	-2.61382738600944	5.889959609355284	-7.721626308103387	10.057197951998555
20.963646410875672	24.114760920588324	4.6929936960464085	15.289228677749634	1.2265643019019348	-0.6054269301581866	-0.768746727556512	1.569067648506524	-4.09221115142918	2.14231048407465	16.17849107008183	16.82495942410486
21.009137496117447	24.0831330548406	4.639135863165187	15.31572961807251	1.7165838150469765	-1.1934620191729985	-2.0322989382656274	2.91569040876519	18.490646262919594	-22.189215999524816	-47.67952364386103	55.74587232073325
21.0767031060877	24.045108620411707	4.561852484533101	15.354899168014526	1.7249524201904485	-0.970765160314146	-1.973047398974206	2.7947740314736564	0.21365078628322584	5.685458709342201	1.5126939007247362	5.887132598422116
21.12463159317161	24.009169722538076	4.495768062585464	15.38443398475647	1.6227792270621002	-1.2168315851641376	-2.2375091244019205	3.02002294829347	-3.4594151716285677	-8.331401782511982	-8.954236206657884	12.710552900482368
21.1792317549947	23.98091677068325	4.452573592355939	15.416987419128418	1.67724735888815	-0.8678946599616055	-1.3268790547871214	2.3080311674065213	1.6731915657103689	10.718897466106249	27.973394733414118	30.003418902116206
21.225249567831874	23.951697695613785	4.420464727150285	15.449623823165894	1.4100148038470568	-0.8952908854760768	-0.9838358775306246	1.9384582922004914	-8.18817400146893	-0.8394376256346403	10.511059271805456	13.350401343070937
21.267559472517107	23.927905381247466	4.396025813731811	15.488367080688477	1.0920585255530182	-0.6141020628544167	-0.630791393940713	1.4027155625802226	-8.206751280753961	7.257748589099879	9.112410937157929	14.249972429951349
21.30561923147954	23.91170505942213	4.377276949563264	15.517087697982788	1.325172038345122	-0.5640659342146576	-0.6528015737412571	1.5812656968492935	8.116591311506205	1.7421675908640524	-0.766354691300576	8.33675608048799
21.344814432145593	23.894889467147525	4.3788361204434105	15.556760311126707	0.9879661953163165	-0.42385895311716476	0.03930093726094198	1.0757686456180833	-8.499713437215094	3.534099974429923	17.445347209458575	19.724987462672935
21.374864031555678	23.878515021863105	4.397202921369547	15.591761112213137	0.8585403327164186	-0.4678305860481766	0.5247537300869854	1.1096501418840103	-3.697797152708011	-1.2563036149495659	13.869762341361534	14.409105106194534
21.394272093792747	23.879826057397846	4.419643829063248	15.617534875869753	0.7530162259436655	0.050867058152922126	0.8706880373654878	1.1522667020056334	-4.094245147067016	20.12502524317776	13.421955438382392	24.534228582793194
21.417805732685544	23.874928695233844	4.440966557907277	15.658440589904783	0.5753142182689513	-0.11972317998917287	0.5212652888975106	0.7855174033581558	-4.344185448579007	-4.170327842120194	-8.54215008125125	10.451407059962271
21.442619112637956	23.865657259486202	4.4631712989449035	15.685391426086426	0.9206905412943843	-0.3440129161542563	0.8238980374475748	1.282506894881999	12.815050364214175	-8.322180976257007	11.229067124685468	18.962493520885165
21.46992590607351	23.847666248172533	4.4930578663911644	15.716238498687744	0.8852312758646029	-0.5832323717129523	0.9688623563256255	1.4361367193577468	-1.149518007367283	-7.755013211479656	4.699451411537024	9.140375546381176
21.500127264022215	23.824847001046585	4.5093922018502814	15.75103998184204	0.8678181276012055	-0.6556975467044717	0.46935745199988876	1.1846282088044977	-0.500356498778943	-2.082243870763765	-14.352977489813943	14.511859253255917
21.514827215328285	23.81239824484213	4.547847965147152	15.781885385513306	0.47656861497857855	-0.40358545270240226	1.2467258884568866	1.3943902980744727	-12.68420789017229	8.1734088063474	25.202083420329615	29.374117008721115
21.54055258365399	23.791806207371607	4.576610854663308	15.823084115982056	0.6244213846642351	-0.4998221361733697	0.6981498990113916	1.0616673278030777	3.588770042266366	-2.3359138103530817	-13.315361497888874	13.98694446850806
21.563689371289474	23.773874583545403	4.5899432549638375	15.851497173309326	0.8143012337245629	-0.6311050451087287	0.46923497696720795	1.1320607496139294	6.682837643032641	-4.620513288070385	-8.05668039899648	11.442008611251048
21.58994417033197	23.75467181266541	4.606027993359039	15.881922721862791	0.8629194966316455	-0.6311396767834366	0.5286589448645908	1.1926640890303757	1.5979420328822864	-0.0011382432315758305	1.953094380302152	2.5234891904697108
21.62253330934766	23.730737969172942	4.609712260943482	15.916512966156006	0.9421482756651244	-0.69192467360409	0.10651175381163781	1.1737750555284963	2.2904949257331695	-1.7572872948045988	-12.204226933886174	12.541035870097964
21.65201118354985	23.713465934946594	4.6175752413091775	15.949610948562622	0.8906245051449772	-0.5218455316749312	0.23756675766809754	1.059232142848186	-1.5567042693770887	5.138655880582027	3.9596070312207954	6.671401673039202
21.68858341051627	23.691625407855895	4.614387801164489	15.983048915863035	1.0937335585578007	-0.6531655137550554	-0.09532398055335466	1.2774838342393815	6.074204558789474	-3.927271681927304	-9.955471731600683	12.305723923621366
21.727491901890232	23.672751579957712	4.609209310834026	16.016178131103516	1.174446514701051	-0.5697034403374963	-0.1563118924753671	1.314655861263721	2.4363075176205142	2.5192891775950526	-1.8409102503427803	3.9587072170822264
21.75532831399118	23.6600255525906	4.616448707648329	16.0482017993927	0.8692449549993392	-0.3973944287766032	0.2260639458580824	0.982147662742936	-9.530499658741101	5.380676879515625	11.940413411744904	16.197394230875403
21.7859382641707	23.647781074326744	4.613992335408671	16.08401870727539	0.8546229138421552	-0.34186307494660917	-0.06858135961103823	0.9230135913203582	-0.4082440953606313	1.5504228899902097	-8.226430557159196	8.381207197711136
21.81041570933182	23.640741392371094	4.623106439985524	16.114437341690063	0.8046858654941572	-0.23142662683944415	0.2996224108093731	0.889298158547281	-1.6416597690496624	3.630552463390482	12.104546358031216	12.743468935908844
21.845419744503463	23.626168088349296	4.642701666291769	16.157151460647583	0.8194956615271606	-0.34118236258816287	0.45875290851094697	0.9992160801700163	0.34671898647218147	-2.569542306558496	3.725477701174966	4.538936640087209
21.86806163770428	23.62290077383871	4.654428078919956	16.186758279800415	0.7647526430967763	-0.11035682332916026	0.39607134314749215	0.8682728502270857	-1.849000331572191	7.796364008827442	-2.1171327132404576	8.287601879299396
21.89422139562841	23.61913912632642	4.662445113790545	16.21744704246521	0.8524213963875432	-0.12257410158159834	0.2612368233335671	0.8999396231210394	2.8567053761127195	-0.39810266663026195	-4.393612127236478	5.25576624895827
21.92810038561842	23.61300951645538	4.666640821566466	16.25464153289795	0.9108604418516373	-0.16479886670643074	0.11280455054245271	0.9324967976464952	1.5711747837968757	-1.1352424682679723	-3.990705910046873	4.436563909545467
21.958591919408647	23.609539590778446	4.660908938461974	16.284979581832886	1.0050591537912832	-0.11437537345848138	-0.1889338077337925	1.0290391695062957	3.104969345315053	1.662054582220775	-9.945872225447268	10.551001582530004
21.98564616949861	23.60286793840088	4.668667768999712	16.317153453826904	0.8408764134759436	-0.20736243305768076	0.24115314871584356	0.8990145507828741	-5.102983574555865	-2.890142026315223	13.367584620514235	14.597454602808982
22.0185345714273	23.59794273395244	4.65839863853258	16.351383686065674	0.9607998479028054	-0.14388463432223308	-0.3000017760762185	1.016779327766346	3.5034361902761275	1.8544366948101518	-15.80926828124596	16.29864915208633
22.050054381637324	23.59819645304164	4.63636790996461	16.3885018825531	0.8491740761354494	0.006835436880326276	-0.5935290680254922	1.0360598869607143	-3.007305912752727	4.0605440313786145	-7.907908242489685	9.38439766076003
22.083243619072324	23.589129384757463	4.621180981624536	16.418163537979126	1.118927347725821	-0.30568315065189267	-0.5120054198576162	1.2679077837306552	9.094343107825596	-10.536114152887519	2.748452404188692	14.186992938026798
22.108251027178834	23.584149923880126	4.614678808499329	16.449944972991943	0.7868558514247509	-0.15667828955264607	-0.2045902937543422	0.8279779016598211	-10.448599824619198	4.6884245799207385	9.672789349483246	14.990577611823827
22.141926305034914	23.57401558629739	4.602234611460996	16.48875880241394	0.867610291423478	-0.261101203711535	-0.32061245240803304	0.9611003074615251	2.0805584298508024	-2.690353302261617	-2.9891963864801565	4.527915558837118
22.170681985280105	23.567181080069908	4.588894782293339	16.518306255340576	0.9732033524713146	-0.23130610426727577	-0.451471373887231	1.0974760501133196	3.573677274654326	1.0083813152435974	-4.42877163741022	5.779448101388434
22.19873327288868	23.56441813109073	4.582557375187761	16.550605058670044	0.8684930931476337	-0.08554338533829611	-0.19621182373020077	0.8944814159007508	-3.2419238030453177	4.512944874214371	7.9030652483692645	9.661013492508513
22.23087548378779	23.554728595873076	4.563177996441139	16.587252378463745	0.8770685299784071	-0.26439955970036727	-0.5288075323301867	1.057730466469305	0.2339990176375016	-4.880470805748049	-9.075580710192932	10.307274909171696
22.257129157811967	23.548396256842995	4.558335174998769	16.619298934936523	0.8192354160259505	-0.19759811121859083	-0.15111830959073033	0.8561707913272483	-1.8046592307533091	2.08451252909249	11.785641401449212	12.103856024698924
22.284773840707153	23.541319414751293	4.559502049863964	16.656081914901733	0.7515618071546417	-0.1923944742485814	0.03172322814243457	0.7764451989024826	-1.839807675596588	0.1414686078977599	4.970819055609413	5.302258738859723
22.314303942731268	23.53038901822668	4.567578925529898	16.685001850128174	1.0210984842426787	-0.37795370006987017	0.2792840164645325	1.1240510111964503	9.320099612173735	-6.416308486460192	8.560212406553465	14.188393419255542
22.344045234997694	23.51192232616559	4.586968907745132	16.72114133834839	0.8229583132223155	-0.510983773443697	0.5365317321895005	1.1073531964421939	-5.48265016408097	-3.681017079246178	7.118189227181	9.709683693785024
22.369821595508807	23.49772355939819	4.58580257569628	16.7507483959198	0.8706154081317049	-0.4795737210005848	-0.03939371705678014	0.9947431868046303	1.6096531982093207	1.0608974690359672	-19.45230281182687	19.547597590019084
22.374827916724286	23.48768772450369	4.589711829721492	16.791276693344116	0.12352656128296242	-0.2476253761520538	0.096457395786535	0.29305488813319575	-18.433758492911664	5.72312087083543	3.35200641223597	19.59064857693221
22.375977195750586	23.482554093623133	4.594027752891121	16.818427324295044	0.04232973548120454	-0.18907961622829209	0.15896216840888316	0.25062298131695965	-2.9906054834789537	2.156331469039441	2.302148069240814	4.346650698514131
22.446541083030198	23.45213816688718	4.587423633285708	16.850730657577515	2.1844150466633967	-0.9415723903779527	-0.20444080948750465	2.387472242141342	66.3115874900931	-23.29458596639618	-11.249705246163783	71.17879065373097
22.457583212985682	23.436890800440626	4.587619894036599	16.88679265975952	0.3061984717252845	-0.4228097588592299	0.005442314320220651	0.5220682092013074	-52.08298101305228	14.385297546722457	5.820062977879988	54.34562383283674
22.52055627313891	23.37344644077797	4.71120590421794	16.91859006881714	1.9804462696668683	-1.9952682165926081	3.8866691923672954	4.796817704903857	52.65359183535463	-49.452408367111595	122.06110475901534	141.83389835107477
22.616230994666942	23.003735347536484	3.6939842354260173	16.952534914016724	2.818534624785996	-10.89152391379899	-29.966896676387268	32.009128807408096	24.689709149988254	-262.07972506279555	-997.3109516247989	1031.4671581091002
22.770527393272875	22.765896689181723	4.678867281853648	16.98696517944336	4.481417633410598	-6.907836910567804	28.605154047569773	29.76669536366514	48.297130098165674	115.70305816316329	1701.1791805312332	1705.7931922472153
22.780385286689302	22.79049904589464	4.437511017178191	17.01969838142395	0.3011588485071682	0.7516025082882676	-7.373438896034968	7.4177627446596555	-127.706992654801	233.996033244708	-1099.1467612896006	1131.0114156809427
22.807501226926636	22.76242375357665	4.483919360058	17.055630207061768	0.7546496665840066	-0.7813488966851895	1.2915665167584718	1.6876451892616906	12.62086771342757	-42.66277534643446	241.1512707462804	245.220990301903
22.80655507914597	22.764352516667927	4.488016982946321	17.09585738182068	-0.023520115104705815	0.0479467698847352	0.10186205998504669	0.1150129028470963	-19.34438066686083	20.615309713894806	-29.574646091940163	40.91278222570223
21.93578848550011	25.48921303954144	3.949158231081629	17.119420766830444	-36.954223397231615	115.63960448569762	-22.868478006931802	123.53582492076782	-1567.2919347887123	4905.562493160766	-974.8319291730371	5241.301810933486
21.936760592679953	25.51875759780393	3.8986204547378813	17.150902032852173	0.03087890998951638	0.9384806266081624	-1.605328588401317	1.859779360660709	1174.828937365284	-3643.4723997415545	675.4223100130268	3887.326775126148
21.95964743596722	25.52943444332702	3.8937803334164465	17.18533754348755	0.6646291245571194	0.3100533526609434	-0.14055610711526795	0.746740231910169	18.403973191457325	-18.249396113256086	42.53668536517279	49.810804948184796
21.95964743596722	25.52943444332702	3.8937803334164465	17.217795610427856	0.0	0.0	0.0	0.0	-20.47654673272482	-9.552428160036474	4.330390573590204	23.006306360864627
21.947478864341253	25.592805091134473	3.6992508062773997	17.25056767463684	-0.3713092818434971	1.9336788614639675	-5.935833821713222	6.253887405530284	-11.33005475259943	59.00387748336751	-181.12480751474692	190.82982889481212
21.97115370701304	25.578840926590807	3.7956217436417496	17.288317680358887	0.6271480551845865	-0.36991158747057923	2.5528721260052585	2.65467613041618	26.449196971776544	-61.0222542983419	224.8663486363685	234.4955229618599
21.784893150924567	25.86937707760758	3.0085022440565465	17.318147897720337	-6.244022758251157	9.739659201821159	-26.386649820473764	28.811526691959347	-230.34263311521852	338.90369174300446	-970.141169131331	1053.1321517031922
21.95568772527801	25.62862434739598	3.7543465634020823	17.350370168685913	5.300513254820176	-7.471625152330266	23.146857654519113	24.893726970062733	358.27816187768514	-534.1424995320365	1537.244458278894	1666.3708997681022
21.95568772527801	25.62862434739598	3.7543465634020823	17.391997575759888	0.0	0.0	0.0	0.0	-127.33229445208583	179.4881227901777	-556.0485094203835	598.0129131229568
21.917087754313023	25.701045730021182	3.7235622618687327	17.417712688446045	-1.5010617078013768	2.8162965299462406	-1.1971287821702266	3.4084937606390295	-58.37274470157844	109.51912069443463	-46.553511033792056	132.54827238123926
21.917087754313023	25.701045730021182	3.7235622618687327	17.452446937561035	0.0	0.0	0.0	0.0	43.215608399421676	-81.08125558213992	34.465371000451036	98.13063035722939
21.917077024925373	25.699370265571485	3.883402208013208	17.486242055892944	-0.0003174833579503326	-0.04957711445901499	4.7296755873038325	4.729935427911423	-0.009394355564382399	-1.4669904088545396	139.95144330765953	139.95913201006437
21.894545858428422	25.730950101287263	3.8308714277245204	17.527180910110474	-0.5503614335963232	0.77139031659211	-1.2831521861741468	1.5951239014589957	-13.435743641375621	20.053502882344986	-146.87337709865344	148.84371362409712
21.885087397653486	25.738615691471473	3.852242597441227	17.55619192123413	-0.32603002820621696	0.2642303693427371	0.7366571825302377	0.8478072139045136	7.732629670641629	-17.48163637205343	69.62216380860016	72.19866248940865
21.870989413695348	25.763980870705858	3.8208682320938148	17.589139223098755	-0.4278949461799439	0.7698712124776285	-0.9522590188515384	1.2971480284656047	-12.987253036321638	23.3667453450642	-28.902488670065946	39.370387104698565
21.870989413695348	25.763980870705858	3.8208682320938148	17.62302589416504	0.0	0.0	0.0	0.0	12.627234623990006	-22.71899800873678	28.101285516918075	38.27900432970569
21.86061557533283	25.810033734783282	3.846344488642786	17.654576301574707	-0.3288020413752133	1.4596598858280452	0.8074778946012773	1.7002171375967718	-10.421483219087012	46.26437519094484	25.593263634175525	53.88891228947413
21.85767419707517	25.820720616496352	3.8235417931236455	17.689321994781494	-0.08465447041606763	0.3075742840837254	-0.6562740131109628	0.7297012401495623	7.0267002447213995	-33.15765193941432	-42.12757820086651	54.069744252535884
21.857435082527317	25.83327539304305	3.8376464826565337	17.723841667175293	-0.006926906638186746	0.3636991800928059	0.40859859189805137	0.5470629624977583	2.2516889178775634	1.6258814790827176	30.84828247675693	30.973054827264058
21.666010273488077	26.123113497154616	3.154444167516805	17.755269765853882	-6.090880997826737	9.222260216111197	-21.738582474452276	24.386776802642817	-193.58326933513757	281.8675455557703	-704.6936339626112	783.2732046684256
21.635691106913967	26.207352181994466	3.0736651058197473	17.790050268173218	-0.8717288294382657	2.422008861931184	-2.322538672828465	3.4670194643426515	150.0597122051031	-195.51906673870744	558.2450656795033	610.2320673653315
21.635691106913967	26.207352181994466	3.0736651058197473	17.82633662223816	0.0	0.0	0.0	0.0	24.023599281375564	-66.74709885695691	64.00584276590135	95.54609587223213
22.93561010826808	22.402327642740946	4.465952348225941	17.85501194000244	45.33233117204659	-132.69336962650965	48.55350702130377	148.391352970439	1580.8833068455904	-4627.441994445536	1693.2160061982531	5174.880857127736
22.952516515209364	22.35061741376306	4.506176121202735	17.894458532333374	0.4285897955253121	-1.3108921689373947	1.0197020984560876	1.715202571419937	-1138.342724253759	3330.6420071816137	-1205.0167609934042	3720.358280077239
22.783579878622	22.484286115499735	3.7727618348410226	17.92476534843445	-5.574212613557141	4.410516145638154	-24.19964815557503	25.221964035056832	-198.06773463312385	188.7828894825001	-832.1345986963382	875.9667786004075
22.798436585068686	22.351351718866468	3.2425935305586475	17.954169273376465	0.5052626979555574	-4.52097456021292	-18.030528418496726	18.595549371240846	206.75727214993194	-303.7516495999642	209.8059952623185	423.1219562603582
23.06139164406883	22.0640492762151	4.296567116330908	17.989336252212524	7.47732866749747	-8.169665184794663	29.970546821370263	31.95133095827735	198.25604019168358	-103.75331476698939	1364.9473690542782	1383.1672090119187
22.965961155834407	22.2061477009366	4.623408767848409	18.022595643997192	-2.869279415939764	4.272430044466556	9.827048360763165	11.093119594432133	-311.08831305228045	374.0926866557079	-605.6484313069404	776.8727689084983
22.967343893388474	22.158682990694572	4.631636549777351	18.05337381362915	0.04492591894195701	-1.5421550667114483	0.26732525121957285	1.5657980003551475	94.68416639876479	-188.91913264200497	-310.6007674874015	375.6705562172784
22.967343893388474	22.158682990694572	4.631636549777351	18.087703704833984	0.0	0.0	0.0	0.0	-1.3086531114794502	44.9216415371074	-7.786953055707058	45.61033971860265
22.97091130281636	22.078001707248568	4.5931584896598325	18.12300491333008	0.1010562974998961	-2.285510521684387	-1.089992715738682	2.5341378889787776	2.862686627599967	-64.74312407568313	-30.8769235438267	71.78615115284046
22.987841398074426	22.01577536411019	4.590334785221899	18.15604519844055	0.5124076623872695	-1.8833476445594703	-0.08546247190337707	1.9536795532647433	12.449994408705058	12.171894878639414	30.403195386379434	35.03586270403227
22.789598597253768	22.151107030540746	3.831007524511688	18.189906120300293	-5.854619128262959	3.9966917318768544	-22.424884468754236	23.5186214173716	-188.03465590877124	173.65266665782573	-659.7405141355946	707.6509213249161
22.793862827490557	22.1123534082842	3.7707278086228007	18.2242112159729	0.12430311454265301	-1.1296753877731136	-1.7571650714567322	2.092665007681086	174.2867094692225	-149.43456705597723	602.4679130628589	644.7279528600671
22.792849357833653	22.076441416221126	3.731062880403251	18.255269289016724	-0.03263144031743209	-1.1562852599516322	-1.2771213514625395	1.7231074718775108	-5.052939203235466	-0.8567779508075674	15.456326582684197	16.283866079011275
23.00258118850407	21.855872612625973	4.5054461393766845	18.290175914764404	6.008367356571349	-6.318823400162322	22.18442036107964	23.836453473850426	173.0616657294688	-147.8956510299111	672.1228766748118	709.6285120316431
23.02223387722496	21.80999561350421	4.5558472499256535	18.320279598236084	0.6528333564022966	-1.5239663001679549	1.6742506144267797	2.3562215080903455	-177.90294683397534	159.27808650078228	-681.3176123761727	721.9505912910743
23.02223387722496	21.80999561350421	4.5558472499256535	18.35455870628357	0.0	0.0	0.0	0.0	-19.04464245388051	44.4575832619936	-48.84172050531517	68.73637157729935
23.036157087600373	21.741286804472136	4.5687678015423465	18.39159893989563	0.3758942376346063	-1.854977745326697	0.34882478744642725	1.9245564803042967	10.148268544186843	-50.08007683630547	9.417456463688382	51.958540555145106
23.04485266642383	21.704575261950737	4.5626673974905305	18.4204044342041	0.30187223070491825	-1.274463202341298	-0.2117791830436277	1.3267379998188888	-2.569718336960397	20.152910301375034	-19.46170284344614	28.133629760718364
23.034311231803844	21.682553591886254	4.440168464544462	18.45174789428711	-0.3363200677929994	-0.7025921837015439	-3.908277280863396	3.9851446985914794	-20.361258674306345	18.245305946607402	-117.93522757315954	121.06275210245408
23.071647536111662	21.617902533196098	4.50640955266609	18.48973178863525	0.982950930876449	-1.702065040977571	1.7439256626636541	2.627640510634155	34.73237858597868	-26.313069642500828	148.805251292083	155.0539214865294
23.08840342936801	21.571425494677875	4.4753991636032024	18.521360397338867	0.5297701651490174	-1.4694619973248433	-0.9804537832655835	1.8442517752692367	-14.328191605709451	7.354197771782761	-86.13655666800467	87.62926277321291
22.88610931905755	21.714893856973973	3.681528698080786	18.55561900138855	-5.9049139894051095	4.187805261651537	-23.17287839198372	24.277314824779417	-187.82680535442717	165.1342025136833	-647.7912695022299	694.3930749170751
23.101044726203416	21.503616215909485	4.430509819788053	18.593053579330444	5.741627633133356	-5.643916739022144	20.00773517120524	21.566862328944794	311.1172146942882	-262.637447547408	1153.4954028388765	1223.243227859354
23.091163809308238	21.4908431379579	4.364631412180108	18.62231206893921	-0.33771110632510337	-0.4365597172780745	-2.251599740412123	2.3182611089152956	-207.7803338705952	177.97764311744098	-760.7820912583736	808.4788797318575
23.11332143626795	21.448838308328423	4.451679438940413	18.65562868118286	0.6650624258453044	-1.2607773360113943	2.612751444345611	2.976295958267811	30.09830425845477	-24.738938422238714	146.00377580960426	151.11262536318736
23.119519515242022	21.42915069031955	4.476974734866532	18.686768770217896	0.19903857587240137	-0.6322274154940299	0.8123064740650072	1.0484129279036474	-14.965398764550818	20.18458970397335	-57.8175922443578	63.04169092461424
23.12751328043675	21.406537811392642	4.5175908967264	18.720958948135376	0.23380297154413848	-0.6613852370550422	1.1879482451918397	1.3796069348012117	1.016794816208402	-0.8528128058118306	10.986832886142354	11.066691386681208
23.133170041845045	21.38807865508614	4.55713611535576	18.759570837020878	0.14650309973353895	-0.4780692382400698	1.0241720819881772	1.139711282872541	-2.260958329945361	4.747656851457629	-4.241599360479847	6.755985737386139
23.130899612933135	21.376016156929687	4.6077136888379355	18.789801836013797	-0.0751026756489752	-0.3990109013360175	1.6730367889602458	1.7215987362010423	-7.330415228236885	2.6151413958423166	21.46355491341957	22.831078412111697
23.135657527170384	21.353849002330993	4.63357012187655	18.82147979736328	0.15019635211868448	-0.6997658199698382	0.8162278106648495	1.085568508151629	7.112169412736888	-9.49413743251259	-27.04747849278374	29.534516961692564
23.146473385941245	21.330366247050762	4.656743597127022	18.85519766807556	0.3207752607854429	-0.6964483457633708	0.6872757609225846	1.029701431386896	5.059005953321733	0.09838919648206595	-3.824442262165141	6.342679267183857
23.14236540890771	21.313307514629333	4.693723637874777	18.88835310935974	-0.12390053862726079	-0.5145077779305122	1.115353598547953	1.2345376652079056	-13.411849825834873	5.487502527064015	12.911239333425138	19.408516194193343
23.142549788048598	21.28896081999046	4.731292962566505	18.919687509536743	0.005884240318791039	-0.7769957140185362	1.1989801776802942	1.42874435444469	4.141926388024752	-8.376989334574159	2.668842507274779	9.71865344808743
23.14356154831699	21.273724196406267	4.771722717152326	18.95376706123352	0.02968819183399748	-0.4470899065739377	1.1863346955249128	1.2681327939537137	0.6984819438648135	9.680462066518183	-0.37105776120221695	9.712718811401423
23.145437954983297	21.2575794436792	4.811308031408438	18.986830472946167	0.05675175576606114	-0.48829663639611776	1.1972543729046117	1.2942458809428399	0.8185351278105418	-1.2462939451108974	0.3302646887926031	1.5271945251811179
23.145437954983297	21.2575794436792	4.811308031408438	19.020204305648804	0.0	0.0	0.0	0.0	-1.7004866139206551	14.63112255481342	-35.87404490135237	38.780259147178725
23.132449537846078	21.232309758879108	4.866894421056693	19.054288148880005	-0.38107255244411753	-0.7413977534364801	1.6308721194143325	1.8315651200298424	-11.180445522507114	-21.752175903619538	47.84883290160755	53.737048008517526
23.132449537846078	21.232309758879108	4.866894421056693	19.08747148513794	0.0	0.0	0.0	0.0	11.483852903820004	22.342471765755686	-49.14732222033189	55.1953277329639
23.12612324242376	21.22198029769793	4.828892046235235	19.11787486076355	-0.20807871797597818	-0.3397471816411731	-1.2499393254690632	1.3118968014526537	-6.843934717587826	-11.174653295898706	-41.11186010596053	43.14970869049075
23.152610222060037	21.170779793995933	4.983743271655837	19.157875537872314	0.6621632819929061	-1.2799909252230306	3.8712151046731207	4.130755786453884	21.755681725152684	-23.505695691732136	128.02669355364674	131.97220040431935
23.176032528647394	21.13346548633649	4.955882098491284	19.18596744537353	0.8337741602752187	-1.3282938389935381	-0.9917864482269656	1.8555819119450094	6.108907993338549	-1.7194600889389482	-173.11040742567533	173.226696727011
23.200563179116354	21.091764606782053	4.911207870934798	19.22536826133728	0.6225924481241876	-1.058376039542035	-1.1338401620308933	1.6713391967437954	-5.359830932063237	6.850563696443373	-3.605349542370555	9.415761036793645
23.227697957183018	21.055585096206073	4.853670300930434	19.25657343864441	0.8695601309871341	-1.1594073066751984	-1.8438469180311288	2.3452359329728623	7.914317564429482	-3.2376443863397824	-22.7528512019713	24.30660407177608
23.255309652792608	21.018589638856803	4.823958996190873	19.287043571472168	0.9061888822629304	-1.2141547776768173	-0.9750960032735083	1.801710945210788	1.2021198424979245	-1.796758527804745	28.511556535328726	28.593395905177346
23.292692495089035	20.98640993234672	4.7903377283743955	19.32564353942871	0.968468220971428	-0.8336718451764165	-0.8710180240131137	1.5464837013777812	1.6134557100828077	9.857078972934906	2.6963229445570738	10.345791541898532
23.31553420271277	20.966316986754816	4.752590252675792	19.353418588638306	0.8223822557924745	-0.7234171014524874	-1.359042621806191	1.745463183571078	-5.259611389940905	3.969560697874199	-17.570611454560165	18.76558847983256
23.349429500832795	20.938340289016793	4.717508534493994	19.3886935710907	0.9608877386621291	-0.7931030944035277	-0.9945212085971722	1.594173829609949	3.926450794315285	-1.975507515704341	10.333709271180506	11.229656855223379
23.38404477842354	20.910064115815565	4.713347823368737	19.418781757354736	1.1504607584844133	-0.9397765938129583	-0.13828387955142446	1.4919324496889965	6.300579840828265	-4.874787005182074	28.457592010759956	29.551571831755624
23.719730834520007	20.799318704050954	4.641972816939847	19.45263624191284	9.915556549690015	-3.2712183691512813	-2.1082880853316337	10.651948646117509	258.9050137851818	-68.8665565513793	-58.190347054294634	274.15419979392755
23.436675683662784	20.862496019875067	4.722468995483516	19.49045872688293	-7.483779848971897	1.670363961386172	2.1282625561836905	7.957799827805991	-460.02626248434024	130.6519742011899	112.0114303664943	491.16256073801827
23.442145941709352	20.843973451586148	4.730151181046966	19.51843547821045	0.19552870819519988	-0.662070019212702	0.27459176633898996	0.7429460439425987	274.4889307291964	-83.37043687787543	-66.25754249105442	294.42293520549526
23.7678975316651	20.734872774848096	4.66983594983762	19.554712057113647	8.979666765848961	-3.007468731524554	-1.662649374140086	9.61476397724451	242.14350755328053	-64.65324965097729	-53.401979984068554	256.25239980701855
23.43205351591004	20.812102895470325	4.77280112766955	19.58665251731873	-10.514689318772723	2.4179401338100193	3.2236598086194204	11.260422217781649	-610.3342268537559	169.86007184929034	152.98180274754156	651.7390155957412
24.048506918733754	20.62196824010603	4.624225155651245	19.6186797618866	19.247781416766717	-5.936653556361037	-4.639049472502941	20.669826436722058	929.2860231066015	-260.85895939209735	-245.50064756460594	995.9369846486534
23.520188032713513	20.741896378559154	4.78819039966212	19.661264657974243	-12.406250444592388	2.8162130114467097	3.850314526385644	13.291765412159775	-743.3159352135724	205.5392256868183	199.35152551310287	796.5588387324353
23.793125252149213	20.64465131239363	4.763051063190063	19.687723398208615	10.315578784856095	-3.675347552609354	-0.9501335380812733	10.991910618233373	858.7645907620159	-245.34654736218877	-181.43146733157218	911.3665168236579
23.65964851714722	20.65431118247867	4.8663511623045	19.720052480697632	-4.128689239706574	0.29879815142664545	3.1952685062909043	5.2292538665338615	-446.7886779487061	122.92788406185326	128.2251683381502	480.80461854938955
23.413060887744656	20.692099604713228	5.005927583085076	19.759434461593628	-6.26143286326249	0.9595358429113742	3.544169633040631	7.258607919067024	-54.155316087026705	16.77766522790388	8.859410288962867	57.382727903556216
23.876255603625584	20.556094251210176	4.948648147841893	19.7879638671875	16.235694583851362	-4.767198988971039	-2.0077332159870296	17.03980508946991	788.5592769568984	-200.73095505054889	-194.6028223672551	836.6533978079533
23.411329510533744	20.67395765747811	5.089802549463566	19.82037615776062	-14.34412949134205	3.6363800331247917	4.354965327218619	15.425402218774517	-943.4638383920208	259.27137124535756	196.30511854297356	997.938554154024
23.5180630139718	20.633140624597036	5.091376526089526	19.858579397201535	2.793833847601666	-1.0684181100453731	0.04120008274152982	2.9914415041406985	448.59974153368574	-123.15181152233599	-112.91621620592699	478.704677925322
23.40924793809993	20.66003218423245	5.146106405991782	19.88467621803284	-4.169667890785191	1.0304534720625191	2.0971857168364973	4.779764911419153	-266.8333351177163	80.42633222166552	78.78299228036973	289.6121259846037
23.67360909200187	20.586695926466895	5.1172633584937754	19.919740676879883	7.539290854455497	-2.091469829477774	-0.8225721555785389	7.86713274241799	333.92669187673283	-89.03383665947048	-83.26829982323584	355.4823052888794
23.421065934026384	20.646270808989524	5.18528635909836	19.9562087059021	-6.925056405478669	1.6336194776617892	1.8652776809831015	7.355567934838942	-396.63090240282236	102.14671335459863	73.70428039651298	416.1518289504343
23.696825818348604	20.561207534421165	5.1238577325545025	19.98768258094788	8.761548551651705	-2.702662905175526	-1.951733825418946	9.37434716272266	498.4008144632215	-137.77402294855756	-121.27554998709445	531.1241025237929
23.4314646939524	20.628400443449312	5.211779893208592	20.020848035812374	-8.001130256780687	2.0259908782400102	2.6510162762222387	8.668945248499286	-505.42586787728976	142.57768520695848	138.78145559730106	543.179525254949
