x	y	z	Tiempo	vx	vy	vz	Módulo Velocidad	ax	ay	az	Módulo Aceleración
24.46527137595543	19.94022709496015	6.031150640526222	40.116272926330566	0.0	0.0	0.0	0.0	0.0	0.0	0.0	0.0
24.460358273079528	19.941833281486087	6.033511325109129	40.15247917175293	-0.13569766261565674	0.044362139934692305	0.06520103245638002	0.1569491310339619	-3.747907606344657	1.225262089929143	1.8008228054518935	4.334863480128214
24.46286964889208	19.94109532692637	6.035446265844946	40.18097305297852	0.0881373721140201	-0.025898702738139198	0.06790723666243181	0.1142380495185876	7.855547405336606	-2.4658221221798176	0.09497492407672048	8.234010202320947
24.46279107974719	19.9403963953222	6.0344381027266545	40.20712947845459	-0.00300381812345017	-0.02672122017625032	-0.03854361213134197	0.04699634631711009	-3.484466572883348	-0.03144609491322573	-4.0697781465275265	5.357759822573213
24.457849728596912	19.94167591564948	6.038418925811264	40.24809575080872	-0.12061998483932425	0.031233506339541063	0.09717318310529784	0.15801056982277073	-2.8710487910430493	1.4146936781262778	3.31289100612903	4.606465693128609
24.453305147504363	19.944975882110374	6.041647010243796	40.2829897403717	-0.13023965300234794	0.09457119986059967	0.09251118811468317	0.18564589675949153	-0.2756826686631183	1.8151462275974912	-0.13360452757060184	1.840816919508832
24.4581838787248	19.94307404068158	6.036300952656252	40.31818675994873	0.13861205519856695	-0.054034161177511676	-0.15188949666159496	0.2126109395507215	7.6384793778489195	-4.222100701250237	-6.943789210372598	11.152968669166423
24.45974501184786	19.94356210868223	6.035952138128669	40.35147929191589	0.046891390675894234	0.014659984441281618	-0.01047726042366101	0.05023435725997869	-2.7549921589970308	2.0633499935229316	4.247566282355487	5.467102917899884
24.45957421241194	19.943392225904365	6.035107832074669	40.38416242599487	-0.005225919751392908	-0.005197872929019272	-0.02583308112251986	0.026864031724909088	-1.5946240131479807	-0.6075873054985986	-0.4698392957587189	1.7699539657715022
24.45820899950991	19.94441984838309	6.037441290413556	40.420706033706665	-0.03735845986518555	0.028120444123400035	0.0638540769507554	0.0791439008668952	-0.8792930453723108	0.9117413178028413	2.454250242083645	2.761842273012093
24.459024305556156	19.94453858063989	6.034489698510584	40.44189786911011	0.03847264905205096	0.005602735890381622	-0.13927967289194768	0.14460415849977343	3.5783171902570827	-1.0625652664969574	-9.585472233788028	10.286626113764237
24.455652851094634	19.943699693770448	6.037543178465192	40.48610997200012	-0.07625636966215539	-0.018974145417345507	0.06906434562056675	0.10461804789025153	-2.594968599426607	-0.5558858254009412	4.712375229714965	5.408266948711291
24.452505185474624	19.94603100887822	6.043316482209094	40.51517820358277	-0.10828541843212826	0.08020147703661641	0.19861214217612713	0.24000998267502574	-1.1018574927375877	3.411821671090629	4.456679663749807	5.719843588325358
24.44943226831775	19.947316007275777	6.042406778916385	40.549816846847534	-0.0887135542055244	0.03709724967391112	-0.026262671021932627	0.0996796294252305	0.5650297581520343	-1.2443971039291142	-6.492021395850008	6.634314175861647
24.45079400551326	19.9454165096945	6.040058099992971	40.5810296535492	0.043627515094197246	-0.060856352952582245	-0.07524728377882442	0.10615559092235607	4.239960557364824	-3.138250384296939	-1.5693754562057771	5.503527988944037
24.453819568300318	19.944608404975487	6.038742130458432	40.61378645896912	0.09236440331323385	-0.024669826884940658	-0.040173927758516345	0.10370018239853368	1.4878400867929582	1.1047025374957302	1.0707196739941354	2.1402047660202257
24.45385723477508	19.94552055197034	6.038893412731623	40.65086340904236	0.0010159000318568931	0.02460145705219854	0.0040802243143641045	0.024958204511170753	-2.463754518668437	1.3288925825834552	1.1935758465965736	3.0431340959417468
24.45362934788869	19.947356398829452	6.036430621636564	40.67712044715881	-0.008679078172421808	0.0699182768052544	-0.093795464824945	0.11730933914683297	-0.36923350460473053	1.7258922941752584	-3.7275982426201826	4.124321307851912
24.45860511821307	19.944314493874035	6.031893959298251	40.71580171585083	0.1286351376941511	-0.07864025814760085	-0.11728318361101936	0.1910147481454	3.5498891455675827	-3.840580724890136	-0.6072116965212667	5.2650241494800785
24.45777240119469	19.946777823414536	6.0351944601379515	40.74945545196533	-0.024743672308776624	0.07319631710783028	0.0980723456222277	0.1248524534533457	-4.557556684971874	4.511730131205321	6.399156649369662	9.059593673930953
24.459939842960917	19.944978355845006	6.034387728294849	40.782697439193726	0.06520193126052484	-0.05413237052184583	-0.024268460172361728	0.08815079998249657	2.7057829891852756	-3.8303572754194026	-3.6803096323342657	5.961340237880668
24.45459558660463	19.94508716390828	6.040132934968228	40.81080484390259	-0.19013695542666598	0.0038711529720053136	0.20440189099235814	0.2791902231194826	-9.084399265318229	2.063638535633372	8.135591084744291	12.368215567155847
24.458194144987253	19.94402664674348	6.036382310301018	40.8406937122345	0.12039794690995734	-0.03548201133017213	-0.12548566996782248	0.17748603357853437	10.389650718394648	-1.3166495253406512	-11.037137883470637	15.215019575457696
24.45542148743884	19.944831613297364	6.039792746297133	40.87835669517517	-0.07361757704587106	0.021372883691945135	0.09055140431883811	0.1186419176831185	-5.15135841102758	1.50956962468093	5.736058522686824	7.856058891474278
24.457891147169697	19.946308448886636	6.03977973550139	40.92165184020996	0.05704241731657705	0.03411088213438197	-0.00030051396600131765	0.06646412537563397	3.0178902104948624	0.2942130909181885	-2.0984320115300434	3.6874977386409857
24.455141190896097	19.94553757817243	6.041339941721203	40.94926643371582	-0.09958344210342698	-0.027915338099842688	0.056499336826456664	0.1178486448977014	-5.671850986572391	-2.2461391735157603	2.056878033725391	6.437839858703096
24.456989583563423	19.94516034000263	6.041863096808333	40.98175072669983	0.05690112043493961	-0.011612940752206766	0.016104862968315627	0.06026578225572112	4.817237752885681	0.5018547688774138	-1.2435078663410108	5.000394943454373
24.45496264077771	19.946843733508288	6.044724585648283	41.010955572128296	-0.06940433191745013	0.0576408976305455	0.09797993442420011	0.1331897215190916	-4.324811533817474	2.3713132997871846	2.8034755964186173	5.673323275515239
24.457774316445708	19.943681252963295	6.03986034187065	41.04302144050598	0.08768437626207727	-0.09862450964198544	-0.1516953703027787	0.2010642412610675	4.898938220829365	-4.873262917191886	-7.786326002034188	10.41033908004605
24.460924379689395	19.944885309080483	6.038155729021182	41.07581973075867	0.09604351993407508	0.03671094157385438	-0.05197261309463037	0.11520938965401288	0.2548652264370199	4.126295918878225	3.0404864534053866	5.131844908718458
24.461716840898504	19.94503572144028	6.038105976206223	41.11195397377014	0.02193103115117585	0.004162598888532121	-0.0013768882592271226	0.022364998952359733	-2.051032001953505	-0.9007617144487119	1.4002154360708847	2.6417242866478636
24.458256481510507	19.946900479133493	6.039228939589869	41.15533256530762	-0.07977113284113174	0.04298797234118315	0.02588750219506829	0.0942420403570693	-2.344524346864632	0.8950353636795481	0.6285218004540601	2.5870682961460494
24.456128461646255	19.944563436301284	6.04452891493167	41.18952035903931	-0.06224501882023976	-0.06835898363465706	0.15502536909506318	0.18050002236718943	0.5126424407038184	-3.2569213693549974	3.7773091739550897	5.0138212646460865
24.456773447729727	19.946154838855808	6.041770382085433	41.20789480209351	0.03510234740554081	0.08660956687663911	-0.1501287869296814	0.17683903565931355	5.297976430556112	8.433918244712205	-16.6075322731966	19.36516613464713
24.458296840488448	19.946890953867413	6.041240963374758	41.2564058303833	0.03140301932212536	0.015174178687949643	-0.010913368142037383	0.03654458818489053	-0.07625746585533016	-1.4725597602664613	2.869768456690303	3.2264250252670275
24.457691434316974	19.942102000028978	6.040448663693041	41.28682589530945	-0.01990154106979429	-0.1574274693384705	-0.026045298839461946	0.16080372206794424	-1.686536847191966	-5.673940816545102	-0.49743255756229376	5.940155728254578
24.459097592313714	19.94389694022682	6.040918519390068	41.30678939819336	0.07043643617641963	0.08991108465689147	0.023535734172503143	0.11661571707300983	4.525156620635879	12.38953681794469	2.4835838329716746	13.421842409292772
24.46352351701327	19.94309779057338	6.035939580700843	41.347247838974	0.10939434674593748	-0.019752359162212497	-0.12306303933511771	0.16583663781818592	0.962911813155196	-2.71052076410173	-3.6234410095648557	4.626385924491907
24.46033196740735	19.945465660259327	6.039113077718143	41.3896164894104	-0.07532809218725248	0.05588730491904778	0.074902008551445	0.12003342538112695	-4.359884892025831	1.7852743314258093	4.672441672026435	6.635323043277708
24.458402866466383	19.943517377087407	6.035223079656365	41.41834449768066	-0.06715052859977101	-0.06781824739090399	-0.13540785790589036	0.16566169186949745	0.2846547352169929	-4.306095680083392	-7.320725630501815	8.49802989412255
24.45715344345646	19.94565079348292	6.042571644565843	41.44605016708374	-0.04509629389371638	0.07700288213483966	0.26523686551532927	0.2798458761683247	0.7960188358993514	5.2271297768978275	14.460748722304219	15.397070672737122
24.4571477492152	19.94626933668162	6.041182447676433	41.47766375541687	-0.00018012005470061148	0.01956573838386924	-0.043943030913525444	0.04810239627718324	1.420786952930151	-1.8168498667637296	-9.779968448088049	10.048251681241553
24.45043673791765	19.955461306609312	6.047856765463826	41.50864410400391	-0.21662155539325656	0.29670324405374054	0.2154371429566323	0.4258765969835906	-6.9864105863895025	8.945590295448682	8.372409792013674	14.10428177331435
24.44672487741538	19.95502421318213	6.046611240398454	41.54921913146973	-0.09148140455099232	-0.010772473969333318	-0.030696838502968185	0.0970937148744428	3.0841667562074235	-7.577954649128453	-6.0661445433889725	10.185067052583914
24.444741287873313	19.958224985374304	6.049237376715985	41.5783839225769	-0.06801315787857569	0.10974781819664745	0.09004474977656049	0.1574116584178689	0.8046773448909288	4.1323900357492676	4.139977819002531	5.904538032629945
24.442143515662018	19.958159024728396	6.052146683242267	41.60956645011902	-0.08330858387879121	-0.0021153078697582423	0.09329925299838594	0.12509814261343083	-0.4905127071419871	-3.5873655820651793	0.10436944912272647	3.622248958473697
24.43842941175185	19.9638796472561	6.055089198907819	41.643755197525024	-0.10863527306396127	0.16732471826971038	0.08606678772428883	0.2172709733187965	-0.7407902045782753	4.95601737400018	-0.21154519609064715	5.015538825348658
24.43255388357177	19.962675246394305	6.060063033601492	41.67667078971863	-0.17850288536575157	-0.03659058766771643	0.15110877132083098	0.23671926824797906	-2.1226296610688857	-6.1950975919872295	1.9760234971309965	6.840282136981573
24.421016210087487	19.96719865529969	6.065175383831223	41.7199912071228	-0.2663333867870843	0.1044174820196681	0.11801248778453184	0.30945667021717377	-2.027462030245084	3.2550025631515624	-0.763988103519742	3.9101562363323095
24.422896184780257	19.962313162786504	6.062307667494192	41.75801682472229	0.04943968859548885	-0.12847897868860564	-0.07541537831773236	0.15696690753178769	8.304219505611151	-6.124725261830169	-5.0867777649158334	11.50424396298668
24.422023584751077	19.96375170373118	6.064230131817537	41.78193235397339	-0.03648675385845171	0.06015091405973834	0.08038560648856756	0.10682350583969852	-3.592914108308653	7.887339258430949	6.514636710335094	10.842492510254047
24.414837651526174	19.968724697028765	6.069215547897654	41.8258113861084	-0.1637669035814924	0.11333416111558318	0.11361727543985124	0.22928828156453573	-2.900705497136243	1.2120423917329646	0.7573473555440875	3.233684300828361
24.412209985489014	19.964003106306905	6.0658540625049095	41.8546998500824	-0.0909590083960521	-0.16344208283660874	-0.11636082125273628	0.22028775810964438	2.52031036509836	-9.580857057727387	-7.960897363722024	12.709078374640043
24.41308007902741	19.96262620347891	6.066055370156545	41.883469581604	0.03024336663490882	-0.047859425694057336	0.0069972029973328475	0.057045128652360805	4.212843451109937	4.017509063502239	4.2877711304833035	7.230035289422077
24.41332900348611	19.963239890465747	6.059698724594962	41.90977835655213	0.009461651452402717	0.023326323177279725	-0.2416169348103335	0.24292464549386214	-0.789915730530046	2.7057796880194593	-9.44985611446331	9.861287500397557
24.410264314457308	19.964731683599954	6.0610180529818125	41.94855546951294	-0.07903345026995355	0.038470969608145625	0.034023378382606884	0.09425440064384329	-2.2821477661784018	0.3905563172320863	7.108324786105854	7.4758955268495955
24.40916483463277	19.96958009676238	6.061168208166658	41.985310792922974	-0.029913485246031497	0.13191050200647061	0.004085263600321813	0.13532141928699887	1.3364041033172445	2.5422040599652584	-0.8145245913986976	2.9853354451150422
24.406620863007753	19.971743734023793	6.060309594564905	42.01238679885864	-0.0939566799867202	0.07990976462894087	-0.03171123554162907	0.12735395815111658	-2.365311741061503	-1.9205468303220408	-1.3220745787617767	3.3213071149280315
24.39926394812572	19.977791756056956	6.065222432611077	42.0564546585083	-0.16694513735223407	0.1372433805781532	0.1114834731078242	0.2431768680904067	-1.6562741632059268	1.3010301930935058	3.249413740260106	3.872287866679799
24.39689820259798	19.97579945322864	6.066934037267174	42.08976316452026	-0.07102526684598212	-0.059813635219830026	0.05138641329282745	0.10612644797530506	2.8797410028484127	-5.91611691401744	-1.804255639488167	6.822659745028655
24.39509351244336	19.979836182207183	6.069426749324438	42.11074113845825	-0.0860278575974731	0.1924270184754595	0.11882520517146652	0.24196772327359503	-0.715159185335731	12.024071268313968	3.214742857340178	12.466928818465405
24.392851871860657	19.98403061399451	6.0710921841518255	42.16019701957703	-0.04532606703172758	0.08481158746827047	0.03367516238134491	0.10188951998543669	0.8229919201720274	-2.1759885492429465	-1.7217374529352945	2.89423940335712
24.39375024262091	19.98774127475536	6.072853334494081	42.19187998771668	0.028355006270061715	0.11711847022970588	0.05558665887907418	0.1327050077987274	2.3255735692762927	1.0196924296687404	0.6915859777136526	2.6317971505817774
24.394606406929253	19.982739901510698	6.068823138987052	42.21811628341675	0.03263281974442874	-0.19062802545906077	-0.15361145312211072	0.24698263814523302	0.1630494458238723	-11.729799786026613	-7.973614659353666	14.184263071372905
24.390255359133597	19.986365470139372	6.0749600996481545	42.25453186035156	-0.1194831487482343	0.09956092787337385	0.1685257018469817	0.22932403575904906	-4.17722253213117	7.968813836229647	8.846136243996153	12.617658597646862
24.396124507602856	19.98869839806694	6.071132012621949	42.28567981719971	0.1884280403325527	0.07489826504326666	-0.12290010047427341	0.23710611798653367	9.885437769865446	-0.7917907087885392	-9.356177156082557	13.634033277222382
24.395475640875684	19.99175463741736	6.066457282606371	42.30866837501526	-0.028225638701564595	0.1329461106233515	-0.2033502950940151	0.24458678935055075	-9.424413691908551	2.5250755634968742	-3.499575539502401	10.365452667119076
24.39422102775278	19.992884250098086	6.063586624821492	42.3471200466156	-0.0326283116100427	0.02937746614683056	-0.07465625460228885	0.08660946014709939	-0.11449886897606205	-2.6934757363214428	3.3469036620655594	4.297637217855526
24.395209476231027	19.997230027679386	6.057783185176147	42.38416290283203	0.02668391639324103	0.11731756201272647	-0.1566682550459238	0.1975357787587505	1.6011785823625366	2.3740095891117963	-2.2139761568185405	3.6195835126119493
24.395591408264494	20.00402997076974	6.0563728955405525	42.41663837432861	0.011760630896662039	0.20938704742343908	-0.04342630208595925	0.2141660378786843	-0.4595248293207885	2.835046919038657	3.4869995027441867	4.5175014813557155
24.39903621075999	20.006573750660753	6.051244446019397	42.448304653167725	0.10878456900477056	0.08033087512232223	-0.16195302097893594	0.21098794504823132	3.06395135977497	-4.075507986171028	-3.7429948588270245	6.325154052955253
24.4069040787255	20.003791093688125	6.046831983083076	42.4904215335846	0.1868103213635829	-0.06606987376757789	-0.10476708846062864	0.22414162311392763	1.852600467710462	-3.4760587071219526	1.3577912692553447	4.166378494470396
24.410942023696357	20.00770283649845	6.041715766955015	42.512075424194336	0.18647664956071344	0.1806484978069236	-0.2362723734164172	0.3510442351486691	-0.015409323381334957	11.393720233517474	-6.0730557536239145	12.911200733995932
24.414076196024144	20.01409896785097	6.041245700691741	42.552377462387085	0.07776709239362456	0.15870491020653268	-0.011663585375652832	0.17711862806276837	-2.6973712011083215	-0.5444783585247784	5.5731371938696395	6.215474741414653
24.41700944602488	20.013233846570902	6.0437765039860665	42.57647633552551	0.12171730951435049	-0.035898827098615305	0.10501749520768418	0.164719469165501	1.8237457356727405	-8.075221450700761	4.841765003413332	9.590512933859186
24.4262895118553	20.011151200451494	6.039119010929137	42.62098431587219	0.20850341350322288	-0.04679264489617993	-0.10464399913569362	0.23793610826015246	1.94989984521611	-0.2447610004478064	-4.710649477021678	5.104139089903275
24.427342873561937	20.016546284475496	6.040170855029274	42.64616918563843	0.0418251798169242	0.214219254420567	0.041764921157026964	0.22222408346188388	-6.618189223664738	10.363837563562797	5.8133681711154575	13.601647221461288
24.42539396601909	20.020395970111693	6.037728743955012	42.67817211151123	-0.06089779261411111	0.12029167743906094	-0.07630899387038426	0.15492479256686037	-3.2097994051954193	-2.9349684261628455	-3.6894725031299336	5.703425219595461
24.424635717945556	20.02450772773358	6.0392255885577315	42.72137689590454	-0.017550095068911354	0.09516903462491032	0.03464534365206699	0.10278837884281969	1.0033078084729738	-0.5814782591078129	2.568103025636912	2.8177822262629446
24.429777631480327	20.026121953226458	6.0414314426598645	42.753111124038696	0.16203052152502964	0.05086701608281925	0.06951024908524213	0.183502092518683	5.658893477250198	-1.3960326482435912	1.0986530154691345	5.931190520479533
24.42678803559549	20.03074235416278	6.041630681602383	42.779311180114746	-0.11410646893884697	0.17635080333072956	0.007604523514765604	0.21018496822316368	-10.539557230806887	4.78944727765749	-2.362808895934626	11.815411026520502
24.429246498201103	20.028780822935612	6.043511589229649	42.818608045578	0.06256129023603475	-0.04991571729813573	0.047864062568154404	0.09325482483449841	4.49572140404096	-5.757877071402246	1.024497465097619	7.376601817105433
24.42776733165175	20.031760307803378	6.046910032765055	42.84479093551636	-0.056493632018255135	0.11379511103550043	0.1297963495782084	0.18162585200908038	-4.5470504797062175	6.252588187135955	3.129230088922842	8.340420136439691
24.428545806793135	20.03104325106711	6.047235487131537	42.88991737365723	0.017250976887523774	-0.015889947574162473	0.00721205528044343	0.02453773377579281	1.6341774787448042	-2.8738155270493753	-2.716462884021539	4.278845909332728
24.42974177942238	20.031431573290828	6.046926394897548	42.91854524612427	0.04177651100761261	0.013564480705444262	-0.010796898524151959	0.04523101841124497	0.8567012497461988	1.0288724149346873	-0.6290706312643007	1.4792718940916507
24.42660916062035	20.032124637934583	6.048277217905061	42.94710421562195	-0.10968949010158495	0.024267844951883773	0.04729943101143466	0.12189318566417008	-5.303622776777658	0.37478117854738263	2.0342586079762	5.6927219828719355
24.426342329895576	20.034624033169276	6.046225421816842	42.98198080062866	-0.007650712497355784	0.07166398987206121	-0.05883018901719221	0.0930336067552938	2.925710117105397	1.3589674823682854	-3.0430049274662796	4.434687282780075
24.430765857025712	20.031233523204126	6.048474487757093	43.01521444320679	0.13310389072570994	-0.10202041371722079	0.06767437348958563	0.18084421851019333	4.235304718469621	-5.226162109103391	3.806521124170887	7.729177156572246
24.430466661223317	20.03217118108685	6.046067688156495	43.050564765930176	-0.00846373609474394	0.02652473331177123	-0.0680842327644569	0.07355718222625716	-4.004705358086848	3.636321739827944	-3.8403781293974206	6.633928321695137
24.42969933039343	20.03457754805323	6.050759286455226	43.08071422576904	-0.025450898091993815	0.07981459632258552	0.15561135502277243	0.17672863891245713	-0.5634317194416487	1.7675229770490162	7.419555407717522	7.647966737967648
24.42519901955087	20.037470020859562	6.051957882814802	43.11824131011963	-0.11992167578264597	0.07707693939950444	0.031939501304681185	0.14608968017387355	-2.5174025460674274	-0.07295149544540434	-3.295535900490502	4.1476733684146625
24.422904633327164	20.0353350667587	6.051756856347888	43.14451718330383	-0.08731912380691699	-0.08125149965116434	-0.007650610333870993	0.11951973651431629	1.240779012258599	-6.025620459526683	-1.5067096480870523	6.333862048005671
24.42515163716237	20.034914530766777	6.05547721061512	43.1799521446228	0.06341205836174567	-0.011867827034979132	0.10499106331012949	0.12322766669541885	4.253741970023553	1.9580569593860797	3.1788287457138824	5.659793282295477
24.425656805290508	20.033933970236873	6.052325025401864	43.21984553337097	0.012662953536695346	-0.02457952459475108	-0.07901522814103186	0.0837132588050172	-1.272118173399838	-0.3186417087807663	-4.61245076503076	4.7952600811115245
24.425124922496394	20.035537769975324	6.053217481611575	43.25473356246948	-0.015245423942178885	0.04596991517985401	0.025580585454981812	0.05477246027922573	-0.7999413609771825	2.022167534181993	2.99804306229722	3.703691391124563
24.425434540083515	20.036253410969863	6.058151244349818	43.27840781211853	0.013078242888814097	0.03022866638426212	0.20840207446414083	0.21098871379622924	1.1963913218314872	-0.664910146211328	7.72237733906434	7.842739920740895
24.42591176456872	20.035191311875344	6.0541412582100715	43.32075619697571	0.011269012662822021	-0.025080037836164828	-0.09469041507180449	0.09860159050810957	-0.04272253197126183	-1.3060404642811907	-7.157120408680083	7.275433970109468
24.424024263689436	20.034991751228308	6.053104729430316	43.359270334243774	-0.04900800103991135	-0.005181490776949004	-0.026912942967946402	0.05615103304299481	-1.5650620260086008	0.5166556612891987	1.7598076164114176	2.4110734257537576
24.424685307777025	20.038062510727343	6.049925542276737	43.38915824890137	0.02211743760522513	0.1027425142976727	-0.10637032359069173	0.14953210702460185	2.379739083839617	3.610958018016306	-2.658512028458294	5.076402478181523
24.422397040724423	20.043977911062722	6.056671333880746	43.41371250152588	-0.09319229086687895	0.2409114390830128	0.2747300725119387	0.37709380437827433	-4.696120473933468	5.627087368458957	15.520749172474924	17.1642452392422
24.427887423235223	20.04222985725142	6.055955419195541	43.45066857337952	0.14856510000695552	-0.047300855410833106	-0.019372044952175264	0.1571121764482382	6.541750211745992	-7.79878055317387	-7.958154173660224	12.92082395984046
24.429471778405755	20.03908704968899	6.050211148640267	43.48128914833069	0.051741522589265204	-0.10263711793267673	-0.1875951240116841	0.22000794006203678	-3.1620430893961644	-1.8071594870469883	-5.493792305590618	6.591365246122282
24.431468529476103	20.04110031245918	6.048634699610001	43.513434648513794	0.0621160367383793	0.06262969182995481	-0.04904104839827163	0.10092524335764773	0.3227361244970322	5.141211330396093	4.310216821147228	6.7167091343267975
24.43317691310725	20.043040077514377	6.048682967946024	43.55884146690369	0.037623944855105625	0.042719686689824996	0.0010630195581809714	0.05693560281509203	-0.5393923809628896	-0.43848051561704937	1.1034481105068048	1.304149928419906
24.430426037682892	20.043607949056973	6.052038581924389	43.58848857879639	-0.09278729861828568	0.019154362983206604	0.11318518952233135	0.1476050796327058	-4.398784068592583	-0.7948606863261012	3.781891820354935	5.855237871652891
24.425535054907456	20.051079432964166	6.0600930188631645	43.620333194732666	-0.1535890018338597	0.23462314389794098	0.2529293163683375	0.37763850467799204	-1.9093244313964257	6.766254658115044	4.388312521200836	8.287641924366596
24.423627321343872	20.053397080732303	6.060404031799975	43.66182088851929	-0.04598311907612965	0.055863499669506066	0.007496510613732381	0.07274184151282001	2.5936819556943096	-4.308738999758071	-5.9157977547971585	7.764604364099535
24.422306938720446	20.056605120801127	6.065130089124948	43.68043756484985	-0.07092472361772376	0.17232077369022447	0.25386149713595035	0.3149133614084264	-1.3397452960302538	6.255535196124626	13.233564474541327	14.698770926510536
24.42183501491995	20.062110649880157	6.064162334936339	43.72500562667847	-0.010588833822557498	0.12353081675847204	-0.021714073910842433	0.12587091441847262	1.3537920950475306	-1.094729160971246	-6.1832523053508615	6.423690064450552
24.416359015172972	20.068714595853276	6.070811592515501	43.75540614128113	-0.18012852145923797	0.21723138767330472	0.21872187579942667	0.3570364392982607	-5.57686900542926	3.082203447524225	7.9089434127283615	10.1564182614437
24.413380551350254	20.07026705699685	6.073824633156793	43.78483867645264	-0.10119630556327065	0.052746429572873184	0.10237108776850933	0.15330596108191213	2.68180146344903	-5.588541970372157	-3.9531351055191113	7.351947878382712
24.41058798796812	20.074521931630812	6.076843835203627	43.81545925140381	-0.09119892054889131	0.13895475969168236	0.09860043619850227	0.1932555674975267	0.32649240030016924	2.8153726785430564	-0.12314110940176025	2.8369145809074277
24.40961377574397	20.06947863934726	6.078308322675468	43.86071133613586	-0.02152856006345596	-0.11144883851021406	0.03236287301486116	0.11803252964101732	1.539605542992657	-5.533526238285213	-1.4637461141481984	5.927297069026367
24.406494387510122	20.07655616028505	6.0810169055586	43.89488697052002	-0.09127521083541551	0.2070925987279172	0.07925479459092227	0.2397912238314425	-2.0408297323159985	9.32071761002187	1.372086353949049	9.639677573693529
24.4042586180415	20.080933886902397	6.0830240277059815	43.92876076698303	-0.06600291972185864	0.12923637367089355	0.05925294348312754	0.15674609086936633	0.7460720011455483	-2.298420407114272	-0.5904815283883238	2.4875747695497457
24.40539008791448	20.082281715527486	6.089058452217529	43.95849275588989	0.038055640223901815	0.04533260890523279	0.2029606741227783	0.21141502411933372	3.4998856037427757	-2.8220030966815286	4.8334381897502885	6.601138193607419
24.402725280101194	20.088265772963435	6.08851833838334	43.98504567146301	-0.10035838836408009	0.22536347918067579	-0.020341036851558993	0.24753638448448523	-5.212761973607913	6.78007918865568	-8.409687077843486	11.994381932604208
24.403772273152565	20.088680338461725	6.086215889192579	44.013432025909424	0.03688367427906296	0.014604393779125601	-0.08111112665442986	0.09029235080077788	4.834790001027923	-7.424661937461164	-2.140820509995217	9.11503766836102
24.39890549856645	20.090954120523637	6.084857033699149	44.060086250305176	-0.10431583954397687	0.048736895562233186	-0.029126097604877124	0.11876619439258625	-3.0265107962205584	0.7316058133037034	1.114261992838663	3.307052230368332
24.39475870772986	20.09044317046517	6.0884523287284065	44.08565783500672	-0.16216401466659816	-0.01998116520463568	0.1405972711984665	0.21555511426124582	-2.2622053266462503	-2.687282058147789	6.637186188663852	7.509413978663041
24.387904483263586	20.09412521101486	6.097535961308721	44.1154899597168	-0.22975984891745468	0.12342535389187176	0.3044916400891392	0.40092214336711224	-2.265873949904272	4.8071171762054	5.493888567558744	7.643649121681112
24.380843680844777	20.09843441560164	6.103627575463187	44.14548993110657	-0.2353603050840676	0.1436402898787986	0.20305399879623598	0.34242945625759547	-0.18668205025430737	0.6738318421803493	-3.38125793438229	3.452796657529445
24.37574394776682	20.094167904934846	6.109854790896553	44.178752183914185	-0.15331893204742086	-0.12826884250661308	0.18721568467966737	0.2738782639645297	2.4665007962978067	-8.174705843229699	-0.47616480483671786	8.551969055301631
24.367679222077133	20.10053463308284	6.11637076629191	44.22447085380554	-0.17639895711868464	0.1392588227768774	0.14252329323755158	0.26612497235140936	-0.5048271335563677	5.851606486348445	-0.9775523117430929	5.954137840866989
24.366681293424133	20.1017637377335	6.12203712206487	44.247849225997925	-0.04268597679888481	0.05257443249443839	0.24237597580923	0.2516590495429553	5.719516278527145	-3.707888195512718	4.271156338430296	8.04388449681327
24.36572066327945	20.108835722750058	6.123947067101266	44.28813028335571	-0.02384818591403118	0.17556602235495908	0.047415464282168654	0.18341316863852988	0.4676587984652658	3.0533356850112834	-4.840004814058511	5.741707947749943
24.36584777748722	20.10673864318875	6.126457701024999	44.31297254562378	0.0051168531432271335	-0.0844158047556424	0.10106301497993521	0.1317799046723995	1.1659581862836845	-10.465304017210874	2.159527587257141	10.749214206858873
24.363658592536165	20.107499478280094	6.124557679973213	44.36041831970215	-0.0461407784693464	0.016035887413035757	-0.04004615982548249	0.06316499061702571	-1.0803413498514771	2.117189446688252	-2.974114714038365	3.807228246063864
24.364878745036968	20.10651199330095	6.125613169624069	44.38269710540772	0.05476745981258074	-0.044324003659593374	0.04737644433609488	0.08490358904468874	4.5293419316243435	-2.7092989658556133	3.924029133226357	6.5767198403433635
24.36541005165404	20.11001348810621	6.1281089285835835	44.42497134208679	0.012568094868443071	0.08282810241712635	0.05903735124684419	0.10248834275607842	-0.9982289039184606	3.0077918861553963	0.27583956155789385	3.181094220352635
24.36996437558629	20.111893212741876	6.128944709886629	44.46064496040344	0.1276664422381084	0.05269228983117503	0.023428554278600904	0.14008602727243774	3.226427617967311	-0.8447646750732223	-0.9981829331739851	3.481354865323787
24.374181467252637	20.11247314997607	6.1241082815072785	44.48932933807373	0.14701701793294053	0.020217877510143662	-0.16860844725107635	0.22461427963806915	0.6746032951196244	-1.1321288784545978	-6.694828932216766	6.823308569518442
24.37602483770965	20.116718023542425	6.117188310431515	44.51330757141113	0.07687682537220854	0.17703028853821337	-0.28859386671200715	0.3471832214307308	-2.9251609813690536	6.53978167705402	-5.003930763897108	8.738686070590438
24.377056603999083	20.121043302956103	6.121984376470187	44.56035923957825	0.021928367890559793	0.09192616504723042	0.10193190221519531	0.13900138786300847	-1.1678322920770272	-1.808737645362904	8.299934606785142	8.574629940066245
24.377504392676148	20.124377245535584	6.1249350938558615	44.57862210273743	0.024519084064829753	0.18255311614734074	0.16156926545175887	0.24501316951768856	0.14185706543871002	4.962362708968631	3.2654991014696018	5.942108334932657
24.375853405852332	20.128346757927606	6.125540816338172	44.61530876159668	-0.04500237620845255	0.10820043349411311	0.016510701741318117	0.11834336037442851	-1.8950065891799777	-2.026695397323563	-3.953986768513121	4.830378408794169
24.372526059576074	20.129076607335115	6.12698275888671	44.65993666648865	-0.07455752817239764	0.016354104215203245	0.03231033480124703	0.08288690769251963	-0.6622572140791777	-2.0580470784197753	0.354030356078234	2.190771527936441
24.36295783284015	20.1361510747907	6.134061666431028	44.690613985061646	-0.31189905705604004	0.2306090553107078	0.23075379053984985	0.45134119026768754	-7.736710375089586	6.984148584749197	6.468735370935298	12.267010890231674
24.367297918900785	20.134935567162355	6.130121286679734	44.7209095954895	0.143257917544589	-0.04012157573914524	-0.13006437882071673	0.19760899376552457	15.02385884200959	-8.936298929990185	-11.909915801821857	21.152301706368966
24.367350555260302	20.13773918790508	6.130306914136489	44.75445580482483	0.0015690702633553637	0.08357488963059757	0.005533485315719934	0.08377257079735109	-4.223691740098415	3.687345539797828	4.042121802228189	6.911934440465344
24.35590335934277	20.145357606516665	6.144620849608646	44.79133152961731	-0.31042633011155224	0.20659712194019875	0.38816689170746616	0.5382568281390729	-8.460725914695194	3.336130557484996	10.376295206264558	13.797867672496675
24.357646808693403	20.14357014679482	6.1445321658003245	44.82423663139343	0.05298416526702275	-0.05432165911559677	-0.002695138551012898	0.0759304167637939	11.044199098702586	-7.9294324275613155	-11.878462887542277	18.054033148461958
24.358474423003162	20.142394704042925	6.143195164771419	44.85295605659485	0.02881723098409481	-0.040928491557546395	-0.046553892340415154	0.06835816787195063	-0.8414839124891813	0.4663452511365033	-1.5271459467524366	1.804923214687557
24.352061627033486	20.147851444155606	6.147333841752344	44.88861894607544	-0.17981706090211852	0.15300891745327658	0.11604996233345825	0.26308458329840784	-5.850179133683503	5.438073353993694	4.559469438458399	9.197064708907849
24.355076655756584	20.148941236338075	6.145409712084197	44.92143368721008	0.09188031411636069	0.03321044581755874	-0.058636137346083805	0.11394350545946406	8.279735436694937	-3.650751689436392	-5.323403252299938	10.498601287132592
24.357216621980875	20.152274852487842	6.146690394625906	44.96491551399231	0.04921518672637921	0.07666688353420037	0.029453282819119356	0.0957467571470807	-0.9812174544474541	0.9994160993807346	2.025890508381543	2.4628951631289895
24.36505418452519	20.153380895812585	6.138252307009036	44.98207592964173	0.45672335125390956	0.06445317801962817	-0.4917181372092681	0.6741937096992113	23.746986836025496	-0.7117371609226827	-30.37055923793821	38.55900442181723
24.366138710615413	20.158054116464125	6.1414927872142755	45.02029538154602	0.028376285796569218	0.12227335607121968	0.08478615060610571	0.15147500960597127	-11.207566935549448	1.51284686646963	15.084054299341396	18.852770522172275
24.375762118257068	20.159937522450328	6.139358653193895	45.054208517074585	0.28376637817961137	0.05553617962031056	-0.06292942209908266	0.29591846309028796	7.530713052702882	-1.9678857590356853	-4.355703782705969	8.91943770007079
24.38657040614283	20.1595870213846	6.137269911508392	45.08957839012146	0.30557892790393276	-0.009909593547707242	-0.0590542601816725	0.31139056965297196	0.6166985585561376	-1.8503253625277027	0.10956109207048838	1.9534647916546053
24.392835538630777	20.15763913623217	6.134064602292451	45.116050243377686	0.23667147242414477	-0.07358325590487146	-0.12108367271896169	0.2758425949850515	-2.603046141606369	-2.4053345166602416	-2.343221380720719	4.2487845075310275
24.400089411384627	20.155142585937217	6.133822255797339	45.16346073150635	0.1530014357617358	-0.05265818584652248	-0.005111664205061796	0.16189024983841607	-1.7648001521381949	0.44135951525246336	2.4461255956525108	3.048417331730883
24.395470933807765	20.16456322177073	6.131007960541869	45.19527745246887	-0.14515881703530045	0.29609072049286417	-0.08845334058105649	0.3414158613553559	-9.371181057539738	10.961183170011877	-2.619430093822659	14.657011459235713
24.39073452617236	20.168602522549897	6.131301604795181	45.226642370224	-0.15100972597422183	0.12878403860967977	0.009362187894279792	0.19868798781405195	-0.18654309839422345	-5.334198010317952	3.118628565807325	6.181772470117933
24.398904283759933	20.1637194327909	6.131641559584083	45.260040283203125	0.24461880575231856	-0.14620942817744215	0.010178923129566498	0.2851651582710321	11.84590581973826	-8.233851826579567	0.024454678823708935	14.426447886555193
24.406399385942983	20.1596860372584	6.131704641517407	45.28889656066895	0.2597390530336425	-0.1397753240096687	0.0021860731481651886	0.29496829624322396	0.523984678870302	0.22297069243920814	-0.2769882563981689	0.6332443190113364
24.406498273015995	20.163765098129275	6.128679953386964	45.32528471946716	0.0027175618739118204	0.11209857837258796	-0.08312286827197049	0.13958111493125833	-7.063327732107437	6.921864438896594	-2.344414893130856	10.163615850313953
24.412777809750803	20.162792498519266	6.127836518089216	45.35006141662598	0.25344527135954475	-0.0392546110474115	-0.034041474226428545	0.2587165476549682	10.119496875573061	-6.108691099941892	1.980949830840665	11.985177770961508
24.413707696018633	20.162390622233264	6.12263848437839	45.38309383392334	0.02815071811000029	-0.012166117979932315	-0.15736159010200823	0.16032201157745865	-6.820407698940277	0.8200578487376233	-3.73330582395565	7.818441560197349
24.415771234188206	20.1637680638201	6.117890103441374	45.41592860221863	0.06284613160704823	0.041950702208361196	-0.14461441890843982	0.16316503249768544	1.0566669204127401	1.6481559943293242	0.38822174954703975	1.9959156518148737
24.419073573887818	20.161353291767533	6.119958551069735	45.4511444568634	0.09377423132060965	-0.0685705934706266	0.05873626096046831	0.1301748097763211	0.8782436213897168	-3.138395952443105	5.7744070652301245	6.6305820233070465
24.423723407243806	20.164827846326432	6.119420941489861	45.48359560966492	0.1432871548332349	0.10707029670566685	-0.016566732872709117	0.17963772937475764	1.5257677844441857	5.41246997450583	-2.320502889181334	6.083381643105565
24.4222827773067	20.17674567085794	6.116372920939751	45.5137927532196	-0.04770749042853198	0.3946672806958643	-0.10093737987470502	0.4101543877015424	-6.32492424046392	9.523979758861048	-2.7939943011238526	11.769335633310641
24.422377125738223	20.184524758300416	6.115750170633988	45.5489022731781	0.002687260652731742	0.22156632878119606	-0.017737363156751833	0.22229141564879937	1.4353585905140973	-4.9303138328083245	2.3697281197888587	5.6554274935730335
24.41441774063142	20.19702994619645	6.108658219845712	45.58483958244324	-0.2214797175848297	0.3479722926325779	-0.19734228670137283	0.45725480846236616	-6.237722935340319	3.5174020102281283	-4.997728745342051	8.732616843286195
24.410345390915538	20.204311230753856	6.103247860669886	45.62339806556702	-0.10561488383271522	0.18883742220953073	-0.14031566434958725	0.2578809054110144	3.0049116138767347	-4.12710401268113	1.4789643609350607	5.315055683585641
24.40300567632101	20.212595912763653	6.098265183748982	45.65864849090576	-0.20821634133480782	0.23502360411781156	-0.14135083117501016	0.34434023402043107	-2.910644524601504	1.3102304855741924	-0.02936608042244269	3.192086753301056
24.399988441277944	20.218079590673504	6.095042284491551	45.68789052963257	-0.10318141875306393	0.18752720906644077	-0.11021458823514796	0.24074907014563304	3.5919151726400225	-1.624250466771665	1.0647767493488445	4.083355692589548
24.391449419627747	20.222720244472296	6.091082125970912	45.71584939956665	-0.30541369055077305	0.16598145095751243	-0.14164229562837666	0.37535303961561434	-7.233206215934599	-0.7706233535091461	-1.124069301346051	7.360479896680461
24.38946041997188	20.223902049604654	6.0880266093841024	45.76073431968689	-0.04431331615473491	0.02632966994688046	-0.06807445749317051	0.0853876646309678	5.817106807733946	-3.1113296099564844	1.6390323952483399	6.797465023598879
24.388286667606728	20.230074943188416	6.087713560727318	45.78343367576599	-0.05170861944545593	0.271941352091744	-0.01379108093171071	0.2771571291085724	-0.32579352757629976	10.820204823827092	2.3914060104742996	11.086108269321308
24.39363524249176	20.233874748061375	6.086231114648634	45.82215213775635	0.13814016905851395	0.09813935465475881	-0.038287834859059254	0.17372391181919067	4.90331430394253	-4.488866254043713	-0.6326892306169062	6.677777105630171
24.39228137181076	20.244096636725583	6.0816373059408235	45.8502471446991	-0.048189013932613746	0.36383292892713176	-0.16350979080275305	0.40178605367017534	-6.632110231217329	9.456967738566272	-4.457089339713156	12.380822683064542
24.392071264873355	20.256319471029087	6.077583895898232	45.8874397277832	-0.005649162278686313	0.32863633794575603	-0.10898436479728917	0.3462821788991121	1.143772444030811	-0.9463335983355331	1.4660295543915665	2.0863857115625644
24.39328164835626	20.264599620061237	6.074724442586565	45.92116022109985	0.035894595952088076	0.2455524287380698	-0.08479867968759638	0.2622503257471534	1.2320032758910158	-2.463899576660741	0.7172399550201852	2.8465885457425224
24.390090949766204	20.282342953852943	6.068858086855084	45.95462274551392	-0.09535140118464532	0.5302449262986932	-0.17531121259384705	0.566555904421185	-3.9221785993393223	8.507800966771114	-2.70489254744313	9.75103101977018
24.39050250981925	20.289204099421045	6.065844082098532	45.984792947769165	0.013641275904072799	0.22741463613854812	-0.09990005141673265	0.24876398736831887	3.6125935174922863	-10.037396753199753	2.4995245487296027	10.95663216839345
24.389124024304643	20.29626778011027	6.062448001128044	46.02132987976074	-0.03772855134429038	0.19332988032090304	-0.09294926490463132	0.21780599637692433	-1.4059699172389586	-0.9328850004565966	0.19024001560130166	1.6980038562364372
24.382106276801558	20.30708348839367	6.057014436830442	46.0473575592041	-0.2696263229442485	0.41554639194538523	-0.20876099651629712	0.537548427167024	-8.909659891294067	8.537699724943318	-4.449560394490477	13.117657705400369
24.380252566151828	20.317854406175734	6.05503451415209	46.0955867767334	-0.038435428661138776	0.2233276493760595	-0.04105234917297159	0.2302994062624158	4.793585841252196	-3.9855248004503143	3.47732465784772	7.138253282738979
24.383577481873864	20.31958391799256	6.0561991801194655	46.12109327316284	0.13035564218839454	0.06780671824570497	0.045661542368131906	0.15386786844899708	6.617571774957292	-6.09730668265475	3.399678657591151	9.619107024767864
24.38130364236146	20.31815887766311	6.060260341068142	46.15546274185181	-0.06615870419711171	-0.04146239042411108	0.11816187749159578	0.14162744526772073	-5.717701025986531	-3.179249282515082	2.1094400899697896	6.873824882560789
24.38120310000486	20.322080850737	6.061503622194697	46.19294786453247	-0.0026821936119838944	0.10462745733290724	0.03316732179713277	0.10979148521500222	1.6933787605788173	3.8972754338183293	-2.267421035767497	4.816376811179151
24.379864356293485	20.33499112095652	6.061533727423011	46.2246618270874	-0.04221306968679247	0.4070847405826171	0.0009492736286913946	0.4092686530727962	-1.2464817667088206	9.537038543380529	-1.0158947533798908	9.67165255386111
24.379611617386246	20.342227712828688	6.057415261349428	46.25880479812622	-0.0074023700793860005	0.21194968252588284	-0.12062412696601355	0.24398287442344732	1.0195568384435245	-5.715233681183699	-3.560715336005288	6.81043947784699
24.388366621203886	20.344908445898675	6.057612308545354	46.290233850479126	0.2785640406631913	0.08529474703486963	0.006269587568651783	0.29139736846894737	9.09879201993002	-4.029868100025782	4.037465498794633	10.739133148420528
24.38958078444484	20.352731747650928	6.0588965849512695	46.31795692443848	0.04379612602601885	0.2821945994778425	0.046325180526452424	0.28930591936591143	-8.468321910528566	7.102381674257354	1.4448467372894078	11.14647403986663
24.38750924557946	20.36560549941124	6.066000141489718	46.35793471336365	-0.051817244551899684	0.32202260571264035	0.17768757926418285	0.3714249066065377	-2.3916622992053034	0.9962533523138716	3.2858845441304974	4.184448175421977
24.396843605248975	20.376443097273402	6.066567383974901	46.384926557540894	0.34582148623194614	0.40151379768619944	0.021015328980797505	0.530327704466057	14.73181040067844	2.9450078124180012	-5.804429265913545	16.105611065704217
24.406546316694378	20.390268105041446	6.067532269715264	46.42416548728943	0.24727258127536283	0.3523288697383683	0.024590011668182265	0.43114270326138926	-2.511508483746611	-1.2534727186249843	0.09110041253146584	2.8084102274118914
24.416058282793546	20.394549602436843	6.073820972391128	46.451826333999634	0.34387834178840176	0.15478547855937577	0.22735033174323116	0.44033967759872955	3.492509160155159	-7.141624884031901	7.3302282536507954	10.81354116229331
24.415823194635614	20.404941293622212	6.069237576245937	46.48790574073792	-0.00651585431095832	0.2880227843198108	-0.1270363500829586	0.3148615805193417	-9.711750490828141	3.6928907042986476	-9.82240878839357	14.298085667539807
24.413593145351633	20.40747491271766	6.067399043132215	46.5214056968689	-0.06656872251598217	0.07563051979956932	-0.05488165735304835	0.1147317160003296	-1.7926252789775587	-6.340075900095339	2.153874245321636	6.931756059935963
24.411277774075323	20.411692811620448	6.064055294302495	46.55667471885681	-0.06564886537267162	0.11959217083571867	-0.09480696206619633	0.16613374403215042	0.026081163907117805	1.2464664047450154	-1.1320218838738547	1.683992954509616
24.416362372066427	20.413516446744325	6.065348529219668	46.58360433578491	0.1888106319773953	0.06771856906638812	0.04802277435383012	0.2062557785875137	9.449057445913494	-1.9262658621482787	5.303816121906514	11.005709983587908
24.408171229077578	20.425088025557063	6.063357762907562	46.617143630981445	-0.244225256996335	0.34501556293688246	-0.05935623573604938	0.4268546328017692	-12.91129960949481	8.267824122289761	-3.2015881508738073	15.662335075303199
24.413164423838747	20.429610693145797	6.068633651997281	46.65484166145325	0.13245240397650446	0.11997092506244265	0.1399513190394841	0.2269868583869666	9.991971895046229	-5.969665657806019	5.286948741914147	12.783905405509298
24.413901884368897	20.440353641810056	6.066757929492039	46.689817905426025	0.021084611907555343	0.3071498664241898	-0.05362847156207594	0.3125085827073782	-3.184098102575726	5.351602119067637	-5.5346077398196725	8.331266938545864
24.419661627264993	20.450033805656492	6.073439667029495	46.717875480651855	0.20528298863094796	0.3450107063252093	0.238143798374462	0.4667825635180583	6.565014091232581	1.3493981427933393	10.399055071157024	12.371767526865879
24.42202963133115	20.45593356673132	6.08192187565563	46.761534214019775	0.054238954808890405	0.13513358312782278	0.19428434981504913	0.24279488893051562	-3.459652220076624	-4.807219701696671	-1.0045973663459609	6.007309765005546
24.423016262565216	20.462373453375427	6.08612518731678	46.78373408317566	0.044443110323713515	0.2900866937046423	0.1893394790588529	0.34924907766523094	-0.4412568568036189	6.979910984554213	-0.22274323877650695	6.997390907788232
24.42611607724156	20.469023985468535	6.088978556106358	46.82058644294739	0.08411441480393489	0.1804642127207776	0.0774270306502164	0.21362937982882418	1.076492922731516	-2.9746393897945764	-3.036778352915428	4.385127053660387
24.419492999286142	20.48753122805658	6.0883196980980125	46.84846687316895	-0.23755293238964215	0.6638076400172854	-0.02363155816139971	0.7054292517137147	-11.537388219525265	17.33629730443167	-3.6247141098077518	21.1375751573714
24.416065630852508	20.501337865387548	6.089627926618122	46.88924407958984	-0.08405108477168198	0.33858713096878473	0.03208234783438602	0.3503357063611073	3.7644032313931026	-7.975546575989511	1.3663002173501422	8.924508454712331
24.399538319386096	20.513857388167565	6.090659524187722	46.92110252380371	-0.5187733385679304	0.39297345143318196	0.03238066374725833	0.651615237486768	-13.645432616791993	1.7071241803048276	0.009363794128477557	13.751806861174014
24.403718261940735	20.521021510430966	6.096804529480514	46.958040952682495	0.11315972772843509	0.19394767132381865	0.16635805797147674	0.2794563054281416	17.1077407858925	-5.388041293322982	3.627046365828763	18.299214439852737
24.403661328927974	20.53298208315103	6.10289184968383	46.98766589164734	-0.0019217934196816336	0.4037332442864208	0.20547958632216135	0.45301885857777846	-3.8846163121107278	7.081384140961678	1.320560639706653	8.18413866251805
24.403513166385256	20.544622267154228	6.108232234029623	47.01788568496704	-0.004902831106446206	0.385184103678478	0.17671809629194363	0.4238161358850079	-0.09864520432775593	-0.6138076594934717	-0.9517434393393528	1.136796504883446
24.399140409558218	20.558823774733007	6.102113944877038	47.05147099494934	-0.13019849539405634	0.42284878675419174	-0.18217158501171343	0.4784759461540862	-3.730668686805145	1.1214630174788878	-10.685912426974765	11.373842470654102
24.398454480884183	20.57048397100814	6.096587084720497	47.09300899505615	-0.016513281146674788	0.28071154714118873	-0.13305551885813915	0.3110874993490378	2.7368966718438403	-3.4218604470005505	1.1824369499560976	4.538489776535601
24.400424173609277	20.588554957935774	6.088455078704561	47.11844086647034	0.07744977524522523	0.7105645759735049	-0.3197564930829428	0.7830355669972117	3.6946968967251195	16.902139124239458	-7.341220438880938	18.794323868286927
24.399425563652045	20.596689668139142	6.086047828434149	47.15722131729126	-0.025750344209344828	0.20976316755398206	-0.06207380830945521	0.22026534990147378	-2.661137693605446	-12.913759325080619	6.644654183196408	14.764764236001328
24.39503059877113	20.62459213742505	6.078586526914073	47.18912196159363	-0.13777041113209743	0.8746678913891884	-0.2338918753287325	0.9158220437156488	-3.511529919614718	20.842987293076295	-5.3860375166943655	21.812160869728807
24.392715972509947	20.65378093352663	6.070303330954782	47.226237773895264	-0.06236226873794489	0.7864248225086666	-0.22317162000859686	0.8198528075192479	2.031698559668306	-2.377506065700004	0.28883256637396015	3.140662092807303
24.40606836009242	20.67509013897609	6.061343574461621	47.24932980537415	0.5782248995580612	0.9227947514682705	-0.38800209073643577	1.1560448997431554	27.740615583416293	5.905497274428851	-7.137980514123638	29.24666505475751
24.42010069478073	20.703820624265326	6.041736466461609	47.29569721221924	0.3026335877525266	0.6196267430962157	-0.42286401880355085	0.8089118416704503	-5.9436429715875665	-6.538386099204222	-0.7518627941301398	8.868070941144216
24.427228904388897	20.729339794583346	6.022590684775187	47.32393717765808	0.252415663312545	0.9036544457989937	-0.6779676033203668	1.1575599749687964	-1.7782572910273158	10.057650506615385	-9.033424104901087	13.635295514411139
24.436397331601796	20.749848064615588	5.9999657792720535	47.35485887527466	0.296504652706502	0.6632323453433853	-0.7316838093327744	1.0310932789161273	1.4258269368212455	-7.775190852610819	-1.7371687246437069	8.093474558319699
24.46952190883368	20.770428288955518	5.965266351739327	47.388081073760986	0.9970615654926072	0.6194720782370798	-1.0444651201216006	1.5712367129903009	21.087012440624726	-1.3171996165248971	-9.414828790380762	23.130847577488762
24.49465588637663	20.80121878000025	5.9191735048573495	47.4231538772583	0.7166229966439528	0.8779021912830852	-1.3142048050281192	1.7353371563870803	-7.995898271152682	7.368390527030254	-7.690850402853387	13.318286227609082
24.519875430912265	20.828264898487582	5.86864298841261	47.4527268409729	0.8527905684063661	0.9145555632619385	-1.7086727232480134	2.1173630078538723	4.604461462724144	1.239421666782699	-13.338802361061733	14.165481984643806
24.538852372488655	20.859559159323183	5.82892910965045	47.48313641548157	0.6240449556761118	1.0290923612456964	-1.3059662755505184	1.7759535769705062	-7.522157623910844	3.7664715746388966	13.242751804459488	15.688838032054441
24.53253471138685	20.89969662081611	5.794417937784458	47.52041268348694	-0.16948212468301135	1.0767564362167892	-0.9258215404240351	1.4301308115814027	-21.28772870301246	1.2786707876503345	10.198036323585523	23.63900034209189
24.541340895511016	20.93065679432976	5.757356888963094	47.54904818534851	0.30752679547000467	1.0811814531247703	-1.2942343039951671	1.714225334706874	16.657955654450863	0.15452905031566216	-12.865594790413914	21.04839412221675
24.538629481947336	20.96573750316364	5.722460503523092	47.58940601348877	-0.06718432801333045	0.8692417419481137	-0.8646745141667017	1.2279075516198341	-9.284719737173953	-5.251514289621475	10.643778657651794	15.068989582750728
24.52814640867103	20.998130985698133	5.691403774482846	47.62120270729065	-0.3296906697791656	1.0187688926506002	-0.9767282483441796	1.4493391823467185	-8.255774748200874	4.702600579612659	-3.5240687247443647	10.13367303997548
24.518060325868937	21.02566326161139	5.658966405475973	47.65729117393494	-0.2794821653551771	0.7629106602015775	-0.8988292388977905	1.2116257495193832	1.391261782299543	-7.0897507220503	2.158556921085497	7.540526681158695
24.50717257782839	21.04773032327177	5.635255011972486	47.68200182914734	-0.44060944345515934	0.8930180713827364	-0.9595615049327528	1.3828869220680398	-6.520558711009493	5.265235181455553	-2.4577359650293937	8.7338910855104
24.530263243674362	21.070548193705896	5.587106326775433	47.72206592559815	0.5763431074583815	0.569534132939662	-1.2017913658970436	1.4494285057369327	25.383139543957196	-8.074160335556797	-6.046058252222901	27.313927923708718
24.474007912176617	21.114697554483403	5.559892388686539	47.75662660598755	-1.6277263891773222	1.2774447806024976	-0.7874248360354384	2.213909717652968	-63.77390351701196	20.4831224294998	11.989536235771793	68.04717520520535
24.452799055616904	21.15237253314718	5.532361096558298	47.79462194442749	-0.5581962796104047	0.9915684452535901	-0.7245965757551734	1.3490112178146043	28.148982308908913	-7.523984443533444	1.653578119315257	29.18406872816877
24.42558036917427	21.18774366700018	5.507040719512294	47.8193564414978	-1.1004341978435839	1.4300324664961657	-1.0236867551430704	2.0745801627491063	-21.92233449064135	17.7268217743081	-12.09202590768983	30.67647388944644
24.40696381944436	21.222929259982646	5.484987267049971	47.85021138191223	-0.6033571765124418	1.1403552400318782	-0.7147462340264445	1.4748939402452683	16.11012741086655	-9.388357993030692	10.01267599182126	21.16438403348538
24.388747245490357	21.266969918299775	5.449077202540694	47.88972544670105	-0.46101493357773016	1.114556514307081	-0.9087919630945753	1.5101899962426322	3.6023184072672643	-0.6528998183982738	-4.910801510935458	6.125271223383258
24.373318863657975	21.30950010685884	5.418801975052447	47.92312359809876	-0.4619531676666231	1.2734294198684208	-0.9064941088422425	1.6299554551794786	-0.028092395825153396	4.756937103178196	0.06880183950810735	4.7575175753134396
24.362104579945218	21.336463367764082	5.406001580910058	47.95267391204834	-0.3794979549757821	0.9124526037607801	-0.4331728645668814	1.0789935970791047	2.790332882132337	-12.215667715868634	16.017469224963097	20.33636682670393
24.356257091179277	21.372093977696725	5.3808675909486645	47.989808797836304	-0.15746618420558198	0.9594915717821061	-0.6768296018171561	1.1847016440374905	5.9790616305642414	1.2667056064185405	-6.561397243592669	8.966920032187371
24.354417662111576	21.41174459562491	5.354406884421727	48.02045917510986	-0.060013260237668425	1.293642083890089	-0.8633076940871386	1.5564098455374467	3.1795016125945357	10.90200323231377	-6.084039051318532	12.883261860252631
24.36671302367015	21.442572910688742	5.333542143018941	48.049792766571045	0.4191563646356085	1.0509560380503977	-0.7112917431333631	1.3364642141781524	16.33518437411191	-8.273315122727057	5.1823163609183185	19.030039267453336
24.372323933904237	21.4791776900691	5.308922385087762	48.08582520484924	0.15571830556582547	1.015884051413367	-0.6832664984005802	1.2341481695651126	-7.311136066780655	-0.9733448057621858	0.7777781929828442	7.4165389242803
24.380066518590393	21.50730809187794	5.2912824574611745	48.118295431137085	0.2384518240655131	0.8663444953991878	-0.5432646964087275	1.0500231366368602	2.547980964661971	-4.605436213734456	4.311697761227957	6.803895009421786
24.39590383303332	21.539856197083385	5.27747410955201	48.14909052848816	0.5142803824380114	1.056924900557621	-0.448394358093593	1.2580270496096218	8.95689840587163	6.1886605840453734	3.080696165158419	11.314426089715925
24.41476116805915	21.577911173313527	5.258663230105876	48.19338941574097	0.4256841694062301	0.8590503868182575	-0.4246354843809694	1.0485656268308297	-1.999964751398269	-4.466805511617502	0.5363311628356495	4.923399394897866
24.43389777332958	21.604651833931616	5.245257778225697	48.21528744697571	0.8738961537358992	1.221144509816225	-0.6121761238020076	1.6216189465845414	20.46814069835562	16.53546472358234	-8.564269427267284	27.671521246497143
24.460218528972458	21.63955156565444	5.244945256261629	48.25272536277771	0.7030507729671931	0.9322028477065402	-0.00834773938059078	1.1676267483210194	-4.563431940823222	-7.717888560832598	16.128792735548803	18.453418925018966
24.486154695970555	21.673203434386362	5.232764447527271	48.29137921333313	0.6709853384699905	0.8705955098489964	-0.3151253642090386	1.143442985626656	-0.8295534348183184	-1.5938214944256157	-7.936534663955553	8.137383383464249
24.510806433616683	21.69877589709921	5.2358469394289	48.31725096702576	0.9528437051081341	0.9884317474828048	0.11914506988010073	1.3780798211543634	10.89444380101952	4.554628922096996	16.78550434765849	20.522833784758802
24.54103206250923	21.733502234989647	5.237143666812966	48.35257935523987	0.8555620683673112	0.9829584548260174	0.03670496871263333	1.3036644627629836	-2.7536392589222456	-0.15492619203615993	-2.333537003381833	3.612744972926949
24.57264124068471	21.76770081627695	5.243458791260147	48.3857786655426	0.9521034589949252	1.0300991489117173	0.1902185433852305	1.4155523118084843	2.90793362112895	1.4199299219121806	4.623998910602472	5.64390333486378
24.610015720559407	21.78886254693702	5.2581095565104325	48.41897463798523	1.12587392760646	0.6374788597213942	0.441341649972959	1.3670237194198713	5.23468528936348	-11.827347123778164	7.564866702481693	14.983833898283118
24.639739090675107	21.830765627147272	5.259692559086296	48.45840382575989	0.753841805861499	1.0627426679376293	0.040147988462511844	1.3035763527685296	-9.435449796002956	10.785507696650024	-10.175042504129415	17.575163700182976
24.68063671380182	21.863730911480335	5.266972854595812	48.48793649673462	1.3848264236481196	1.1162310500553212	0.24651666338426564	1.7956855086756582	21.365646823021855	1.8111596530993523	6.987809368760641	22.552176019826952
24.71343120974704	21.894401145383302	5.279027836509336	48.52299737930298	0.9353585404268615	0.874770731831071	0.3438299617820467	1.326023557496917	-12.819639732254759	-6.886886482491333	2.775551876312471	14.814724314195942
24.738579704354922	21.9336556402696	5.282257343639699	48.55400490760803	0.8110448004907401	1.265966590439236	0.1041523561178939	1.5070875189571167	-4.009147027557831	12.616157429884751	-7.7296585302185905	15.329328399443762
24.791529368341905	21.934371859859688	5.2916288284477275	48.59450387954712	1.3074322989389058	0.017684883240151893	0.2314005605407344	1.3278697943783706	12.256792572284667	-30.822552954593043	3.142010730895344	33.318627916403855
24.831235376936345	21.969959015233123	5.291431302886969	48.62019419670105	1.5455631924094224	1.3852361245758191	-0.00768871631965235	2.075500859773198	9.269285857534936	53.23216654514635	-9.306591095307116	54.82878672024528
24.858469993634518	22.00150311214821	5.29477072258865	48.64899396896362	0.9456538909360112	1.0952898039433767	0.11595298987904464	1.451677006749996	-20.830348795952933	-10.067660188037053	4.293148746852267	23.530668048005847
24.935753928459377	22.004344274478328	5.289312389345669	48.69164967536926	1.8118076416298872	0.06660685215476357	-0.1279625565469258	1.8175416966057327	20.30569468143561	-24.11595161515383	-5.7182395271203745	32.04057774275684
24.993133528780252	22.03581984107653	5.286390722361292	48.72432041168213	1.756299575601482	0.9634177294561876	-0.08942764425015683	2.0051830899557763	-1.699014846094705	27.449974457669228	1.1794932298967915	27.527785117101512
25.062591602853466	22.03446463945825	5.307838934592446	48.7580554485321	2.05892984146182	-0.04017193235354847	0.635784461316657	2.1552326457862327	8.9707999195685	-29.749179355370227	21.49729697323545	37.78389472606542
25.132829446811648	22.052461446066225	5.302190241182668	48.792847633361816	2.018782215084862	0.5172657795437603	-0.16235523688507544	2.0903121158271953	-1.153926566366824	16.0219231596273	-22.94020056826015	28.00511328964002
25.20134890630241	22.06147712845492	5.303908632381331	48.82529592514038	2.1116507444631183	0.2778476737765361	0.05295783243043652	2.1305099690990428	2.8620467916158723	-7.378450224778407	6.635574864306082	10.327811643167294
25.261157193878894	22.08237229096813	5.306383042280023	48.84946966171265	2.474101899708028	0.8643745434531759	0.10235943009038419	2.622746845282096	14.99359249495371	24.262979284284842	2.043606188570194	28.595039882964493
25.337888448453143	22.103204026625434	5.300150239859377	48.89483451843262	1.6914250396049308	0.4592042643470471	-0.13739275005584525	1.7580284379852797	-17.25293358544973	-8.931369090553373	-5.28497602507989	20.1336544800317
25.40440135924516	22.117496754587933	5.296215525498966	48.92221689224243	2.429041077811068	0.5219681851460095	-0.14369515176951678	2.488642127876212	26.93762211155554	2.2921285508295277	-0.2301627228320359	27.035944836411307
25.455493891636735	22.121200106696833	5.307725080254944	48.9546000957489	1.5777479328556043	0.11436027656004352	0.3554174235318602	1.6213230268626446	-26.288107808277427	-12.587016244533418	15.412699216174245	32.970424431724
25.519209110480947	22.13543485421181	5.298688618083623	48.99339246749878	1.6424677319301253	0.36694707935770937	-0.23294430744233235	1.6990036668149457	1.6683640663122028	6.511249284428212	-15.16694402620649	16.589635227931005
25.590208163594763	22.125170539277416	5.305536518372542	49.02304100990296	2.3946894975788644	-0.3461996476745797	0.23096920568862667	2.430584036778188	25.371289940467314	-24.053348637189668	15.64709343234102	38.302708347920536
25.67912791456917	22.12271637624667	5.329874011892659	49.05558776855469	2.7320616447835517	-0.07540422249127621	0.747770116850807	2.833550206952753	10.365767934521891	8.320196431263991	15.878721340343642	20.70769434126998
25.734513634561655	22.14178946527148	5.3496857859959155	49.08773732185364	1.7227523965096996	0.5932614007868797	0.6162379277569552	1.9234302932390634	-31.394191977989628	20.79859763712457	-4.091260238385546	37.88027671440728
25.795899359895834	22.144126622584377	5.378889215460626	49.12517595291138	1.6396359482137177	0.06242635606235653	0.7800346497624913	1.8167985984792079	-2.220071780076482	-14.178804879533374	4.375072415252648	15.003615736190927
25.790420278315278	22.19491160263647	5.374739127432462	49.1590039730072	-0.16196873376083143	1.501269654807864	-0.12268196650020864	1.5149571980974803	-53.25776314638319	42.534067754177514	-26.685470024717958	73.19597369741956
25.784189289559645	22.229673008877864	5.38553552381959	49.18460655212402	-0.24337347917962618	1.357730644353526	0.4216917497985616	1.4423893665833818	-3.179552538334334	-5.606427766491329	21.262456169546933	22.21786733705145
25.792650310893592	22.267903874940167	5.401146424047677	49.2200882434845	0.23846161244083708	1.0774815009211236	0.43997057720525856	1.1880254350145243	13.579823090317062	-7.898415568334435	0.5151622345449812	15.718204597927768
25.801531249291877	22.259320657371955	5.417321493842523	49.26197504997253	0.21202233215900002	-0.204914584993844	0.3861614467903707	0.48586430149227156	-0.6312078312628732	-30.615752152922855	-1.2846319623403355	30.6491921996994
25.792255388379832	22.241361573050156	5.451049179666997	49.29710102081299	-0.26407415055300637	-0.511276525376826	0.9601922741911477	1.1194230861511032	-13.553973636042432	-8.721807057645428	16.34206297124057	22.95306388771048
25.80309934028674	22.226603111615137	5.4867688139842095	49.32383370399475	0.4056439764454479	-0.5520755748561393	1.336178417794614	1.501568260239717	25.052409533486063	-1.5261860996859031	14.064661637106743	28.770943231160846
25.754712217166954	22.24085919459026	5.508015087638829	49.36481928825378	-1.1805888337221504	0.3478316396571485	0.5183840620727646	1.3354770232643718	-38.702212957187946	21.95667649449464	-19.953219418648395	48.76564257380546
25.659066218150674	22.29975134897199	5.50810533616771	49.39540338516235	-3.1273115339056936	1.9255809500530336	0.0029508319029641983	3.672594196574902	-63.65146912798462	51.58724532923679	-16.85298185231887	83.64673574099727
25.57434747925139	22.356593483691103	5.528778894801484	49.42558407783508	-2.8070508459811894	1.8833939742699488	0.6849928481745681	3.4490466097590464	10.61144259998657	-1.3978133716329153	22.59862037188695	25.00508426275323
25.4649096382543	22.418129056603025	5.5353336468539025	49.4601936340332	-3.162070047088121	1.7779937009207878	0.18939139279613473	3.63260480686671	-10.257837432951973	-3.045409561041584	-14.319786493111774	17.876074328656742
25.369984894817645	22.474766121683263	5.533355319582197	49.48943042755127	-3.246756296240205	1.9371845631854396	-0.06766567169832183	3.781360750066801	-2.896564190589279	5.444881025215109	-8.792245440171552	10.739664490530842
25.241073909213135	22.560073555353984	5.527220585211967	49.518397092819214	-4.450321927362742	2.945020867318321	-0.21178600689737148	5.34072714888371	-41.55002379422842	34.79296960179235	-4.975385805232436	54.421591991810594
25.08925642579092	22.632531467481652	5.514165341968488	49.561158657073975	-3.5503257672645008	1.6944635536713488	-0.30530321963198104	3.9457863404320888	21.046848397227247	-29.244891655424997	-2.1869455517918306	36.09731633016388
24.83591092327118	23.043049919014273	5.437323871791062	49.59323525428772	-7.898141465304236	12.798067351006603	-2.395561775626856	15.228587680665065	-135.54479201979242	346.1590306273901	-65.1645977927852	377.4187196391809
24.666697767954343	23.125768837035853	5.43375344632635	49.62865352630615	-4.777566653414736	2.335487117455398	-0.100807443763862	5.318816160043399	88.10635398207653	-295.4006403278567	64.79012670829175	314.9952831980175
24.664185557235278	23.134878072667387	5.426185435251172	49.65154576301575	-0.10974072786918977	0.3979181128996627	-0.33059290672135055	0.5288416794290706	203.9043185146316	-84.63869341975003	-10.037702557093494	221.0009841727938
24.40487326551078	23.198110117454732	5.435218232831718	49.69297289848328	-6.259479174651203	1.5263436410392237	0.218040602580991	6.446576312493854	-148.44710785280193	27.238801703386674	13.243336839745242	151.50538643476932
24.26696909411999	23.273727161354035	5.427906536874478	49.720951795578	-4.928863740551708	2.702645627642505	-0.261328955622767	5.627280336413622	47.55782294044128	42.042471603546105	-17.133254273065354	65.7484930880918
24.19260783280943	23.182568293479978	5.452186074378994	49.75223731994629	-2.376858397359636	-2.913771455480673	0.7760629874283795	3.839504355555446	81.57144221558957	-179.52127050862194	33.15884786967936	199.95323438795788
24.189655030853302	23.183820667237026	5.457688161224079	49.78470325469971	-0.09095077589953075	0.03857500997767257	0.1694726145072889	0.1961658535511223	70.40941955997273	90.93674609653822	-18.683902913259864	116.51637816835301
23.908475488755784	23.292473676480185	5.4726599266535665	49.82640194892883	-6.7431258291325245	2.6056693441318073	0.35904638517506104	7.2379674622900705	-159.5295770337705	61.56294295568262	4.546275948740798	171.05657110716456
23.855489330789343	23.315205482902655	5.481278310399954	49.85111951828003	-2.14366377266283	0.9196618850133915	0.3486744033741601	2.358526275567382	186.08067772032317	-68.21089222661838	-0.4196198118646704	198.18910292948155
23.770083584027027	23.352528413619112	5.488214731586571	49.884997606277466	-2.5209730480887282	1.1016835046676945	0.20474653667413611	2.758791909138259	-11.137265935859443	5.372842164766681	-4.248405834205126	13.074979066356395
23.766210968691514	23.353986671621218	5.489730410305098	49.925997734069824	-0.09445373817189193	0.035567157485252895	0.03696765839860586	0.10748552978750725	59.18321333547382	-26.00275668850828	-4.092155008033923	64.77300231364721
23.540096630681017	23.449416648659838	5.490974510746498	49.961626052856445	-6.3464779060921	2.6784866726424155	0.03491886464951759	6.888634987800312	-175.4790677989534	74.18030390335494	-0.05750464290382439	190.51410454233496
23.537569832698065	23.44944930510695	5.483551547302796	49.99595642089844	-0.07360241462781474	0.0009512408102056743	-0.21622149330360027	0.22840743084357526	182.7208925867452	-77.99320498274602	-7.315399521669217	198.8048784143366
23.338926614140107	23.534134177183287	5.4818374212872545	50.02413320541382	-7.049889544689697	3.005483895087839	-0.060834692283858106	7.66404442156638	-247.58989537126695	106.63149489742341	5.514710201759224	269.63205303269035
23.31005308301042	23.564712800647246	5.471281315623631	50.06229496002197	-0.7566091084165508	0.8012897671488572	-0.27661478807812107	1.1362386962517435	164.91066778487212	-57.759244840068106	-5.654354680750336	174.82457047166773
23.087098583181096	23.662072921246754	5.456205384037257	50.09992003440857	-5.925689276743282	2.5876392854173424	-0.40068841941597133	6.47844284418714	-137.38391890510474	47.47763419452117	-3.297631522611673	145.39374572550253
23.026890225923694	23.709312391399433	5.448737652330077	50.12263059616089	-2.651117040345903	2.080066123765276	-0.3288219722886266	3.3857378118082484	144.18719678138126	-22.349652429897727	3.16445043989303	145.9433740393737
23.020958297724295	23.715237529593736	5.446906571123819	50.15569376945496	-0.17941194411794986	0.17920657952591032	-0.0553812905365021	0.2595587239509534	74.75704386399374	-57.49174549377068	8.27024917784071	94.66949576641444
22.846803312682095	23.79348616247694	5.42662227751542	50.19746422767639	-4.169333841611008	1.8733008019303998	-0.48561338496385414	4.596566211529204	-95.5201850155	40.5572333782877	-10.299913210112715	104.28366668290916
22.84459303897696	23.80311749930809	5.417250949349531	50.22346353530884	-0.08501279097049778	0.37044589676428274	-0.3604452971737529	0.5238111771552438	157.09345450197338	-57.80365102071422	4.814285424812449	167.4598246232202
22.65298668757038	23.889337876442944	5.387080570791151	50.26027488708496	-5.205088706654399	2.3422225203579488	-0.8195944213585973	5.76634110979703	-139.08959243938813	53.56436339489765	-12.47303079162288	149.56815251912593
22.545400660958652	23.94838543895995	5.369667382389276	50.29511594772339	-3.0879090544409573	1.694769373693489	-0.49978927400014683	3.55769797438083	60.76679680291682	-18.58304927578339	9.178972783788428	64.20425885748315
22.475612078899196	23.987725324215397	5.359439774354426	50.32666110992432	-2.2123386659076214	1.2470972570964238	-0.32422112683089516	2.5602369578636335	27.756090869216973	-14.191466626340517	5.565612440060578	31.666612499282643
22.393182570349037	24.038504127534214	5.345337769947676	50.350078105926514	-3.520071854752424	2.1684593239059247	-0.6022123591527697	4.178011659578161	-55.84547175574921	39.345869415672574	-11.871344740199572	69.33788994220984
22.318226173374228	24.07490889943209	5.333844777092918	50.3935935497284	-1.7225240150614858	0.8365942919855034	-0.26411296428647807	1.9330635400189145	41.30827317020239	-30.606720638861248	7.769641426744001	51.99530852364985
22.224873837005664	24.13093917754862	5.320402484512557	50.42134094238281	-3.3643642677079213	2.0192988514047525	-0.48445245821047983	3.9536323755984935	-59.17097411981096	42.62398900500653	-7.940908058219581	73.35575395137965
22.15588215479966	24.175177649153795	5.301160885672931	50.45623445510864	-1.9772065583678755	1.2678136464153842	-0.5514377125287897	2.4126294301630735	39.754028785791924	-21.536530612267022	-1.919705099473225	45.25362110575938
22.08216883916097	24.23182711012164	5.283045449703141	50.5006377696991	-1.6600858813935306	1.2757935188023604	-0.4079748581130566	2.1330676785026332	7.141824431334683	0.17971343942624723	3.2309041732342876	7.840707551295489
22.00587177680001	24.291993940802943	5.252651899752552	50.52198362350464	-3.574327035873928	2.8186659212330443	-1.4238619934096124	4.769494135773334	-89.67742269383508	72.27972310154725	-47.59177798888524	124.62494070124347
21.99467536431614	24.326982749586968	5.242815323465095	50.55777072906494	-0.3128616385307511	0.9776931728962353	-0.27486370114179226	1.0626929939532952	91.13521046980105	-51.44234828476684	32.10648847618344	109.46583205136427
21.991581649091813	24.343485734569178	5.223965461863568	50.59671711921692	-0.07943522396440808	0.423735933364097	-0.4839950898650932	0.648161509998656	5.9935314583832	-14.223583684404973	-5.3697245856990445	16.342175323259788
21.981336172535624	24.375882412149473	5.214189817983731	50.61766290664673	-0.4891425825131945	1.5466917960882287	-0.4667116914365509	1.6879975654715484	-19.560370309387373	53.61249208162814	0.8251491373365595	57.075285938327546
21.970052317927202	24.412971894300725	5.200187717087742	50.66307425498962	-0.24848094188308897	0.8167447896767978	-0.3083392457379379	0.9076827201206069	5.2995924898097435	-16.074109953745594	3.4875081114699986	17.28078135359394
21.961961931816102	24.44152115968532	5.1856475803137165	50.688152551651	-0.32260508838933183	1.1384052820682526	-0.5797896472137335	1.3176481564939149	-2.955708974460787	12.826249594804123	-10.824116372057238	17.04143155505894
21.954374135762656	24.46723584814475	5.174545112469972	50.71730184555054	-0.26030805684686004	0.8821719163440799	-0.3808829085880888	0.9955196454616537	2.137171204118366	-8.790379849587037	6.823724077543091	11.331438079175117
21.920445289721247	24.51362494285704	5.157558317804962	50.76536750793457	-0.7058853318263979	0.9651192225678971	-0.35340810513105925	1.2468466241803968	-9.270178603167507	1.725708168985334	0.5716097957313566	9.446746412268269
21.16403554200412	24.846272189797013	5.150224250496338	50.79599976539612	-24.69324203959285	10.859377483280177	-0.23942301078626235	26.976649256873657	-783.0750553685888	323.00127645284954	3.72108044886605	847.083356801676
21.153211282504866	24.882173180578903	5.140903241980005	50.82583904266357	-0.36275206675542787	1.2031454535614299	-0.31237380291718475	1.2948843334869016	815.3846942995182	-323.60810696486044	-2.444790853245729	877.2573075179342
21.121651770284988	24.919731019353918	5.124713856890668	50.85987067222595	-0.9273582436605144	1.1036156439751492	-0.47571583546005475	1.5179810136557226	-16.59063007459221	-2.924626615479218	-4.799712345347429	17.516840060639176
20.89352224746835	25.046986708078535	5.12067689922668	50.89285039901733	-6.917265393365854	3.8586034847898825	-0.12240725005166411	7.921639029263748	-181.62391664420625	83.53579937888546	10.712902130553497	200.2005073597712
20.88575425532597	25.075445927697018	5.1087283324685036	50.91656470298767	-0.32756568154369575	1.2000866504061403	-0.5038548368579145	1.34215384395133	277.8786895901698	-112.10604526737772	-16.085126819799164	300.0717627812559
20.7170633777978	25.16124733764886	5.096749780161719	50.96412634849548	-3.5467838786288746	1.8040042356765724	-0.25185319344800106	3.9871715783360333	-67.68517284702415	12.69757551115914	5.298421463751072	69.06941665600385
20.70949730027609	25.180592705241907	5.086067632983411	50.99629497528076	-0.23520051297841965	0.6013737459847148	-0.33206724208682825	0.7261117799155666	102.94450514642331	-37.38519824670385	-2.4935490462258842	109.55109298694039
20.560301007804618	25.269733548385425	5.064318325999948	51.02885389328003	-4.582347990643575	2.737831863624072	-0.6679984569497239	5.3795778978761595	-133.51633729852279	65.61821611170916	-10.317640619090982	149.12684640681096
20.504258982082135	25.304417199122973	5.056561277026457	51.05064105987549	-2.5722493779509645	1.5919303038136916	-0.3560375296853701	3.0458942327523353	92.2606711563663	-52.59525394409094	14.318563448694363	107.16022321225755
20.491945191579777	25.323354119165394	5.040088682202886	51.08968687057495	-0.31536777651096326	0.48499236417907116	-0.4218786734987091	0.7160000299766084	57.800864190304715	-28.34972356329759	-1.6862537269393845	64.40101069776046
20.37081384552063	25.40528887699415	5.009893377636675	51.121394872665405	-3.820213765395677	2.5840403818259428	-0.9522928779956724	4.709369345645663	-110.53506237593791	66.19931497603893	-16.72808658785373	129.92373993477878
20.291625429407002	25.454260120938216	4.992064188980314	51.15958786010742	-2.073375805803323	1.2822051173245668	-0.46681838343827764	2.482107289804333	45.73713858452022	-34.08571446467186	12.711089838008272	58.44051318508989
20.228047104255367	25.512965985050805	4.974550486340647	51.20244741439819	-1.4834107867828379	1.3697264258585584	-0.40863006929212276	2.060008878031506	13.765075927248185	2.042048966263672	1.3576509394238845	13.981791563917858
20.164352234988115	25.551862076023706	4.950839719914024	51.22993135452271	-2.3175304915771067	1.4152297958982127	-0.8627135090237747	2.849227536235012	-30.349349511576705	1.6556348847180067	-16.521773722194858	34.59469828708938
20.109081693198693	25.5929572811827	4.939488330495585	51.26149392127991	-1.751142174671926	1.302023548183838	-0.359647220891865	2.211585485445949	17.94493842222341	-3.586725014643116	15.9387001697899	24.26783003093843
20.05593740435446	25.62495499955462	4.924991666779002	51.29404139518738	-1.632823763691079	0.9831091181726989	-0.44540057879130734	1.9572937074175234	3.6352563433099223	-9.798438764181265	-2.634716234606433	10.778043446464846
19.99474421742656	25.687177427714577	4.906339218227332	51.32876634597778	-1.7622253029889503	1.791865121293366	-0.5371483076895738	2.5699702208111206	-3.7264714953498457	23.29034267038131	-2.6421269666310634	23.734099654658028
19.93839511219407	25.737907958642605	4.895390883728441	51.35290145874024	-2.3347355277387405	2.1019388402004395	-0.45362682191075515	3.174100528651466	-23.72105033792588	12.847411236851043	3.4605798862781683	27.19779067815055
19.868131991660473	25.792933212879362	4.869450978992768	51.39700365066528	-1.5931888522234647	1.2476761774172198	-0.5881772221154238	2.107344064731477	16.814281629712312	-19.370072676550112	-3.0508778437443014	25.83074985043144
19.8161792251407	25.840259448480285	4.85917305662925	51.42822599411011	-1.6639611505005205	1.5157810202350133	-0.329184847437264	2.2748014145111677	-2.2667196138599848	8.586954508766626	8.295097231758026	12.1524665655909
19.76253225098682	25.881494628916066	4.837512240452621	51.465537309646606	-1.43782049446642	1.1051655467747576	-0.5805428156356465	1.904139863789363	6.060913499897455	-11.005119159054564	-6.736775816775925	14.255927488722927
19.70866623480168	25.915293694167286	4.814237086719445	51.49444913864136	-1.8631134057592542	1.1690393318719472	-0.8050391325087434	2.34220676436857	-14.70999677571583	2.2092613064633864	-7.764860428368432	16.77968706900842
19.655660024871	25.9552528496969	4.803642600627263	51.52971577644348	-1.5030128539071144	1.1330582675280956	-0.30041100463352477	1.9060733061266826	10.210799052424893	-1.0202578580282062	14.308937832594466	17.608152807234568
19.616685100243057	25.991581781009483	4.784675066789765	51.56270861625672	-1.1813146382235202	1.1011156213962403	-0.574898491456511	1.7141960686114546	9.750546406572177	-0.9681690425156178	-8.319607780862759	12.85404139362385
19.5645267117887	26.030064929608628	4.7642111342580815	51.58466267585754	-2.375796977995675	1.7528944212994066	-0.9321252152801314	3.096111682390833	-54.40826714926859	29.688304202241692	-16.271556619548623	64.081342802833
19.552341690458984	26.068230763513192	4.754504151915194	51.61873197555542	-0.35765400045702556	1.1202412213637534	-0.2849187517491186	1.2099733357325457	59.23640918466099	-18.569598011871186	18.99676451439439	64.92040669489397
19.424061151448598	26.155130251811354	4.769515190943144	51.65978503227234	-3.124750000832928	2.1167604862501843	0.3656497281422575	3.791890985714912	-67.40292250237036	24.273935842534755	15.847016809914214	73.37237807868668
19.373162540863063	26.193130945766185	4.772153590229137	51.69270515441895	-1.5461245969517192	1.1543302842435144	0.08014548895786107	1.9311662211785716	47.95320615308227	-29.235316859408247	-8.67263608296684	56.82805952043045
19.350382587852287	26.21679676975816	4.777922797833942	51.720515727996826	-0.8191112256994157	0.8509649729340683	0.20744655224929534	1.199215850990804	26.141617295902137	-10.908272368420521	4.577433936591501	28.693683317986835
19.33316631854794	26.252464583498387	4.789283069214893	51.762709856033325	-0.4080252420302754	0.8453264802479613	0.2692382070586572	0.976499190210843	9.74272968299144	-0.1336321651493663	1.464460996940391	9.853085062200805
19.322796922333225	26.27130881010492	4.798885969772883	51.79106688499451	-0.36567287175635205	0.664534589724771	0.33864268965326455	0.8306634344515259	1.4935404668768422	-6.375558270602998	2.447523070545091	6.990620542477145
19.316372722803198	26.290572636880377	4.826948805012353	51.81795644760132	-0.23891052539470495	0.7164053598468593	1.0436330129208242	1.288209899208929	4.714184020588581	1.929029894630888	26.217991477815083	26.708196577925975
19.309250536277155	26.298895926545974	4.84019490460401	51.86543273925781	-0.15001564523140526	0.17531465443465458	0.27900451213622407	0.3620544705788199	1.8724057221335233	-11.397071812751628	-16.10548073798449	19.81882082503612
19.31281948565625	26.284925675122366	4.860364500334777	51.88909506797791	0.1508283238438147	-0.5904005302631422	0.8523926773798072	1.0478049655633677	12.714047405641404	-32.360094129170086	24.232110542717656	42.37945109172762
19.30386183106017	26.29098643360685	4.882916361367096	51.91722631454468	-0.3184236636943115	0.21544578446246693	0.8016658976983371	0.8890887060218662	-16.680810301968883	28.645951142373022	-1.8032183380525848	33.19776416501844
19.298507383522722	26.30100033530027	4.903384529186009	51.96729493141174	-0.10694218998830579	0.20000356151252793	0.4088023416595801	0.4675012418844965	4.223832950438778	-0.30842120106770343	-7.8465030716112745	8.91647345553642
19.283611667806465	26.307818364056523	4.930212477626591	51.994155406951904	-0.5545588980353425	0.25383127510379394	0.9987890348579088	1.1702757896168683	-16.664511667999736	2.003974706657152	21.964864036610027	27.643753650772275
19.258265173101563	26.322116688511624	4.9703356823090985	52.0300440788269	-0.7062533490564512	0.39840773447691097	1.117990791697852	1.38109591494062	-4.2268059277726815	4.028470595866698	3.3214312654183935	6.717616343891313
19.236658030039198	26.347247345645044	5.003964011212008	52.05257606506348	-0.9589542100503796	1.1153325263718774	1.492470683668177	2.0954781227599057	-11.215205723128095	31.81809115128433	16.619923695957997	37.6084249548288
19.199878259174927	26.372856764271056	5.057346551064157	52.09770393371582	-0.8150123629284455	0.5674856666354298	1.1829173733729244	1.5445318532779972	3.1896442579824433	-12.13987888408718	-6.859471088253482	14.303944680519832
19.179583204898012	26.386736793709414	5.097808456232488	52.12047481536865	-0.8912722215299187	0.609551691935986	1.7769142971808805	2.0792652205860422	-3.3490077268039697	1.8473604115071438	26.085811382453883	26.3647140838879
19.164820835935593	26.39572871774627	5.13947487831265	52.17094135284424	-0.29251796736719965	0.17817596543463857	0.8256247439269832	0.893851024318762	11.864381511261337	-8.547757545483144	-18.84990730172642	23.856795949682827
19.145533058680446	26.423625142833846	5.184020935259575	52.18959164619446	-1.034180904984017	1.4957633407544921	2.3884909534894856	3.001953888833023	-39.7668242364713	70.64700541583333	83.79847867347833	116.59581772974788
19.115968740240003	26.46387200550653	5.248748049667432	52.23198580741882	-0.6973676937250283	0.9493491912644317	1.526793137038321	1.928388672055795	7.944801867324402	-12.888901058762292	-20.325860721497662	25.345300575912027
19.075618124422054	26.523563606391516	5.315302074229847	52.26028323173523	-1.4259465938232123	2.1094358347793984	2.351946375692879	3.466222004376285	-25.747180801744186	40.99619211075593	29.160012212706988	56.51470073410043
19.034797164622997	26.578202106714585	5.381436016959821	52.29539799690247	-1.1625012898316591	1.5559978847313518	1.8833656558713499	2.70547682670993	7.502408252962099	-15.76083301175875	-13.344264658749344	21.97178613816831
19.0157651457938	26.633072292239515	5.42097196052169	52.31989455223084	-0.7769263300116444	2.239914338543158	1.6139389000576478	2.8680358330041633	15.739966483103256	27.918882661015264	-10.998556825729796	33.8847872381923
18.93614194729246	26.71889407518709	5.525127478940493	52.36238884925842	-1.8737384560018062	2.019607075553548	2.4510469805207213	3.6874570969498386	-25.81080763092232	-5.184395987222013	19.699304118850378	32.88066810573893
18.913974686652107	26.781662211947122	5.566409583328263	52.394389629364014	-0.6927100079187993	1.9614564567775916	1.290034313274691	2.447722843038294	36.90623929123124	-1.8171625374156728	-36.280761388163505	51.784806895593064
18.812971334381345	26.890856295237214	5.701826169204769	52.42075109481812	-3.831477140244494	4.1421856262195345	5.136914186817329	7.630583608152196	-119.06648884106289	82.72412522885963	145.92814956510955	205.7064279387399
18.75247027592474	26.981678618650403	5.7955499461486495	52.45611333847046	-1.7108942252482755	2.568341655753157	2.6503911308717973	4.067936953453021	59.9674312479914	-44.506338057607444	-70.31576051541708	102.57296483304994
18.692996705436425	27.08462550240332	5.893400866901446	52.48721098899841	-1.912477935748018	3.3104392777318314	3.1465695668821465	4.951512910767935	-6.482281043017578	23.863462653282856	15.955495916462487	29.428942680047847
18.65236711223017	27.146989350543233	5.969430270224449	52.52784609794617	-0.9998642616780926	1.5347282129868758	1.8710274265723406	2.618370268030265	22.458748055611398	-43.69893697167281	-31.390149389037415	58.30380721141414
18.622085678263527	27.197418353853546	6.039487231833695	52.56297254562378	-0.8620693514061876	1.435641991844621	1.9944220449566323	2.604217884277441	3.9228250899884776	-2.820843771384458	3.512869263547444	5.973773240756462
18.59173030199372	27.237664573422716	6.113958829847803	52.599791526794434	-0.8244491103409617	1.093083466449828	2.0226414649806834	2.44246316165202	1.0217621419467795	-9.303856720180551	0.7664367434083894	9.391122032324516
18.562412025751705	27.295507682323233	6.194980237101111	52.63423991203308	-0.8510783898550887	1.6791239560228577	2.351965315413702	3.0125624525106955	-0.7730196736261449	17.012132368850605	9.559921260505181	19.529523846171124
18.534159206902576	27.323120306519588	6.266564654268819	52.6591215133667	-1.1354903758125894	1.1097607354976167	2.877002014777421	3.286038325499045	-11.430614217470982	-22.88290101955616	21.10140309395314	33.159543317014325
18.512165003701284	27.330316412207335	6.299186214902017	52.70106339454651	-0.5243971558404835	0.1715732696131693	0.7777801022644913	0.9536098003784903	14.570000266613707	-22.368750268075292	-50.05073338301944	56.72496635964396
18.551166389606855	27.15885280527028	6.214285116780989	52.72876954078674	1.4076799265909532	-6.188648737010559	-3.064341658521105	7.047774525761829	69.73460205106795	-229.55996663973158	-138.67398690064428	277.1121932535188
18.520803160157808	27.204687018525565	6.299341183202773	52.75998830795288	-0.9725954035104243	1.468162179863458	2.7245171460211517	3.244138666005858	-76.24501369430146	245.26307769062674	185.42880869496034	316.7824529319053
18.37546780391676	27.588411346427648	6.722147083611402	52.80004668235779	-3.628089217300954	9.579128798972837	10.554744337224886	14.708003533457116	-66.29060348153385	202.47867617203582	195.4704180468321	289.13793031307637
18.353462796517448	27.617475554509817	6.797509714591638	52.83248829841614	-0.6782956607258144	0.8958927332686933	2.3230233304249923	2.580532151821004	90.92622116202935	-267.65732169712027	-253.73954836264295	379.85757588359354
18.31767574655384	27.669941559449832	6.929580182301309	52.86339735984802	-1.1578174265328072	1.697431190385264	4.272872147888358	4.741228768101773	-15.513954277250683	25.93215128459805	63.083404255425435	69.94766000387241
18.290542763333967	27.697836804505258	7.017308331513769	52.90123653411865	-0.717060658507335	0.7372054383617335	2.3184477701606054	2.536305957350527	11.64816031325451	-25.37649857673668	-51.650819961067256	58.71501955504213
18.27312433230747	27.704064143313413	7.04524528097774	52.92059850692749	-0.8996206739090549	0.32162728817144237	1.4428772181323883	1.7305074793327413	-9.428792055651954	-21.46362637182291	-45.221143561804695	50.93663908912019
18.263519813983937	27.696454474356788	7.101574713988526	52.97113394737244	-0.19005510269566056	-0.15058083771755507	1.114652064270656	1.1407211557305377	14.04094957847257	-9.344098354172349	-6.494949899948004	18.0733177175772
18.29850432655686	27.610367157122994	7.030760566184586	52.98832726478577	2.034773844505352	-5.007021923939468	-4.1187018247588165	6.795165771809043	129.40079530411563	-282.460968379301	-304.3830206363795	434.9457296431783
18.30906052337398	27.590729090066418	7.048158758269716	53.02953147888184	0.25619216501754255	-0.4766033641798273	0.4222430270011325	0.686348574716218	-43.165043151670496	109.950369377171	110.20583577135497	161.54761191216906
18.323657792174732	27.558670363590196	7.062264246711143	53.064568758010864	0.41662107228702205	-0.9149890423331514	0.4025851547856969	1.0829833204242572	4.57880609617877	-12.511978357081137	-0.5610559011459613	13.335285951140357
18.331149664339858	27.543766200728513	7.067668826460278	53.10174870491028	0.20150303563892075	-0.4008656306584913	0.1453627613766308	0.4716217336064671	-5.785861858008502	13.827975953423493	-6.918309864856741	16.5091528490892
18.34000805380531	27.527198762606407	7.075511664835093	53.12927770614624	0.32178390307454946	-0.6018176242610433	0.2848936765845943	0.7395226434038276	4.369241964307169	-7.299647084182727	5.068506264066359	9.902771260872386
18.34199232783141	27.511661394391844	7.078699865531302	53.164714336395264	0.05599499760997957	-0.43845501407378185	0.08996907081187812	0.45107945289775125	-7.500400111319685	4.609992796698367	-5.500652979781788	10.381002775236958
18.349692204876828	27.495199480940528	7.0792354806833115	53.19505476951599	0.2537827002923666	-0.5425734492916572	0.017653510412268685	0.5992522451136981	6.518947896866551	-3.4316726726865743	-2.3834715909248483	7.742996567174137
18.35858713933756	27.483208458208125	7.076825207472621	53.23012733459473	0.2536151673184517	-0.3418918093240041	-0.06872246741234561	0.43119999988873875	-0.004776752813454609	5.721897999679734	-2.4627790305814967	6.229399657236508
18.36183427414179	27.473012207281638	7.080338792970057	53.25369739532471	0.13776522858508103	-0.43259332435736525	0.1490698533910439	0.4778473225578266	-4.915131108933153	-3.8481663697196726	9.24021042195974	11.151160785727077
18.357932116914952	27.484532578829967	7.089092618275002	53.293190002441406	-0.09880728348233214	0.2917095727381757	0.22165731624345802	0.3794592467452853	-5.990298674593703	18.34021478894144	1.8380012906699428	19.381057903526575
18.356829139462253	27.486729733305356	7.090244603625715	53.32975554466248	-0.030164394829180107	0.06008811416238625	0.031504670264376415	0.0742496897466226	1.8772561401697512	-6.334418813630568	-5.200323430989006	8.407872270032128
18.357269739873978	27.483278824342165	7.08864512139636	53.36028289794922	0.014432971230310973	-0.11304317576365773	-0.052395050901768256	0.12542851192718138	1.460898546971917	-5.6713495041598785	-2.7483457336800488	6.469299346507046
18.361014436284268	27.472097323809145	7.085707418010055	53.40015721321106	0.09391249443909923	-0.28041862185206157	-0.07367407733559975	0.3047655324416383	1.9932511113200002	-4.197575431435179	-0.5336524600886433	4.677336255126982
18.364074383015826	27.470864340932877	7.090265503333722	53.42923426628113	0.10523579278078207	-0.042403983419372245	0.1567588473523367	0.19350970548079313	0.38942386336044965	8.185652028048858	7.9249064247553305	11.400030346923787
18.374578320365007	27.446734829884253	7.088946176376762	53.45723938941956	0.3750719929799374	-0.861610603508052	-0.04711020017437901	0.9408885178149012	9.635244196760066	-29.252027068018233	-7.2797054495690245	31.64669224029195
18.37044926921007	27.44946726854377	7.095198945107007	53.50120449066162	-0.09391656196135469	0.062150173258412135	0.14222118347502252	0.18141066582681306	-10.667291594739776	21.01122823942839	4.3064016299428305	23.95428807322257
18.365166248460724	27.469492908708197	7.108703489117612	53.53281116485596	-0.16714889763037663	0.6335889705224174	0.42726874480914895	0.7822610292207407	-2.3169896085474733	18.079687655539846	9.0185876432772	20.336628768000587
18.369680056743153	27.457954254555613	7.107149795012385	53.55386853218079	0.21435767410035744	-0.5479628091482762	-0.07378387246892334	0.5930063342763681	18.117486666092606	-56.11108746139917	-23.794646764180417	63.58366672211467
18.367500828748437	27.466066834746307	7.111418523896587	53.59882497787476	-0.04847420566899227	0.18045421664156297	0.09495254391906231	0.2095935555203484	-5.846366982801866	16.20272720731448	3.753330891339109	17.629403524570115
18.36413091119001	27.466529701470417	7.110782141573628	53.6328558921814	-0.09902518422109698	0.013601360220279931	-0.018700124164313228	0.10168912800110314	-1.48544285635755	-4.902978947843286	-3.3396889386901263	6.115493868013221
18.363561092182707	27.46659874194393	7.113699201313036	53.654974937438965	-0.02576146486740333	0.003121313452206665	0.1318800022984731	0.13440881918991274	3.3122460079340623	-0.4738019496789701	6.807713656233111	7.585540661670565
18.361909018225337	27.472106893220523	7.117673243673141	53.69595265388489	-0.040316398781034775	0.1344182095618412	0.09698057151011712	0.17058399198902405	-0.35519143515083823	3.204104754907545	-0.8516685119438461	3.334334639813811
18.36742625624118	27.45992085097685	7.112791397765818	53.71915125846863	0.2378262880393928	-0.5252920364104305	-0.21043704976740915	0.6138214876603981	11.989630057980994	-28.43749690163083	-13.251556582545204	33.58639919398776
18.367113792277404	27.46298053291401	7.115105973464501	53.7698712348938	-0.0061605699726184045	0.06032498736811555	0.04563440012826966	0.07589173339974417	-4.810468679376739	11.546082333901103	5.048729671108399	13.488598795590965
18.37441288706845	27.458785248638485	7.107988341543528	53.80197095870972	0.22738808697863352	-0.13069533867592542	-0.22173498942825506	0.34344289072299317	7.275721694385333	-5.950840173562978	-8.329336136653568	12.558919755409038
18.368862167745966	27.46489709288229	7.103566879771199	53.832077741622925	-0.184367733293976	0.20300555729994982	-0.1468593235310364	0.31107937617691006	-13.67651341093538	11.083910789733661	2.4870032149589223	17.77878742956014
18.367052835656832	27.473749849308742	7.100769736579789	53.86927914619446	-0.04863612301668578	0.23796833824998395	-0.07518918233400242	0.2542593471469807	3.64856144117615	0.9398242177336477	1.9265439577482115	4.231647642634272
18.379302859680898	27.447204783484246	7.0787060614564234	53.896565675735474	0.4489403463951909	-0.9728267489859956	-0.8085922062826079	1.342296790663328	18.235241996016637	-44.373363252955215	-26.87784178805861	54.99034275412288
18.371807481455704	27.470771766184264	7.077207194443103	53.9299852848053	-0.22428084689840702	0.7051842722270946	-0.044849926586180575	0.741348954269654	-20.144496361014404	50.210372530306685	22.85311830251294	58.72944116386389
18.367751084846688	27.459594811803907	7.066824228319959	53.9534957408905	-0.1725358535927675	-0.4754035540548436	-0.44163184608221845	0.6714282146714939	2.200935325036174	-50.21543699549375	-16.876827827501366	53.02133105149774
18.38603492375438	27.390392005754798	7.005468309464542	53.98937916755676	0.5095343618585858	-1.9285450827409012	-1.709867884861417	2.6272722709607397	19.00794541711608	-40.49617507829619	-35.34322545543532	57.01215458606886
18.39165874370451	27.34256368068	6.979665724911453	54.03049874305725	0.13676746128043216	-1.1631522089577129	-0.6275012384984826	1.3286783673957483	-9.06543649930742	18.613832085258263	26.322417806820056	33.48920069243162
18.41402693797172	27.258020726569015	6.9413875856367415	54.05802822113037	0.8125179201653333	-3.07099734642389	-1.3904418809918053	3.4676416621024155	24.546431904377666	-69.30190003598376	-27.71358906503428	78.57050137742105
18.431789220411968	27.18121084851972	6.897741129785709	54.09226822853088	0.5187581367165848	-2.243278663782126	-1.2747209818181242	2.6317907875203805	-8.579431073499443	24.174021721430535	3.379698427634463	25.873003791498157
18.440756522452943	27.12401397603052	6.852986638355336	54.11857485771179	0.34087613351394436	-2.1742379875371833	-1.7012628688604887	2.781690621512856	-6.761869868591473	2.6244592482806377	-16.214235739172857	17.762660585371815
18.453451289862326	27.065984125470827	6.796742748900603	54.15813088417053	0.32093131049509166	-1.467029319039938	-1.4218791544544962	2.0680696939056755	-0.5042170512161168	17.878657989950398	7.062987347766331	19.229831944951094
18.467508422677792	27.00077978353175	6.74147036367834	54.19136118888855	0.42302148399634043	-1.9621951255752934	-1.663312620551856	2.606868957282086	3.0722009433123	-14.90103117432068	-7.265460492947386	16.860191720996088
18.467508422677792	27.00077978353175	6.74147036367834	54.23196744918823	0.0	0.0	0.0	0.0	-10.417642030424723	48.322478137456805	40.96197503232911	64.19869591641418
18.467508422677792	27.00077978353175	6.74147036367834	54.26098656654358	0.0	0.0	0.0	0.0	0.0	0.0	0.0	0.0
18.63299264466267	26.500532334907888	6.395740948673958	54.30310797691345	3.9287436135623945	-11.876322379310942	-8.207925897269151	14.96168797875062	93.27189139830874	-281.9545279947552	-194.86351062783487	355.20387013089737
18.666415633254022	26.42664334718432	6.31753396897775	54.33360552787781	1.0959236900830014	-2.4227843019239845	-2.5643691779583913	3.694174033393314	-92.88680021521398	309.976958098568	185.04950531623874	372.76935445935885
18.69726787769074	26.366015537962646	6.253563431342274	54.36123108863831	1.1168006580640009	-2.1946272782397687	-2.3156285655178954	3.3802023983319027	0.7557120075132087	8.25891013261893	9.004002293271366	12.241435966185147
18.732597843986582	26.297692998986545	6.175081793867133	54.400015354156494	0.9109355514101088	-1.7616045595622511	-2.023543218534059	2.8333339655551604	-5.307954241324645	11.16490702845782	7.53102690179635	14.475700099742445
18.764867140762398	26.23269134180357	6.097721233449644	54.42921161651611	1.1052543773701295	-2.22636912842919	-2.649673422735299	3.6330532588813202	6.655606240502202	-15.918632431175398	-21.445560273743475	27.524752648520664
18.797594641142453	26.17192383411087	6.024110275656806	54.46765160560608	0.8513920309253714	-1.5808409193477433	-1.9149578221928392	2.6250694968676522	-6.604121188760303	16.793142359396562	19.11331449191921	26.285791558288686
18.82406140212484	26.133016088995106	5.953606017627583	54.495604038238525	0.9468500051643326	-1.3919269792140312	-2.5222941758344266	3.0324830679151145	3.4150149110155312	6.758407850142777	-21.727495478751674	23.009182151708572
18.84821144801843	26.07997567759068	5.884711829661577	54.51938772201538	1.0154039264972572	-2.230117584057333	-2.8966996287197704	3.7941189111166533	2.8823929033077804	-35.24225316428767	-15.742113643879154	38.705797226275934
18.874888979332738	26.04488564327155	5.810466963090056	54.56360149383545	0.6033760571904093	-0.7936448955753999	-1.679224900188726	1.9528776592703825	-9.318993886873749	32.4892591007114	27.536097428775346	43.59624141578901
18.89789579092435	26.011645946405668	5.737667092363861	54.59998440742493	0.6323520939308265	-0.9136073388991577	-2.00093570151154	2.2887313564445653	0.7964188098667678	-3.297219257295894	-8.842359491952767	9.470652519035827
18.92797775300139	25.940227027730977	5.662867472359477	54.62966728210449	1.0134450386555882	-2.4060647577324548	-2.5199587577640425	3.6285548921863455	12.838815271053157	-50.28008354799776	-17.48560615693376	54.760098628775886
18.954745624161607	25.881403325452563	5.578404331328765	54.65549063682556	1.0365760548677787	-2.2779264318597265	-3.270804352999042	4.118446292242733	0.895740172492687	4.962109968159166	-29.076222022477303	29.51019438928039
18.976368721877506	25.821779886491466	5.51118600119687	54.69218945503235	0.5892041970959252	-1.6246691821283281	-1.8316211097899655	2.5182429245529927	-12.190361423930437	17.800498262654806	39.21606508143395	44.758936655332775
19.00164576113417	25.75380702221661	5.44830923710123	54.72488236427307	0.7731657978354284	-2.0791317093979935	-1.923253866233457	2.9358949998166928	5.626957190776969	-13.900950934754432	-2.802832741766302	15.256308711336565
19.03460618651653	25.663737014715494	5.3597612480591	54.76891469955444	0.7485504725501944	-2.045542370749965	-2.0109764443856433	2.964556907931172	-0.5590283851160528	0.762833459397244	-1.9922308819559096	2.205314378758786
19.05480118837085	25.610339377034986	5.284260600702377	54.79980206489563	0.653827273101529	-1.7287857701901561	-2.4443861275551084	3.0645087506560023	-3.0667296612170882	10.255215913072144	-14.03194083995045	17.64850271197492
19.0823576956912	25.53311550956125	5.203433335426258	54.827460050582886	0.9963309559831403	-2.792100203787445	-2.922384377158846	4.162791055253947	12.38353677503813	-38.44511475350278	-17.282467892229324	43.93247691531467
19.111672224330274	25.448616496666574	5.1171412836429	54.85572218894959	1.037236753238979	-2.9898308400548075	-3.0532739831538063	4.397434541936524	1.4473709216577562	-6.996308407445034	-4.631270440213833	8.51421633547944
19.12608263896628	25.409229608549637	5.052700889254258	54.89265084266663	0.3902231244719685	-1.0665671274867357	-1.744997120187609	2.0820313335228704	-17.5206394937826	52.080526068042566	35.42714752047629	65.37917700027086
19.149560599749762	25.34615746153252	4.962737751293981	54.92385005950928	0.7525176321538433	-2.0215939180533318	-2.8835062884434968	3.6010739053379397	11.612294933848371	-30.610601393725677	-36.491594452452105	49.025409503628566
19.158047400780728	25.312652198953813	4.876172256196836	54.95933938026428	0.23913675580191826	-0.9440942194979045	-2.4391984195678873	2.626440407336002	-14.46578478906293	30.36123756759906	12.519480774028366	35.885945369335595
19.18351498791712	25.26161659425769	4.804263560823813	54.99704146385193	0.6754954822904902	-1.353654754318334	-1.9072870390798378	2.434423790124765	11.573862369546859	-10.863074287879055	14.10827545516175	21.23685733464138
19.198425328054494	25.22873741448508	4.70772441506772	55.03509211540222	0.3918550545097857	-0.8640897969683715	-2.5371220155978946	2.708724733707955	-7.454285701410561	12.866138617965216	-16.552541174901577	22.250629600120575
19.20962934098934	25.207078242629084	4.645839705022655	55.070229053497314	0.31886708239987305	-0.6164217211351848	-1.7612436768845343	1.8930481356508675	-2.077243381662392	7.048652764304926	22.08155806329976	23.272164754514833
19.23343263407006	25.1610342830126	4.545900304234683	55.10076546669006	0.7795052067991439	-1.5078378500398508	-3.2727943572528897	3.686785355062881	15.084879861026081	-29.191906831950252	-49.49994194888869	59.41351090324662
19.23320751228894	25.16621416866151	4.510909015052779	55.12683725357056	-0.008634689373327857	0.19867781493666142	-1.3421131947072011	1.3567664719529848	-30.22960795840794	65.45449580417223	74.05250631249287	103.35324818049618
19.241857606259387	25.168907825734667	4.468362459576045	55.16925644874573	0.20391933262118356	0.06350090005320021	-1.0030024214518392	1.0254897932024911	5.010798086026041	-3.18669211721829	7.994276455623389	9.958491861612274
19.04718185315201	24.826737179542373	4.301002622082942	55.20048093795776	-6.234713778196191	-10.958406520881525	-5.3598903205958095	13.69988151852945	-206.20459367953197	-352.9891985130891	-139.534320947851	431.96242364797405
19.073300318144447	24.77298325010086	4.225813145634315	55.22386121749878	1.1171151716389387	-2.299114060941686	-3.215935734074552	4.108054821642877	314.4457249510515	370.36736215007	91.69927086455502	494.4257812483937
19.083255586706656	24.730839935541358	4.138067176940412	55.26776814460754	0.22673571615589064	-0.9598329314896961	-1.9984538766868358	2.2285659601181815	-20.278792302580786	30.50272969763035	27.72869653054998	45.94046742841484
19.094424468689578	24.681654330068024	4.063025582753998	55.29213857650757	0.45829643187027097	-2.0182492323112937	-3.0792065768156274	3.7101049480971238	9.501707506221129	-43.430346460959875	-44.34688332821027	62.79429512446718
19.107424108516287	24.632420470070205	3.987881030397877	55.326252460479736	0.38106595652712655	-1.4432205971617735	-2.2027556996273976	2.6608700884366576	-2.2639015658889328	16.856146770583525	25.691911184996933	30.811186841620664
19.154335074064104	24.585267939998094	3.889513529889083	55.36556696891785	1.193222741717972	-1.1993671533840895	-2.5020661434352167	3.020363730760649	20.65794073120253	6.202632398712622	-7.613231239530804	22.873225698051506
19.148438581060077	24.538491078610292	3.806779803716322	55.38908100128174	-0.25076485873522714	-1.9893168752983645	-3.518483129240204	4.049689886333432	-61.409611848225644	-33.59482158097776	-43.225975454801535	82.2692981520237
19.166228386338414	24.475407698863798	3.7280725731849405	55.42010045051575	0.573504872511816	-2.0336718189480862	-2.537350999936175	3.301950787467239	26.572674615490556	-1.4299075175420033	31.629579297247655	41.33499677331954
19.18444093538783	24.437698910810642	3.6256283730737704	55.46633410453797	0.3939240675344695	-0.815613406524809	-2.2157928521489234	2.393770950513053	-3.8842009954701915	26.34570937953061	6.955066706012098	27.52374198703688
19.207323058086033	24.38348735243067	3.5337787023437546	55.49398684501648	0.8274811936265982	-1.9604407173352247	-3.3215395342606504	3.944702499510959	15.678631433621767	-41.400139407526936	-39.986875187690856	59.65518597632551
19.22713207224542	24.330759509748074	3.45671940236777	55.53063178062439	0.5405662155158154	-1.4388848501950908	-2.102863566209971	2.604733503368695	-7.829594276837793	14.232686140333977	33.25632717956302	37.011554936037044
19.222889299005104	24.339019204823888	3.4133287961208616	55.559988021850586	-0.1445271282391411	0.28136078499191064	-1.4780709121639284	1.5115374965621675	-23.337229670384627	58.59897464161473	21.28312849154897	66.569044428508
19.223985777081197	24.34294669125966	3.385306519905957	55.60271739959717	0.025660988619957848	0.09191536696517777	-0.6558081978422036	0.6627151072507218	3.982929914599856	-4.433610504470471	19.243498447329916	20.14529387480744
19.2133329640239	24.3510700869441	3.358540493930416	55.637978315353394	-0.30211390795820225	0.23037960047899836	-0.7590848224301981	0.8488564904284619	-9.2957000562383	3.926847347672009	-2.9289263302743436	10.507558188068327
19.208769659561035	24.35667097745106	3.3335015999508673	55.65689659118652	-0.24121143507547918	0.2960571331320735	-1.3235293850457859	1.3775205318140382	3.2192401368876347	3.4716447329761384	-29.835941054793505	30.209256906386525
19.200580892448837	24.36197929307912	3.3190237151604505	55.69929242134094	-0.19315029526187427	0.12520843697895395	-0.3414931312273819	0.41182732780370923	1.13362893564181	-4.029846697914272	23.16351042641503	23.538755155000292
19.240359827351988	24.351041511347084	3.2944931508312068	55.72719240188599	1.425769270301753	-0.3920354608984094	-0.8792323094861438	1.7203369637320938	58.02583134240909	-18.53922073680847	-19.273819112183826	63.89193933255585
19.609938428089677	24.228970956291267	3.2014679107416084	55.765639543533325	9.612641796047233	-3.1750228970347636	-2.4195619259007857	10.408550937045844	212.938392165589	-72.38476820108404	-40.06356650759084	228.44562347941576
19.613495715394084	24.22871613872868	3.1949569204004336	55.797123432159424	0.11298754568258515	-0.00809358607554724	-0.20680388050215506	0.2357955398341669	-301.73065224509435	100.58888686113518	70.2822345637559	325.7285728324844
19.594215404074507	24.237354379528803	3.185664663502252	55.83587026596069	-0.4975970789888079	0.22294055933522958	-0.2398197732966051	0.595666743808091	-15.758310157755067	5.962658693500965	-0.8520926629460048	16.870201529010718
19.59920047197219	24.237562132021097	3.1730981939163008	55.85653519630432	0.24123323015307774	0.010053384591152938	-0.6081060703805364	0.6542839862823202	35.75285746703256	-10.301857843412513	-17.821802007549138	41.25544471800187
19.612449169657012	24.234477749256236	3.1620324975838447	55.89819622039795	0.3180118101525287	-0.07403521233489702	-0.26561268171390257	0.42090714029250226	1.8429354935418951	-2.0183996614454642	8.220954624085161	8.663396756350645
19.612449169657012	24.234477749256236	3.1620324975838447	55.93184733390808	0.0	0.0	0.0	0.0	-9.450261134948187	2.2000820957263763	7.893132024707909	12.50797065499106
19.612449169657012	24.234477749256236	3.1620324975838447	55.96618676185608	0.0	0.0	0.0	0.0	0.0	0.0	0.0	0.0
19.612449169657012	24.234477749256236	3.1620324975838447	56.002909898757935	0.0	0.0	0.0	0.0	0.0	0.0	0.0	0.0
19.612449169657012	24.234477749256236	3.1620324975838447	56.02714228630066	0.0	0.0	0.0	0.0	0.0	0.0	0.0	0.0
19.612449169657012	24.234477749256236	3.1620324975838447	56.0553765296936	0.0	0.0	0.0	0.0	0.0	0.0	0.0	0.0
19.612449169657012	24.234477749256236	3.1620324975838447	56.09184956550598	0.0	0.0	0.0	0.0	0.0	0.0	0.0	0.0
19.612449169657012	24.234477749256236	3.1620324975838447	56.128581523895264	0.0	0.0	0.0	0.0	0.0	0.0	0.0	0.0
19.612449169657012	24.234477749256236	3.1620324975838447	56.159852027893066	0.0	0.0	0.0	0.0	0.0	0.0	0.0	0.0
19.612449169657012	24.234477749256236	3.1620324975838447	56.19022011756897	0.0	0.0	0.0	0.0	0.0	0.0	0.0	0.0
19.612449169657012	24.234477749256236	3.1620324975838447	56.22328519821167	0.0	0.0	0.0	0.0	0.0	0.0	0.0	0.0
19.612449169657012	24.234477749256236	3.1620324975838447	56.257012367248535	0.0	0.0	0.0	0.0	0.0	0.0	0.0	0.0
19.612449169657012	24.234477749256236	3.1620324975838447	56.29942965507507	0.0	0.0	0.0	0.0	0.0	0.0	0.0	0.0
19.612449169657012	24.234477749256236	3.1620324975838447	56.32289052009583	0.0	0.0	0.0	0.0	0.0	0.0	0.0	0.0
19.612449169657012	24.234477749256236	3.1620324975838447	56.36494970321655	0.0	0.0	0.0	0.0	0.0	0.0	0.0	0.0
19.612449169657012	24.234477749256236	3.1620324975838447	56.39221453666687	0.0	0.0	0.0	0.0	0.0	0.0	0.0	0.0
19.612449169657012	24.234477749256236	3.1620324975838447	56.436803340911865	0.0	0.0	0.0	0.0	0.0	0.0	0.0	0.0
19.612449169657012	24.234477749256236	3.1620324975838447	56.46753740310669	0.0	0.0	0.0	0.0	0.0	0.0	0.0	0.0
19.612449169657012	24.234477749256236	3.1620324975838447	56.50426697731018	0.0	0.0	0.0	0.0	0.0	0.0	0.0	0.0
19.612449169657012	24.234477749256236	3.1620324975838447	56.52892589569092	0.0	0.0	0.0	0.0	0.0	0.0	0.0	0.0
19.612449169657012	24.234477749256236	3.1620324975838447	56.57274794578552	0.0	0.0	0.0	0.0	0.0	0.0	0.0	0.0
19.612449169657012	24.234477749256236	3.1620324975838447	56.595757246017456	0.0	0.0	0.0	0.0	0.0	0.0	0.0	0.0
19.612449169657012	24.234477749256236	3.1620324975838447	56.63621211051941	0.0	0.0	0.0	0.0	0.0	0.0	0.0	0.0
19.612449169657012	24.234477749256236	3.1620324975838447	56.66943788528442	0.0	0.0	0.0	0.0	0.0	0.0	0.0	0.0
19.612449169657012	24.234477749256236	3.1620324975838447	56.70055770874024	0.0	0.0	0.0	0.0	0.0	0.0	0.0	0.0
19.612449169657012	24.234477749256236	3.1620324975838447	56.723637342453	0.0	0.0	0.0	0.0	0.0	0.0	0.0	0.0
19.612449169657012	24.234477749256236	3.1620324975838447	56.76501202583313	0.0	0.0	0.0	0.0	0.0	0.0	0.0	0.0
19.612449169657012	24.234477749256236	3.1620324975838447	56.799277782440186	0.0	0.0	0.0	0.0	0.0	0.0	0.0	0.0
19.612449169657012	24.234477749256236	3.1620324975838447	56.82402443885803	0.0	0.0	0.0	0.0	0.0	0.0	0.0	0.0
19.612449169657012	24.234477749256236	3.1620324975838447	56.87148284912109	0.0	0.0	0.0	0.0	0.0	0.0	0.0	0.0
19.612449169657012	24.234477749256236	3.1620324975838447	56.89157438278198	0.0	0.0	0.0	0.0	0.0	0.0	0.0	0.0
19.612449169657012	24.234477749256236	3.1620324975838447	56.92237377166748	0.0	0.0	0.0	0.0	0.0	0.0	0.0	0.0
19.612449169657012	24.234477749256236	3.1620324975838447	56.97149848937988	0.0	0.0	0.0	0.0	0.0	0.0	0.0	0.0
19.62551108295984	24.230302228078457	3.158079937038267	56.99924826622009	0.4707033637798706	-0.1504704416839813	-0.14243575969413108	0.5142868422718025	16.96241978774447	-5.422401864722268	-5.13286144657347	18.533008219604525
20.823139908786043	23.855514013252858	2.793331074966467	57.039259910583496	29.93200716643418	-9.366978558081957	-9.116067781643526	32.661415035459704	736.3182461353953	-230.34564719934033	-224.27551190965636	803.4445730838723
20.867765046013243	23.84108270522028	2.7838944070738814	57.06698298454285	1.6096749333292741	-0.520552232185271	-0.3403903876757084	1.7256574496242558	-1021.6158667914314	319.0997628498162	316.547775576233	1116.121020388505
20.896616341005178	23.831431454764164	2.7795849650264772	57.10592937469482	0.7407951001198171	-0.24780860096292787	-0.11065061564341422	0.7889423564589494	-22.309637165833646	7.003052918591072	5.898872042719236	24.11554171127216
20.89993689118439	23.82943479780836	2.783907979601935	57.13178634643555	0.12841991755672438	-0.07721928831513246	0.16718951541599109	0.22451464936214155	-23.68317483978538	6.5974203923920465	10.745269548396227	26.830571070953464
20.934612140554147	23.817417010087578	2.781029973661376	57.16839289665222	0.9472416593346062	-0.328296101371189	-0.07861997165872449	1.0055974300375468	22.368175556867875	-6.858794712146556	-6.714904453431557	24.34067140538539
20.972668396667753	23.80371340604067	2.7806922313398497	57.20283126831055	1.1050538768550104	-0.3979167244858268	-0.009807151304288088	1.1745543710678203	4.582452941913541	-2.021600318544899	1.9981438448121707	5.392431885277149
20.993870822050734	23.79591722835134	2.781389363398402	57.22731375694275	0.866024108149413	-0.31843893839607784	0.02847472203603175	0.9231532501041397	-9.763295402543285	3.2463115692091358	1.5636430558765653	10.406990704708779
21.43634434797121	22.248866814847432	3.21013785233471	57.27172589302063	9.962896743911566	-34.83395643909153	9.653858760237453	37.49481059684104	204.82853199877465	-777.1640940703514	216.7286892331052	832.412206403572
21.489533853965277	22.213729421854367	3.219431221898173	57.29472875595093	2.312299393133722	-1.5275226001013924	0.4040092570921825	2.8005851633405605	-332.59326780150406	1447.9255882154175	-402.1173160564279	1539.0923060909215
21.489533853965277	22.213729421854367	3.219431221898173	57.33283615112305	0.0	0.0	0.0	0.0	-60.67849515008285	40.08467629975894	-10.60185969855456	73.49190755996825
21.489533853965277	22.213729421854367	3.219431221898173	57.35837030410767	0.0	0.0	0.0	0.0	0.0	0.0	0.0	0.0
21.655052504400167	22.1620043284327	3.2112050603325684	57.40541815757752	3.5180914372845025	-1.0994145238701496	-0.17484669243999376	3.6900204636625484	74.77687456111313	-23.36800603612505	-3.7163585486859048	78.43121824946503
21.64777378774735	22.167053386206714	3.193195983729625	57.42476439476013	-0.37623423015609586	0.2609839694589941	-0.9308826534563133	1.0374041366611133	-201.29628468222876	70.31850589281397	-39.07922527156361	216.77654934446258
21.684072423005354	22.154142939177195	3.2018278097701702	57.46989130973816	0.8043677542698658	-0.28609194835953516	0.19127888633087453	0.8748963935125587	26.161814628826413	-12.123051577642851	24.86679048043894	38.07579536956928
21.771269998317067	21.984676725043716	3.2957241144451297	57.49646353721619	3.2815305146629736	-6.377568996562707	3.533625653047062	7.9955199380937305	93.2237525981396	-229.2422437388899	125.78346205563625	277.6043113671353
21.811143453255976	21.948644622370722	3.3315658907559573	57.5357027053833	1.0161646334880012	-0.9182687696012913	0.9134183517393234	1.6462506433927537	-57.732260570027584	139.12884706706834	-66.77530191640744	164.768901625169
21.872797771929832	21.927993671909086	3.3397881003099967	57.56658458709717	1.9964560205594866	-0.6687076471885859	0.26624703864296284	2.122237980298831	31.74325308782255	8.081150129548051	-20.956343240112698	38.885825515363145
21.91808755302022	21.912959211966736	3.3449158312386245	57.59752559661865	1.4637460700479568	-0.48590722070363196	0.16572603828802698	1.5511684320148507	-17.216954415842	5.908030452530114	-3.248795107513784	18.490078767701615
21.9351662648694	21.907111616964983	3.34806490800572	57.62654423713684	0.588542796774904	-0.2015116799868213	0.10851910051132886	0.6314791967931523	-30.16003705357898	9.800443288807948	-1.9713858662965833	31.773619340015888
21.986775532324938	21.888404701999377	3.3646394931027777	57.67689847946167	1.0249239204635598	-0.3715062346669692	0.32915965630337846	1.1387853197475726	8.66622360979268	-3.3759728442249943	4.381766969478444	10.28107514196278
22.049608042172846	21.867725586514723	3.370555100161874	57.70733451843262	2.0644115322590078	-0.6794286045038066	0.1943619228751469	2.182016214469017	34.15318309940697	-10.117031658776783	-4.4288855575754384	35.89441840576902
22.099316425964776	21.851716794271596	3.3728681616106235	57.73269081115723	1.9603963533551738	-0.6313538188329133	0.09122238309327955	2.0615729504386655	-4.102144585311666	1.8959706055228902	-4.067611180469058	6.080111467011566
22.166120695045702	21.828586548037393	3.386960510502033	57.771469593048096	1.722701586370757	-0.5964665496532565	0.36340359867589084	1.8589070111412704	-6.129505760478371	0.8996484025165151	7.018818083264733	9.361838249075449
22.217272551084903	21.810852095839405	3.397914918884546	57.79288983345032	2.3880150305827494	-0.8279296527479173	0.5114045490066895	2.5786853063010913	31.06003628899454	-10.805812574851107	6.909397259399956	33.60403562319073
22.275774053142438	21.791516427623307	3.40403490139889	57.829044342041016	1.6180970047145362	-0.5348065558017869	0.16927301055665925	1.7125738877191952	-21.2952147845344	8.107511576621027	-9.463039377004648	24.673204715545914
22.331449585379108	21.611209333366613	3.7142773576219814	57.86338710784912	1.6211720554996596	-5.250220534484107	9.033706194678969	10.573592677327454	0.08953998645029386	-137.30443275973434	258.11646137219833	292.3638536211122
22.375397336068165	21.588370061881236	3.74531155986765	57.90827107429504	0.9791414210687687	-0.5088514517293924	0.691431811915826	1.3022003198083159	-14.304231227080265	105.63614266283632	-185.86312760070814	214.2631743188689
22.419084037180504	21.56797014407478	3.7582278963178104	57.93289303779602	1.7742980209760135	-0.8285252232479035	0.5245859636516927	2.0272587269654956	32.29460558153608	-12.98327696350211	-6.7763015024154205	35.46019306813802
22.47322635116682	21.528278495439576	3.8097818222237128	57.974440574646	1.3031413674848793	-0.9553309689217353	1.240841932267853	2.037283334420012	-11.340182576703834	-3.0520641002544697	17.239432777985698	20.859359497638632
22.539631417841946	21.49495619052629	3.8298203040355	58.00835418701172	1.9580652735849053	-0.9825643034999793	0.5908683980844505	2.2690477496047574	19.311534820811698	-0.8030207541610954	-19.16556476420906	27.219461644164234
22.603593173255508	21.472386903728456	3.8463098399287334	58.03709506988525	2.2254624429952425	-0.785267693311537	0.5737310146592991	2.4286818878814005	9.30372148228699	6.864667695026285	-0.5962719899928978	11.57749697772174
22.645074461492808	21.445416961563435	3.879110123585969	58.058910846710205	1.9014353039147043	-1.2362586206036918	1.50351206470495	2.7210917148643645	-14.852881090616766	-20.67269622854777	42.61966271042604	49.642764786021885
22.702598428798442	21.41983212149075	3.9072498576129884	58.10238242149353	1.3232547381214146	-0.588541827624319	0.6473134264695042	1.586316253750127	-13.300198317523751	14.899777526067995	-19.69559746806932	28.050226473880763
22.74325112401832	21.404894160082538	3.919322204668059	58.12650656700134	1.6851454990069752	-0.6192120422824456	0.5004258928533318	1.8637502462425375	15.001184633394118	-1.2713492649177678	-6.088818091758046	16.23962977142973
22.779661639754952	21.389667277266902	3.943580776252354	58.16250467300415	1.0114564286740686	-0.4229912211061408	0.6738846644432533	1.2868901356412525	-18.714569879880994	5.450865141654978	4.818552719867897	20.078981719589382
22.810118654595048	21.37554189709433	3.965574170404391	58.20672225952149	0.6887986712741782	-0.31945163192099685	0.49739019888414976	0.9076838461887903	-7.297045877285766	2.341592957465876	-3.991499298359187	8.640717722647167
22.848225397919027	21.358269930644774	3.9965239127626306	58.24320697784424	1.044457654486568	-0.4734027626790688	0.8482933069252582	1.4263952826274868	9.748163054630199	-4.219605846924941	9.617810529246542	14.32948135207782
22.850975146861245	21.35557861737901	4.004601407820711	58.268022537231445	0.11080745347355295	-0.10845265358601694	0.3255012281626866	0.360543089450567	-37.62358069164995	14.706503423863644	-21.067108365571737	45.55917165515579
22.847912298203234	21.354396474207906	4.0286593726836974	58.3056378364563	-0.08142560929005202	-0.031427190410926134	0.63957924989976	0.6455070991458735	-5.110502022448117	2.0477163484638146	8.349741413981706	10.001427640370823
22.84489296378572	21.354502103044776	4.048716903118304	58.32926678657532	-0.1277811499158501	0.004470314437929009	0.8488540681485006	0.8584295166158082	-1.9618112693245422	1.5192170903929343	8.856712515563641	9.1977214899959
22.842031812927946	21.350325213871507	4.07784650713139	58.36051082611084	-0.09157429385923165	-0.13368595211642084	0.932325155329786	0.9463022669051366	1.1588404250818334	-4.421843929536546	2.6715843540776514	5.294617817079486
22.842280284232533	21.339751300274713	4.112122834128448	58.40575218200684	0.00549212771514954	-0.23372229650013338	0.7576326199384793	0.792883006592385	2.145524148248537	-2.211170341880716	-3.8613461495909704	4.939892937958423
23.293194787105865	21.16908993137419	4.312710673039644	58.43723487854004	14.322613769690207	-5.420798968746934	6.371367798806281	16.58664083782346	454.7616061692423	-164.75960586087146	178.3117647800137	515.5084205209665
23.34822917137471	21.1381054731189	4.388191382809239	58.48380756378174	1.1816880212775775	-0.6652925012695566	1.6207077040516769	2.113218908170395	-282.15950358487805	102.10934677263353	-102.00528636259658	316.931195383973
23.374754847463496	21.120425061524603	4.458627010687682	58.510316371917725	1.0006363150207118	-0.666963656140277	2.6570650599271706	2.9165233217370323	-6.829869729642194	-0.06304149406293771	39.09483031297112	39.686985926797995
23.396591647105893	21.101083204997863	4.536195148175732	58.53048777580261	1.0825622136670994	-0.9588750806398182	3.845450615669056	4.108390536972033	4.0614871981104885	-14.471547253993542	58.91437019077376	60.80151620774366
23.44120504006468	21.073145564592767	4.614169877490162	58.57499265670776	1.0024382056852217	-0.6277432910030873	1.7520489377473314	2.1139109432230927	-1.8003420378239063	7.440347730454341	-47.03757510066163	47.65641066166876
23.51218617075591	21.031674442335255	4.6986695836967005	58.608603715896606	2.111838555649483	-1.2338534773480083	2.5140447294969683	3.507517268753349	33.007003549959336	-18.03305819490484	22.670984198035065	43.91613593789199
23.56663490005266	21.00260092834864	4.7711364653828054	58.64295268058777	1.5851636224353993	-0.8464160200465707	2.109725353811041	2.7713002106226448	-15.333065725547053	11.279450801063712	-11.770933398465939	22.380433150157828
23.618092754405524	20.971912917468767	4.841431523830361	58.66585111618042	2.2472213939968455	-1.3401793653415726	3.0698629241778947	4.033626544211366	28.912794888656748	-21.563191218768758	41.93026927459551	55.30884563296191
23.664744384212113	20.9399863985776	4.924121009898082	58.7129340171814	0.9908401737102425	-0.678091583407454	1.7562529986418092	2.127439080341554	-26.68444793281841	14.06217050900041	-27.89993601942326	41.08784285882393
23.692280220220937	20.91916543964244	4.982421467630795	58.73394703865051	1.3104177354643658	-0.9908598325928076	2.7744918939144427	3.2244074058130985	15.20854876695486	-14.884496722427247	48.457519389545446	52.92427971796087
23.74875324119612	20.88580602615916	5.057601030074411	58.771849632263184	1.4899513619644196	-0.8801353760690954	1.9834938793867605	2.632269232201117	4.736710852421334	2.9212897052695848	-20.86923186869329	21.598499994926588
23.80333542584365	20.855055809108645	5.133623101286464	58.80806946754456	1.5069694332814978	-0.8489883184621412	2.098907149120462	2.7197700745391913	0.4698550168677136	0.8599447613437139	3.1864658918820643	3.3337416830891407
23.848595848116005	20.828619581005718	5.208834648447816	58.83036851882935	2.0297016987098537	-1.1855315172515435	3.372858611821445	4.111125050333606	23.441906059245955	-15.092265338613535	57.13029879302232	63.570201139540494
23.885692167156275	20.80537978577027	5.267469681246262	58.86731147766113	1.0041512703188744	-0.6290723853839119	1.5871774934282168	1.980702964954789	-27.76037601808858	15.06265739031548	-48.336169458551986	57.73999828757832
23.92975180528208	20.779597690422904	5.329589011342648	58.89875769615173	1.4011108565875734	-0.8198790374452574	1.975414949016956	2.5568686883157272	12.623444258881301	-6.0677137417454015	12.346077659696507	18.670675632876986
23.977313465309717	20.75150034883888	5.3977602684228945	58.93001055717468	1.5218337928393555	-0.8990326217938934	2.18128052437144	2.8075296034199826	3.8627803119571777	-2.53268282511841	6.587095344753095	8.045208456712707
24.03703146285604	20.716770676845695	5.453266954697668	58.96372079849243	1.7715090492360093	-1.0302409782780497	1.6465822879039451	2.6288541259810088	7.406510503536367	-3.8922402022400484	-15.86159622612868	17.93310253335066
24.089013627859202	20.685932820987567	5.509570841452586	58.99823617935181	1.5060579865814947	-0.8934525736154919	1.6312694617021732	2.3932213054642792	-7.690804969993929	3.9631144509130807	-0.44365224489802024	8.663231761411122
24.137559738931294	20.65803187525106	5.562803981742954	59.040133237838745	1.1586997470771445	-0.6659404441294291	1.2705698732278274	1.8440199515618365	-8.29075481785052	5.430264980463732	-8.609186456056214	13.127927659874736
24.177108832555607	20.628293964460855	5.6116384424295935	59.072518825531006	1.221194254682738	-0.9182452105789545	1.5079071947275302	2.1466890278595	1.929701205345977	-7.790649620041301	7.328485860901015	10.868517528052733
24.221839994296367	20.598809441963176	5.6571182706928544	59.105387449264526	1.36090765781415	-0.8970415900806239	1.3836852017895438	2.1380687559297384	4.250661794181777	0.6451021700889297	-3.7793487778832895	5.724313031557412
24.25471850070361	20.579888826082854	5.689894649516854	59.12794756889343	1.45737287514718	-0.8386753346856984	1.4528459672706493	2.222177629902595	4.2759178107118405	2.5871429919254885	3.065620511714393	5.863003590863298
24.26585215215684	20.563930094512237	5.716757006359593	59.16169738769531	0.3298877400967901	-0.4728538444694696	0.7959259574229953	0.9828096504386984	-33.407146321851904	10.839213459595001	-19.4644010892012	40.15456242512904
24.302722405676782	20.543819778160216	5.737502894509913	59.21125769615173	0.7439472163972459	-0.4057746406018471	0.418598850500746	0.9451642806313169	8.354658984105079	1.353486407910601	-7.613493916286629	11.384091611122074
24.32911306986245	20.528488934923832	5.747901386013226	59.23839402198792	0.9725216429438257	-0.5649564841213424	0.3831945255258447	1.1881970456695656	8.423189930957975	-5.866005754810471	-1.3046838097619848	10.347093890166283
24.35652732320813	20.510055152071597	5.755364151490436	59.27652168273926	0.7190122028327837	-0.48347531658072546	0.19573100814868347	0.8882778603095907	-6.6489639048249565	2.137061805916391	-4.916732725875246	8.541078085795984
24.373572479398483	20.495735677678997	5.753325151172434	59.29857134819031	0.7730346851834478	-0.6494191226796379	-0.09247307277876801	1.0138437209885014	2.45003637223403	-7.525910380241696	-13.070678172748867	15.280203963699995
24.38797094175752	20.486122242946248	5.761032309150063	59.32913017272949	0.47117199617981476	-0.3145878441895642	0.25220727871081805	0.6201427844703388	-9.878085743009011	10.956942341179733	11.279241158232832	18.570203136200437
24.37330004851568	20.495467131882883	5.771860980076731	59.37712717056274	-0.30566272692323987	0.19469736355389927	0.22561142187038297	0.4268925856504962	-16.185069028733803	10.610772146892696	-0.5541150080435575	19.361094712342354
24.393600822334204	20.48272693136808	5.789936974805402	59.408435583114624	0.6484127480075399	-0.40692579011113755	0.5773526427989129	0.9588345866640148	30.47345416665901	-19.216022296498593	11.234719114090954	37.73732681735047
24.39560959931554	20.480061899137333	5.8102244682708015	59.43016505241394	0.09244482475239928	-0.12264598799161884	0.9336396202754041	0.9461876265001266	-25.585895154495606	13.082685002733221	16.396487763633502	33.08533646074293
24.403058351382025	20.478860296543527	5.845049558635247	59.476078271865845	0.16223545539616765	-0.02617116830730403	0.7584981140546213	0.7760957815003174	1.5200552580913325	2.101242753960557	-3.814620458150396	4.612712687612615
24.727199406243756	20.385017550360192	5.819102189850162	59.50903916358948	9.834110605366984	-2.84709366998252	-0.7872168326829728	10.268173357803487	293.4348752171691	-85.5839254995831	-46.89542260257854	309.23747340629376
24.732029032736282	20.38285355122948	5.83211847755618	59.54017519950867	0.15511372433732729	-0.06950143352635856	0.41804575700645064	0.45127926131289436	-310.86156587661156	89.20828083784112	38.70957089134805	325.71684234606954
24.619655554137545	20.41118829008508	5.8769934341003145	59.56413960456848	-4.6891829076606095	1.1823677151540144	1.8725671024224497	5.185840077404021	-202.14549954011852	52.23869090660687	60.695074289787556	217.42947328962305
24.662411780335344	20.40086859955961	5.875164026169632	59.60995888710022	0.9331491860044383	-0.22522593011618444	-0.039926594865724224	0.9607748206083556	122.70668118320161	-30.720551861439155	-41.739931129725136	133.2024915847352
24.67574584795734	20.402629692778017	5.858418594639489	59.628899335861206	0.7039995614815051	0.09298054341949254	-0.8841095446816909	1.1339799164967617	-12.098426358035256	16.800366113347902	-44.57037742182861	49.144102040912095
24.677285069943547	20.40928409037199	5.834728859693371	59.66284823417664	0.045339379555259095	0.1960121807825268	-0.697805705681659	0.7262294659647569	-19.401518594397178	3.034903707499253	5.487772747998667	20.389831142415304
24.688993346517375	20.417749496496143	5.800952492766007	59.7110538482666	0.24288201270453882	0.17561037825085205	-0.7006728897661588	0.7620847561118611	4.097917574094924	-0.4232246164026044	-0.05947821926195639	4.120143829840377
24.717193418521784	20.416822505327417	5.744902664991324	59.73723316192627	1.0771891261555406	-0.03540929990665304	-2.1409968383179585	2.396968438197531	31.868945240391888	-8.060550436912465	-55.01763595776663	64.09011164339194
24.751401187146794	20.415921477122	5.682592819076902	59.76949882507324	1.0601910913527546	-0.027925296353319765	-1.9311503262956575	2.20320824143157	-0.526814983636278	0.23194947270239102	6.503709874687326	6.529132922446597
24.7753867906062	20.419144986363975	5.614880640581273	59.80915594100952	0.6048247053049615	0.08128451012808745	-1.707440818551417	1.8132220615769954	-11.48258957558769	2.753851456492312	5.641093722087483	13.086462455040886
24.77043138511766	20.42678654847044	5.533147252885739	59.8293080329895	-0.24590030124219797	0.3791944833347995	-4.055826451007167	4.080929258763492	-42.21522050377144	14.783079270512578	-116.53309417149785	124.82237905152861
24.76601403830573	20.431937648831063	5.486962001129576	59.86718440055847	-0.11662540775291552	0.13599773925640193	-1.2193685593546801	1.2324595548573163	3.4130752705861664	-6.4208043085323965	74.88727335026338	75.23948112931285
24.756046524921633	20.44005429603436	5.446853958907494	59.90922570228577	-0.2370886003662013	0.19306365097702582	-0.9540152320269877	1.0018131765412603	-2.8653535372116266	1.357377373583425	6.311729571289994	7.063331679074967
24.740509731224122	20.448968282294416	5.388690472949767	59.93618202209473	-0.5763692450460589	0.3306826125831829	-2.1576938680774242	2.257696907301492	-12.586311747462085	5.105257786725551	-44.65292905637468	46.67293620275945
24.72632855617062	20.457053677550007	5.339694130410228	59.96183109283447	-0.552892352217889	0.31523150829250296	-1.9102579986889536	2.013491117069187	0.9153116331731204	-0.6024040577320686	9.646972083282579	9.709003883521087
24.711660661052548	20.46438732839901	5.27296614161695	59.99645686149597	-0.42361211563175155	0.21179748876323698	-1.92711934991565	1.9844632497417884	3.7336423589604335	-2.987197787302149	-0.4869596222262303	4.806304771731106
24.700622383510492	20.472629111562426	5.211182331451364	60.03814339637756	-0.2647923981546967	0.1977085211526225	-1.4821047213705738	1.5184986264616174	3.8098565382844396	-0.3379740640624937	10.675260724095073	11.339771815944731
24.696332726417392	20.48055273845898	5.133739829647948	60.067835569381714	-0.14447097194605152	0.26685911116861605	-2.60817899022046	2.6257728942115612	4.052294393941008	2.3289164456346	-37.9249531077595	38.21187001301651
24.68839791382862	20.48886859686908	5.068176863414596	60.10654044151306	-0.2050081075541239	0.21485301338496932	-1.6939202385389478	1.7197546092554516	-1.564070161571273	-1.3436576565131244	23.621283351070428	23.711110444679324
