x	y	z	Tiempo	vx	vy	vz	Módulo Velocidad	ax	ay	az	Módulo Aceleración
17.01685164613899	10.004829606960591	0.010744631378515253	0.0	0.0	0.0	0.0	0.0	0.0	0.0	0.0	0.0
17.016426254756762	10.074921941922867	0.02071704561678635	0.01001001001001001	-0.04249659908438552	7.002224262731325	0.9962441824032827	7.072867385826584	-4.2454102485301135	699.5222038468594	99.52479382208794	706.5794518440757
17.015298530622943	10.145007887272625	0.03068965249410523	0.02002002002002002	-0.11265964096860764	7.001585940440845	0.996263427044156	7.0730077542830285	-7.009287884233791	-0.06376839681895179	0.0019225396232454895	7.009578214747166
17.013468592816942	10.215080441103938	0.040662463643521066	0.03003003003003003	-0.18281078681947138	7.000248127748163	0.996283833826642	7.073151709907227	-7.008099470501288	-0.13364748799888357	0.002038637570345181	7.009374008820759
17.010936630906123	10.285132602688392	0.05063549073034446	0.04004004004004004	-0.25294299489080174	6.998210942287026	0.9963054059736568	7.073299160461299	-7.006207586325903	-0.20351482756764874	0.0021550574867799654	7.009163122085496
17.007702904929467	10.35515737316308	0.060608745447558565	0.050050050050050046	-0.32304922506797323	6.995474570421214	0.9963281462496898	7.073450009877516	-7.003612394699434	-0.2733635493945738	0.0022717535756962347	7.008945667230519
17.00376774537428	10.42514775621878	0.07058223951102482	0.06006006006006006	-0.3931224395631896	6.9920392672645875	0.996352056940279	7.073604158335915	-7.000314128072112	-0.3431867853469918	0.0023886779898568125	7.008721764138262
16.999131553145663	10.49509675878787	0.08055598465478787	0.07007007007007007	-0.46315560363880465	6.987905356652009	0.9963771398619282	7.073761502308888	-6.996313091153941	-0.4129776701966037	0.0025057838727617233	7.008491542727711
16.993794799528832	10.564997391732048	0.09052999262612693	0.08008008008008008	-0.5331416863214118	6.983073231123344	0.9964033963367722	7.073921934624138	-6.991609659992456	-0.4827293403136524	0.0026230218369155743	7.008255141898234
16.987758026144363	10.634842670529977	0.10050427518071856	0.09009009009009009	-0.6030736611084818	6.977543351913166	0.9964308272037036	7.074085344548245	-6.986204281228298	-0.5524349330967493	0.0027403436064423648	7.008012708595875
16.98102184489626	10.70462561596429	0.11047884407756998	0.10010010010010009	-0.6729445066852948	6.971316248887789	0.9964594327954581	7.074251617824452	-6.980097473123621	-0.6220875922351282	0.002857698616279459	7.007764399090557
16.973586937912817	10.774339254808565	0.1204537110739752	0.11011011011011011	-0.7427472076461281	6.964392520543105	0.9964892129408806	7.074420636785065	-6.973289825987239	-0.6916804616339884	0.0029750365277008664	7.00751037880542
16.965454057480382	10.843976620513764	0.13042888792045876	0.12012012012012012	-0.8124747552001887	6.9567728339494455	0.9965201669637072	7.074592280420122	-6.96578200065066	-0.7612066907065647	0.003092306880377483	7.007250821037234
16.95662402596995	10.913530753894204	0.14040438635552438	0.13013013013013014	-0.8821201478920828	6.948457924705874	0.9965522936630545	7.074766424464492	-6.95757472992021	-0.8306594334327897	0.0032094572648031583	7.006985908177003
16.947097735756554	10.982994703812938	0.15038021810045035	0.14014014014014015	-0.9516763923184065	6.93944859688159	0.996585591318105	7.074942941485881	-6.948668818189739	-0.9000318496459705	0.0033264357395395585	7.006715831288883
16.936876149131642	11.05236152786665	0.16035639485405595	0.15015015015015015	-1.0211365038286886	6.929745722965739	0.9966200576851996	7.075121700988181	-6.939065139877183	-0.9693171041934826	0.003443190072749315	7.006440788267512
16.925960298208043	11.121624293069853	0.17033292828731453	0.16016016016016016	-1.0904935072675328	6.919350243800089	0.9966556899825323	7.075302569512032	-6.928764643540539	-1.0385083686484555	0.0035596665035388954	7.006160987913135
16.914351284818085	11.190776076538429	0.1803098300380098	0.17017017017017017	-1.1597404376567615	6.908263168510654	0.9966924848944574	7.0754854107391285	-6.917768345883949	-1.1075988214145547	0.0036758117013172566	7.005876643797299
16.902050280404314	11.259809966172346	0.19028711170535745	0.18018018018018017	-1.2288703409357697	6.896485574428387	0.996730438568031	7.075670085603091	-6.906077337572927	-1.1765816488185044	0.0037915719900047176	7.005587979955215
16.889058525903152	11.328719061337653	0.20026478484450108	0.19019019019019018	-1.2978762746660366	6.884018607014113	0.9967695466004494	7.075856452408258	-6.893692779653662	-1.245450044685962	0.0039068924385937355	7.00529522703118
16.87537733162147	11.397496473547509	0.21024286096110073	0.20020020020020018	-1.366751308740245	6.87086347976465	0.9968098040483053	7.076044366943553	-6.880615904013418	-1.3141972122213315	0.004021719040810658	7.0049986227976335
16.86100807710594	11.466135327142306	0.22022135150579514	0.21021021021021022	-1.4354885261013388	6.857021474120164	0.996851205414969	7.07623368260623	-6.866848014373258	-1.3828163638841602	0.004135996529697662	7.004698412865116
16.845952211005233	11.534628759968843	0.2302002678686501	0.22022022022022023	-1.5040810234605382	6.84249393937109	0.9968937446492121	7.076424250536773	-6.852390486184019	-1.4513007214324576	0.004249669500888988	7.004394850296954
16.83021125092528	11.60296992405847	0.24017962137368656	0.23023023023023023	-1.5725219119872569	6.827282292553782	0.996937415153142	7.076615919747992	-6.837244763819201	-1.5196435170490719	0.004362683342601904	7.004088192783433
16.8137867832771	11.671151986304055	0.250159423273241	0.24024024024024024	-1.6408043180533995	6.811388018333931	0.9969822097654862	7.076808537259899	-6.821412366007655	-1.5878379945631722	0.004474981773184584	7.003778707923489
16.796680463117827	11.739168129135843	0.26013968474248056	0.2502502502502503	-1.7089213839112292	6.794812668895542	0.9970281207770318	7.07700194823999	-6.804894879197163	-1.655877408895047	0.004586510053406168	7.003466666322273
16.778894013984416	11.807011551195933	0.27012041687367744	0.2602602602602603	-1.776866268427714	6.77755786380298	0.9970751399065685	7.077195996133889	-6.787693963196826	-1.7237550287469274	0.004697211040710404	7.003152347403312
16.760429227720486	11.874675468011898	0.2801016306707959	0.2702702702702703	-1.8446321477666299	6.759625289914901	0.9971232583321356	7.077390522850787	-6.7698113459577085	-1.7914641314191266	0.0048070307141500415	7.002836032748681
16.74128796429568	11.942153112668507	0.29008333704382444	0.2802802802802803	-1.912212216138191	6.741016701195263	0.9971724666655506	7.077585368868217	-6.751248830318952	-1.8589980130918256	0.004915912508162559	7.002518014811398
16.72147215161854	12.009437736478468	0.3000655468032111	0.2902902902902903	-1.9795996864463918	6.721733918615098	0.99722275496273	7.077780373411907	-6.732008283789273	-1.9263499797584533	0.005023800888227771	7.0021985844517545
16.70098378534187	12.076522609651605	0.31004827065432117	0.3003003003003003	-2.046787791039306	6.701778829996371	0.9972741127258936	7.077975374614432	-6.712091648832146	-1.9935133530108249	0.005130640540039845	7.001878041956105
16.679824928661134	12.143401021962267	0.3200315191918794	0.3103103103103103	-2.11376978240543	6.68115338983523	0.9973265289020665	7.078170209649449	-6.691500937475749	-2.060481472098007	0.0052363759996736274	7.001556692102951
16.657997712106045	12.210066283415602	0.3300153028944576	0.3203203203203203	-2.1805389338533487	6.659859619188076	0.9973799918875611	7.078364714929563	-6.670238229647105	-2.127247687650695	0.005340952250908439	7.001234840414362
16.635504333325006	12.276511724911874	0.33999963211901046	0.3303303303303303	-2.2470885402258265	6.637899605477605	0.9974344895328341	7.0785587262467216	-6.64830567661053	-2.1938053696760496	0.0054443147627715426	7.000912798359547
16.612347056862472	12.342730698909143	0.3499845170953396	0.34034034034034033	-2.3134119186071547	6.615275502327237	0.997490009135283	7.078752078945075	-6.625705500294687	-2.260147904721742	0.005546408284642358	7.000590881525517
16.588528213929514	12.408716580084208	0.35996996792075153	0.35035035035035034	-2.3795024090024604	6.591989529388983	0.9975465374586504	7.078944608090831	-6.60243999049104	-2.3262686965315718	0.0056471795044076645	7.000269406753884
16.564050202167397	12.474462765991786	0.36995599455464906	0.36036036036036034	-2.445353375035473	6.568043972167053	0.9976040607263633	7.079136148648016	-6.578511506697945	-2.3921611664708338	0.005746574444519827	6.999948693615276
16.538915485404132	12.539962677721634	0.37994260681313535	0.37037037037037035	-2.510958204650192	6.543441181811821	0.9976625646227811	7.0793265356374615	-6.553922478510445	-2.4578187564876495	0.0058445392521398595	6.999629065365253
16.513126593404177	12.605209760554004	0.38992981436381857	0.38038038038038036	-2.5763103107955208	6.518183574953734	0.9977220343132539	7.0795156043377805	-6.528675403918352	-2.523234925122912	0.005941022078229599	6.999310845564142
16.4866861216114	12.670197484612778	0.3999176267205076	0.39039039039039036	-2.6414031320985427	6.492273633471543	0.9977824544332367	7.079703190424341	-6.5027728481718965	-2.58840315407091	0.00603596998627687	6.998994358896109
16.459596730884886	12.734919345516756	0.40990605323809315	0.40040040040040037	-2.7062301335786114	6.465713904307395	0.9978438091067943	7.079889130178215	-6.476217447858866	-2.6533169434983366	0.006129331888405445	6.998679932909945
16.431861147228197	12.79936886502874	0.419895103107453	0.41041041041041043	-2.770784807303221	6.438506999247109	0.9979060819490422	7.080073260646902	-6.449011905088471	-2.7179698155225465	0.006221056940566417	6.9983678934172895
16.403482161511608	12.863539591702443	0.4298847853503344	0.42042042042042044	-2.8350606730872676	6.410655594702959	0.9979692560638559	7.080255419829925	-6.4211589918262515	-2.7823553139606108	0.006311094069889957	6.998058568013298
16.37446262918777	12.927425101526996	0.43987510881454045	0.43043043043043044	-2.8990512791512644	6.382162431472868	0.9980333140741827	7.080435446838997	-6.3926615457932785	-2.8464670066860798	0.006399395231650165	6.99775228280309
16.344805470000384	12.991018998569476	0.4498660821689512	0.44044044044044045	-2.9627502028199717	6.353030314543785	0.998098238105633	7.080613182114361	-6.363522474503864	-2.9102984812153947	0.006485910741885827	6.997449363898146
16.314513667686455	13.054314915614617	0.4598577138987556	0.45045045045045046	-3.026151051161522	6.323262112809525	0.9981640098074639	7.0807884675517085	-6.333744749320894	-2.973843353252595	0.0065705930129032605	6.997150135014052
16.28359026967141	13.117306514802372	0.4698500123007867	0.46046046046046046	-3.0892474617029477	6.292860758856792	0.9982306103629058	7.080961146727419	-6.303331413088416	-3.0370952598780523	0.006653395488650051	6.996854921210849
16.252038386758137	13.17998748826289	0.47984298547891585	0.47047047047047047	-3.1520331030360227	6.261829248705732	0.9982980204951013	7.081131065042217	-6.272285569174191	-3.10004786409086	0.006734272206327132	6.996564040394917
16.21986119280892	13.24235155874898	0.48983664133956417	0.4804804804804805	-3.214501675526738	6.230170641560432	0.9983662204787676	7.081298069924665	-6.240610391822456	-3.1626948538155153	0.006813178368258435	6.996277811827732
16.187061924420885	13.304392480265578	0.499830987587249	0.4904904904904905	-3.2766469119648014	6.197888059508122	0.9984351901437123	7.081462010969143	-6.208309120162543	-3.2250299470257526	0.00689006952797955	6.995996552583802
16.153643880595183	13.366104038697149	0.5098260317203936	0.5005005005005005	-3.3384625781875585	6.164984687313828	0.9985049089011474	7.081622740154433	-6.175385055653406	-3.2870468822099714	0.006964903867767555	6.995720570557375
16.11961042239923	13.427480052431651	0.519821781027111	0.5105105105105106	-3.3999424737757216	6.131463772076804	0.9985753557410603	7.081780111975228	-6.141841569257489	-3.3487394321786264	0.007037639307295043	6.995450176711599
16.084964972622732	13.488514372982108	0.5298182425811541	0.5205205205205206	-3.46108043267216	6.097328622990622	0.9986465092489062	7.081933983637651	-6.107682093754184	-3.4101013937096365	0.007108235433807655	6.995185673072365
16.04971101542723	13.549200885605096	0.5398154232379929	0.5305305305305306	-3.521870323830513	6.062582611036511	0.998718347618202	7.082084215214442	-6.072910126719476	-3.4711265942156655	0.007176653092651111	6.994927358066903
16.013852095989122	13.609533509916194	0.5498133296310311	0.5405405405405406	-3.582306051867083	6.0272291686786685	0.998790848664518	7.08223066980951	-6.037529230853361	-3.5318088915484718	0.007242854526963774	6.994675526339396
15.977391820136535	13.669506200502747	0.5598119681679339	0.5505505505505506	-3.6423815576734357	5.991271789596688	0.998863989836585	7.0823732137390865	-6.001543030054635	-3.592142170289874	0.007306803089495908	6.994430463057275
15.940333853979634	13.72911294753297	0.569811345027084	0.5605605605605606	-3.7020908190744155	5.954714028319286	0.9989377482290942	7.082511716656358	-5.9649552139578805	-3.6521203516124787	0.007368463411671747	6.9941924524163905
15.902681923534853	13.788347777362409	0.5798114661542685	0.5705705705705706	-3.7614278514336332	5.917559499960953	0.9990121006057332	7.0826460517433345	-5.927769532685852	-3.7117373829974007	0.007427802426235855	6.993961767498298
15.864439814342798	13.847204753136797	0.5898123372592916	0.5805805805805806	-3.82038670828628	5.879811879861361	0.9990870233918104	7.082776095834117	-5.889989799579405	-3.7709872479492956	0.007484786329115892	6.993738677229228
15.825611371079924	13.90567797539185	0.5998139638130072	0.5905905905905906	-3.8789614819611185	5.841474903279777	0.9991624927161903	7.082901729590515	-5.851619890116372	-3.8298639605002176	0.007539385505547116	6.9935234422054915
15.786200497164186	13.963761582649575	0.6098163510443029	0.6006006006006006	-3.937146304182244	5.802552365046718	0.9992384844064358	7.083022837628299	-5.8126637398904535	-3.888361569482631	0.007591569855527938	6.993316314882344
15.746211154354546	14.021449752011124	0.6198195039373683	0.6106106106106106	-3.994935346683088	5.763048119218788	0.9993149740172352	7.083139308661393	-5.7731253458343	-3.9464741582101635	0.007641312118862456	6.993117540109412
15.705647362344363	14.07873669974618	0.6298234272289323	0.6206206206206206	-4.052322821817229	5.722966078732112	0.9993919368272405	7.083251035642776	-5.733008765900665	-4.004195844618952	0.007688584719523808	6.9929273545699395
15.66451319834891	14.135616681878822	0.639828125405961	0.6306306306306306	-4.109302983145779	5.68231021505096	0.9994693478851734	7.083357915898737	-5.692318116722135	-4.061520781747046	0.007733364687497504	6.99274598476561
15.622812796686889	14.192083994769675	0.6498336027032192	0.6406406406406406	-4.165870126035949	5.641084557796155	0.9995471819960948	7.08345985124793	-5.651057574728003	-4.11844315975503	0.007775627681051614	6.992573648765493
15.580550348355954	14.248132975694297	0.6598398631011133	0.6506506506506506	-4.222018588260326	5.599293194369747	0.9996254137496204	7.0835567481276795	-5.609231376215295	-4.17495720629816	0.007815352177208936	6.992410556172222
15.53773010060266	14.303758003418018	0.6698469103238345	0.6606606606606606	-4.27774275055409	5.556940269599743	0.9997040175498448	7.083648517714768	-5.566843813147012	-4.231057184523387	0.00785251964241728	6.992256903228376
15.494356356486342	14.35895349876661	0.679854747837444	0.6706706706706707	-4.333037037220148	5.514029985324323	0.9997829676095957	7.083735076024482	-5.523899237939192	-4.286737399114469	0.007887110969114212	6.992112879980651
15.450433474437412	14.4137139251934	0.6898633788482654	0.6806806806806807	-4.387895916688122	5.470566600036392	0.9998622379810571	7.083816344038184	-5.480402058850634	-4.341992190264345	0.007919110108992048	6.991978662673088
15.405965867809995	14.468033789342133	0.6998728063014541	0.6906906906906907	-4.442313902079026	5.426554428458386	0.9999418025735484	7.083892247780167	-5.436356740551304	-4.396815940642753	0.007948502789876346	6.9918544181872395
15.360958004428806	14.521907641605836	0.7098830328796496	0.7007007007007007	-4.496285551780761	5.381997841143887	1.000021635161731	7.0839627184240195	-5.391767805203313	-4.4512030727184815	0.007975275559448849	6.991740303016528
15.31541440613068	14.575330076681736	0.71989406100195	0.7107107107107107	-4.549805469982793	5.336901264082417	1.0001017094178073	7.084027692381663	-5.346639828383027	-4.505148048440829	0.007999418182018062	6.991636459621821
15.269339648300372	14.62829573412183	0.7299058928229367	0.7207207207207207	-4.60286830724775	5.291269178265377	1.0001819989165766	7.084087111384479	-5.30097744276917	-4.558645373122301	0.008020920927049004	6.991543021523179
15.222738359401111	14.680799298879164	0.7399185302319253	0.7307307307307307	-4.65546876103616	5.245106119257666	1.0002624771579627	7.084140922544382	-5.254785333462199	-4.611689594870386	0.008039776314474214	6.991460109176653
15.175615220499676	14.732835501850088	0.749931974852456	0.7407407407407407	-4.707601576253385	5.19841667679538	1.0003431175910138	7.084189078450644	-5.208068240200747	-4.664275301982386	0.00805597926180646	6.991387829756868
15.127974964786066	14.78439912041176	0.7599462280418402	0.7507507507507507	-4.759261545789616	5.151205494310937	1.0004238936194823	7.0842315372082325	-5.160830956669454	-4.716397130195813	0.008069525243998602	6.991326281205499
15.079822377088137	14.835484978955444	0.7699612908910239	0.7607607607607607	-4.810443511023149	5.103477268514097	1.0005047786334562	7.084268262499184	-5.113078326830017	-4.768049757104328	0.00808041289599897	6.991275545677917
15.03116229338078	14.886087949415193	0.7799771642245318	0.7707707707707707	-4.861142362365007	5.055236748928976	1.0005857460174337	7.0842992236377835	-5.064815249051619	-4.819227906553633	0.008088641659347088	6.991235695387119
14.98199960029019	14.93620295179208	0.7899938486006806	0.7807807807807807	-4.911353039749961	5.006488737450929	1.000666769177263	7.08432439560893	-5.01604667075684	-4.869926346656872	0.0080942136669556	6.99120678719836
14.932339234592847	14.985824954673479	0.8000113443119041	0.7907907907907907	-4.9610705331644676	4.957238087851802	1.0007478215512347	7.084343759094479	-4.966777592109233	-4.920139894952806	0.008097132159763024	6.991188868778601
14.882186182709784	15.034948975748076	0.8100296513852632	0.8008008008008007	-5.010289883118003	4.907489705352254	1.000828876628569	7.084357300511216	-4.917013060358187	-4.969863411704819	0.008097402225691244	6.991181969785799
14.831545480195558	15.083570082315717	0.8200487695832502	0.8108108108108109	-5.059006181171116	4.857248546107257	1.000909907978897	7.0843650120302915	-4.866758175505898	-5.019091808575097	0.008095031897778006	6.991186111905515
14.780422211222575	15.131683391792635	0.8300686984046024	0.8208208208208209	-5.107214570401006	4.806519616744082	1.0009908892530814	7.084366891588104	-4.8160180840660916	-5.067820043381203	0.00809002929102485	6.991201300686586
14.728821508060669	15.179284072211606	0.8400894370854097	0.8308308308308309	-5.154910245874424	4.755307973855296	1.0010717942126524	7.084362942876446	-4.764797979794428	-5.1160431245897335	0.00808240546113446	6.991227529282178
14.676748550551606	15.226367342717296	0.8501109846004146	0.8408408408408409	-5.2020884551554	4.703618723518394	1.0011525967489834	7.084353175376785	-4.713103107169531	-5.163756108656509	0.008072173379469508	6.99126477888526
14.62420856557934	15.272928474056508	0.8601333396644	0.8508508508508509	-5.24874449872945	4.651457020787283	1.001233270892143	7.084337604315265	-4.66093875304757	-5.210954102838033	0.008059346901643852	6.991313015065028
14.571206826535338	15.318962789063322	0.8701565007338447	0.8608608608608609	-5.29487373049572	4.59882806918073	1.0013137908375234	7.084316250669477	-4.608310253450356	-5.257632265494648	0.008043942543500585	6.991372192655581
14.517748652779506	15.36446566313905	0.8801804660087043	0.8708708708708709	-5.340471558207613	4.545737120165246	1.0013941309584746	7.084289141134116	-4.55522298841817	-5.303785806646859	0.008025978083030984	6.991442252734855
14.463839409096622	15.409432524726965	0.8902052334343519	0.8808808808808809	-5.385533443920165	4.492189472632651	1.0014742658221973	7.084256308090379	-4.5016823826839225	-5.349409988506209	0.008005472885899126	6.991523123561341
14.409484505148416	15.453858855781883	0.9002308007037514	0.8908908908908909	-5.430054904425701	4.438190472386332	1.001554170213012	7.084217789574901	-4.447693904503	-5.3945001246072355	0.007982448642380782	6.991614719220943
14.354689394921177	15.497740192234192	0.9102571652597349	0.9009009009009009	-5.474031511701204	4.383745511585622	1.0016338191427512	7.084173629231242	-4.393263066822796	-5.439051583990957	0.007956928080947858	6.9917169436647155
14.299459576169266	15.541072124448634	0.9202843242975012	0.9109109109109109	-5.517458893315946	4.328860028222833	1.0017131878728536	7.084123876255624	-4.338395423312718	-5.483059787942665	0.007928936137228917	6.991829685797764
14.24380058985433	15.583850297677573	0.9303122747671911	0.9209209209209209	-5.560332732862168	4.273539505571003	1.0017922519220275	7.084068585341726	-4.283096570667583	-5.5265202129177595	0.007898498512473087	6.991952823334245
14.187718019580466	15.626070412508685	0.9403410133767645	0.9309309309309309	-5.6026487703589805	4.2177894716281	1.0018709870963747	7.0840078166082865	-4.227372145931555	-5.569428390896046	0.007865643917285262	6.9920862215701485
14.131217491025314	15.66772822530717	0.9503705365948791	0.9409409409409409	-5.644402802659629	4.161615498568676	1.0019493694896566	7.083941635531705	-4.171227826834781	-5.611779908636411	0.007830401088866859	6.992229733176486
14.074304671367107	15.708819548652198	0.9604008406540268	0.950950950950951	-5.685590683854853	4.105023202168195	1.0020273755088478	7.083870112865245	-4.1146693314029	-5.653570410408078	0.007792801317197687	6.992383200310301
14.01698526870786	15.749340251767853	0.9704319215537873	0.960960960960961	-5.726208325658861	4.048018241253972	1.0021049818860812	7.083793324560696	-4.05770241622043	-5.694795595330871	0.007752877085618562	6.992546451637208
13.959265031492796	15.789286260948037	0.9804637750641998	0.970970970970971	-5.766251697784832	3.9906063171004034	1.0021821656902061	7.08371135165145	-4.00033287538448	-5.735451222941533	0.00771066203207891	6.992719306459566
13.901149747925908	15.828653559975857	0.9904963967293388	0.980980980980981	-5.805716828332124	3.932793172879196	1.0022589043473829	7.083624280180849	-3.942566541674467	-5.775533107698613	0.007666191851954587	6.992901571175678
13.842645245381851	15.867438190536964	1.0005297818709578	0.990990990990991	-5.8445998041513105	3.8745845930545944	1.0023351756477386	7.083532201081771	-3.8844092843367255	-5.815037124477712	0.007619502905534572	6.993093042718644
13.783757389814246	15.905636252627104	1.0105639255923564	1.001001001001001	-5.882896771203644	3.815986402804999	1.0024109577677152	7.083435210071712	-3.8258670085280464	-5.853959205934534	0.007570633785663102	6.9932935063662915
13.724492085160367	15.943243904953498	1.0205988227822589	1.011011011011011	-5.9206039349225055	3.7570044674066914	1.002486229271257	7.083333407528704	-3.766945655514289	-5.892295346290914	0.007519623203837636	6.99350273927541
13.664855272742455	15.980257365330512	1.03063446811893	1.021021021021021	-5.957717560549396	3.6976446916637693	1.0025609691334338	7.083226898377439	-3.707651200126359	-5.930041596717916	0.0074665122314588024	6.993720505525518
13.60485293066551	16.016672911068948	1.040670856074343	1.031031031031031	-5.99423397348684	3.6379130192697215	1.0026351567457652	7.0831157919533245	-3.647989652450658	-5.9671940721653725	0.007411342471902429	6.993946563083669
13.544491073211828	16.052486879359453	1.0507079809185167	1.0410410410410411	-6.0301495596228065	3.577815432221427	1.0027087719329568	7.083000201875771	-3.5879670549830616	-6.003748946124643	0.0073541572004430815	6.994180658187542
13.483775750232205	16.087695667649555	1.0607458367238596	1.0510510510510511	-6.065460765664397	3.517357950181234	1.0027817949537547	7.082880245903352	-3.5275894835548525	-6.039702455815246	0.007294999777712643	6.994422530580295
13.422713046534026	16.122295734014635	1.0707844173697791	1.0610610610610611	-6.100164099448041	3.456546629871477	1.0028542065273642	7.082756045793206	-3.466863044986102	-6.075050898944737	0.007233916203587823	6.994671909889928
13.361309081266178	16.156283597522656	1.0808237165472603	1.0710710710710711	-6.134256130258037	3.3953875644512403	1.0029259878303665	7.082627727157764	-3.4057938779185695	-6.109790635481653	0.00717095216992252	6.994928517922248
13.29957000730093	16.189655838592326	1.0908637277635744	1.0810810810810811	-6.167733489128224	3.333886882860119	1.0029971205097838	7.082495419297601	-3.3443881511317146	-6.143918090953033	0.007106154673796763	6.995192071073132
13.23750201061279	16.222409099345338	1.100904444347126	1.0910910910910911	-6.200592869145266	3.272050749225866	1.0030675866968108	7.0823592550707595	-3.2826520637025	-6.177429750061877	0.007039572083996928	6.995462275207761
13.175111309654538	16.254540083951778	1.110945859452328	1.1011011011011012	-6.232831025729382	3.2098853621833054	1.0031373690096759	7.082219370702738	-3.220591842753178	-6.210322165551793	0.006971253055216489	6.99573883274107
13.112404154730301	16.28604555896932	1.1209879660645796	1.1111111111111112	-6.26444477693124	3.147396954252522	1.0032064505639329	7.082075905644632	-3.158213745065632	-6.242591952285271	0.006901247270274305	6.996021438608676
13.049386827365984	16.316922353675988	1.131030757005345	1.1211211211211212	-6.295431003695302	3.084591791196105	1.003274814982467	7.0819290023962065	-3.0955240537297213	-6.274235789336042	0.006829605411566055	6.99630978094271
12.986065639676895	16.347167360396202	1.1410742249372474	1.1311311311311312	-6.325786650140027	3.021476171349426	1.0033424463970462	7.081778806335607	-3.0325290798280724	-6.305250422683247	0.006756378316452662	6.996603544677811
12.922446933732786	16.376777534820448	1.1511183623692174	1.1411411411411412	-6.3555087238164365	2.9580564249821393	1.0034093294538002	7.081625465549549	-2.9692351602733043	-6.335632662091949	0.006681617369730944	6.996902408207522
12.858537080920323	16.405749896318262	1.1611631616618194	1.1511511511511512	-6.384594295965065	2.894338913631654	1.0034754493309448	7.081469130656579	-2.905648657647966	-6.365379383913463	0.006605375726741028	6.997206046260925
12.794342481303053	16.4340815282445	1.171208615032519	1.1611611611611612	-6.413040501765289	2.830330029431277	1.0035407917328814	7.081309954623813	-2.8417759594424394	-6.394487531617685	0.006527705953462684	6.997514130505492
12.729869562978987	16.46176957823918	1.1812547145609857	1.1711711711711712	-6.4408445405741945	2.7660361944685214	1.0036053428938339	7.081148092593415	-2.7776234770096244	-6.42295411277928	0.006448660979154488	6.99782632680547
12.665124781435724	16.488811258520318	1.191301452194529	1.1811811811811812	-6.468003676171989	2.701463860085572	1.0036690895909817	7.08098370169874	-2.7131976462196694	-6.4507762048566475	0.006368295045066732	6.998142301195259
12.600114618903355	16.5152038461702	1.201348819753495	1.1911911911911912	-6.4945152369836565	2.6366195062230413	1.0037320191406884	7.080816940880265	-2.648504925085584	-6.4779509508668225	0.00628666201570627	6.998461715417058
12.534845583705224	16.540944683414946	1.2113968089367593	1.2012012012012012	-6.520376616293321	2.5715096407502447	1.0037941194081066	7.080647970696925	-2.583551793035482	-6.504475560732385	0.006203816715073442	6.998784228335916
12.469324209606313	16.56603117789695	1.221445411327108	1.2112112112112112	-6.545585272481157	2.5061407987521735	1.0038553787958426	7.080476953145865	-2.518344753164792	-6.530347315607309	0.006119812834830964	6.999109501240951
12.40355705515973	16.590460802940974	1.2314946183968551	1.2212212212212212	-6.57013872921362	2.4405195418981	1.0039157862677357	7.0803040514808995	-2.4528903275730998	-6.555563559721967	0.006034706442117168	6.999437188970129
12.337550703051093	16.61423109781291	1.2415444215132592	1.2312312312312312	-6.594034575652853	2.3746524577065453	1.003975331328762	7.0801294300114135	-2.38719505927937	-6.580121710736298	0.00594855159653185	6.9997669507217966
12.271311759441014	16.637339667971947	1.251594811944134	1.2412412412412412	-6.617270466646914	2.3085461588876197	1.0040340040443985	7.079953253924046	-2.321265510306726	-6.60401925201067	0.0058614042920784445	7.000098442616889
12.204846853305503	16.659784185315637	1.2616457808632608	1.2512512512512513	-6.639844122937588	2.2422072826346113	1.00409179502077	7.079775689104603	-2.2551082634383093	-6.62725373767554	0.00577331853951142	7.00043132346637
12.13816263577482	16.68156238841819	1.2716973193560124	1.2612612612612613	-6.661753331315122	2.1756424899450306	1.0041486954258785	7.0795969019336	-2.1887299169156322	-6.649822789689115	0.0056843504703420165	7.000765250692992
12.071265779470325	16.70267208276171	1.2817494184248086	1.2712712712712713	-6.682995944819113	2.1088584649175215	1.0042046969727434	7.079417059119	-2.122137089048672	-6.671724100248165	0.005594554531804953	7.00109988456018
12.004162977839792	16.72311114096037	1.2918020689946417	1.2812812812812813	-6.703569882890233	2.041861914046289	1.0042597919263236	7.079236327493641	-2.0553364133048957	-6.692955432036148	0.005503985862666785	7.001434887288433
11.93686094449087	16.742877502977734	1.3018552619185348	1.2912912912912913	-6.72347313155727	1.9746595655346901	1.0043139730969284	7.079054873857662	-1.988334541837038	-6.71351461630871	0.005412698943413432	7.00176992273831
11.869366412523297	16.76196917633686	1.3119089879830395	1.3013013013013013	-6.7427037435606385	1.907258168576531	1.0043672338440108	7.078872864760888	-1.9211381391364923	-6.733399556120092	0.005320748633536845	7.002104658055969
11.801686133859253	16.780384236323613	1.321963237913633	1.3113113113113113	-6.761259838538001	1.8396644926767554	1.004419568066297	7.078690466361488	-1.8537538882384859	-6.752608222387597	0.005228188806394598	7.002438762115244
11.733826878572476	16.798120826182558	1.3320180023801496	1.3213213213213213	-6.7791396031490185	1.7718853269086057	1.0044709702050028	7.078507844219856	-1.7861884846406801	-6.771138660238156	0.005135073656698609	7.002771910309246
11.665795434215926	16.81517715730612	1.3420732720021322	1.3313313313313313	-6.796341291219276	1.7039274792438972	1.0045214352360685	7.078325163137342	-1.718448638218743	-6.788988981704379	0.005041456603469487	7.003103778481652
11.59759860514809	16.831551509416325	1.3521290373541286	1.3413413413413413	-6.812863223876916	1.6357977758094682	1.0045709586644378	7.07814258697787	-1.6505410724982381	-6.806157373099463	0.004947390494091099	7.003434050240819
11.529243211858118	16.847242230739674	1.3621852889710493	1.3513513513513513	-6.82870378966817	1.5675030602025468	1.004619536530378	7.077960278494877	-1.5824725225462455	-6.822642089131445	0.00485292880743178	7.003762411155862
11.46073609028959	16.862247738174712	1.3722420173532677	1.3613613613613613	-6.84386144469595	1.4990501927603335	1.0046671653836168	7.077778399173746	-1.5142497372752106	-6.838441457477116	0.004758122438548497	7.004088554116726
11.392084091163298	16.87656651745259	1.3822992129719018	1.3713713713713713	-6.858334712716567	1.4304460498601073	1.0047138423015531	7.077597109056559	-1.445879475259638	-6.8535538757326	0.004663024101842496	7.0044121757889295
11.323294079298824	16.890197123290285	1.3923568662738643	1.3813813813813813	-6.87212218526093	1.3616975231856132	1.0047595648660552	7.077416566586647	-1.3773685071819053	-6.867977814781958	0.004567684193757994	7.004732980824649
11.254372932935164	16.90313817953682	1.402414967686933	1.3913913913913913	-6.885222521729667	1.2928115190289433	1.0048043311655666	7.077236928448591	-1.3087236132268252	-6.881711815251325	0.004472153321182272	7.005050678199445
11.185327543050322	16.915388379312265	1.4124735076247281	1.4014014014014013	-6.897634449495695	1.2237949575668619	1.004848139785725	7.077058349417976	-1.2399515838261708	-6.89475449006194	0.0043764811538244755	7.005364984213856
11.116164812680033	16.926946485139457	1.4225324764916152	1.4114114114114114	-6.909356763991882	1.1546547721364224	1.004890989802018	7.076880982206996	-1.171059218169092	-6.907104524500901	0.004280716627671268	7.005675622620168
11.046891656235667	16.93781132906872	1.4325918646875488	1.4214214214214214	-6.920388328792148	1.0853979085332977	1.004932880773773	7.076704977317573	-1.1020533235465861	-6.918760673952168	0.004184908078324369	7.005982322617061
10.977514998821192	16.947981812795096	1.4426516626128514	1.4314314314314314	-6.930728075706051	1.0160313242650372	1.004973812737724	7.076530482910144	-1.032940716698937	-6.929721768399224	0.004089103198698997	7.0062848238139415
10.90804177554958	16.95745690776865	1.4527118606728209	1.4414414414414414	-6.940375004833973	0.9465619878579151	1.0050137861909527	7.076357644651348	-0.9637282198793393	-6.939986707071495	0.003993347977558549	7.006582870625946
10.838478930858383	16.966235655297393	1.4627724492824072	1.4514514514514514	-6.949328184650705	0.8769968781215449	1.0050528020976779	7.076186605596265	-0.8944226636915431	-6.949554462663386	0.0038976890818445365	7.006876217176227
10.768833417824949	16.974317166643118	1.4728334188707015	1.4614614614614614	-6.957586752040051	0.8073429834379822	1.0050908618705987	7.076017506033005	-0.8250308821956485	-6.958424078887922	0.003802171314789683	7.007164624491882
10.699112197480517	16.98170062310979	1.4828947598852833	1.4714714714714714	-6.965149912408755	0.7376073010206595	1.0051279673567204	7.0758504834125295	-0.75555972083356	-6.966594673490534	0.003706838063555852	7.007447864743711
10.629322238124484	16.988385276125022	1.4929564627966374	1.4814814814814814	-6.972016939667693	0.6677968362215906	1.0051641208442759	7.07568567216729	-0.6860160231679017	-6.974065433426989	0.0036117334067923734	7.007725715122024
10.559470514637775	16.994370447314097	1.5030185181023181	1.4914914914914914	-6.978187176322196	0.5979186017885306	1.005199325037504	7.0755232036371805	-0.6164066417848613	-6.980835619862693	0.003516898903488298	7.007997964337471
10.489564007795915	16.99965552856685	1.513080916331127	1.5015015015015014	-6.983660033501867	0.5279796171501756	1.0052335830580028	7.07536320595381	-0.5467384322490829	-6.986904565371669	0.0034223762478335262	7.008264409364763
10.419609703581813	17.00423998209738	1.5231436480471017	1.5115115115115114	-6.98843499098879	0.4579869076999413	1.0052668984258744	7.0752058039304995	-0.4770182529436881	-6.992271674078407	0.003328205250367323	7.008524855824575
10.349614592498282	17.008123340496397	1.5332067038534836	1.5215215215215214	-6.99251159724469	0.38794750406164213	1.0052992750575516	7.075051118963055	-0.4072529649643331	-6.996936423466091	0.0032344255045533964	7.008779120004214
10.279585668880134	17.011305206776573	1.543270074396539	1.5315315315315314	-6.995889469452981	0.31786844138959625	1.0053307172512453	7.074899268956659	-0.3374494336083486	-7.000898360937387	0.0031410751500082113	7.009027025684198
10.209529930206415	17.01378525441042	1.5533337503692366	1.5415415415415414	-6.99856829350458	0.24775675862117277	1.0053612296724834	7.074750368205132	-0.2676145227547318	-7.004157108565507	0.003048190881684444	7.009268408737507
10.139454376412194	17.01556322736124	1.5633977225149436	1.5515515515515514	-7.000547824042617	0.17761949778718927	1.0053908173561275	7.074604527344693	-0.19775510074989747	-7.006712357314954	0.0029558095960383847	7.009503111835606
10.069366009200554	17.01663894010666	1.573461981630875	1.5615615615615615	-7.0018278844429185	0.1074637032672982	1.0054194856815524	7.074461853248661	-0.1278780339900852	-7.00856387253712	0.0028639657099493797	7.009730989796204
9.999271831354413	17.017012277654956	1.5835265185714784	1.5715715715715715	-7.002408366829447	0.03729642107483074	1.0054472403662786	7.074322448971929	-0.05799019041417745	-7.009711491027502	0.0027726930041540375	7.009951906928732
9.92917884604843	17.01668319555445	1.5935913242518018	1.5815815815815815	-7.002289232067733	-0.032875301840613255	1.0054740874643098	7.07418641368497	0.01190156269518328	-7.010155119252857	0.0026820250933104147	7.010165735304709
9.859094056161094	17.01565171989551	1.6036563896506064	1.5915915915915915	-7.001470509744826	-0.10304441832819652	1.0055000333405784	7.074053842601354	0.08179036005841217	-7.009894737109571	0.0025919930392316335	7.010372358639936
9.789024463586802	17.013917947305217	1.613721705813423	1.6016016016016015	-6.999952298171775	-0.17320388177016574	1.0055250846653772	7.073924826942387	0.15166933614783804	-7.008930397852727	0.0025026273473998336	7.010571672311406
9.718977068548249	17.011482044935434	1.6237872638555368	1.6116116116116117	-6.997734764351353	-0.2433466467412803	1.0055492484071509	7.07379945387653	0.22153162866010878	-7.00726222061419	0.0024139578031945248	7.010763575969167
9.648958868909263	17.008344250442946	1.6338530549648467	1.6216216216216217	-6.994818143934651	-0.31346566979959234	1.0055725318200524	7.073677806460462	0.2913703796285231	-7.004890403525376	0.002326012948857437	7.01094798681769
9.57897685948752	17.004504871963164	1.6439190704045292	1.6316316316316317	-6.991202741232121	-0.38355391013021045	1.0055949424242874	7.073559963640444	0.3611787299827384	-7.001815209028752	0.0022388193630788595	7.011124824783141
9.509038031368062	16.99996428807625	1.6539853015157082	1.6416416416416417	-6.986888929133852	-0.45360433030274494	1.0056164880067815	7.073446000180795	0.4309498286171042	-6.9980369752361975	0.0021524036911626083	7.011294024244009
9.439149371216986	16.99472294776635	1.6640517397199257	1.6516516516516517	-6.98187714909247	-0.5236098969591078	1.0056371766013272	7.073335986659747	0.5006768261340871	-6.9935561089706475	0.0020667905951191174	7.011455526862574
9.369317860595816	16.988781370373562	1.6741183765215266	1.6616616616616617	-6.976167911054973	-0.5935635815393218	1.0056570164799317	7.073229989429031	0.5703528799459294	-6.988373089563382	0.00198200387258285	7.011609285672984
9.29955047527616	16.982140145538917	1.6841852035099552	1.6716716716716717	-6.969761793433624	-0.66345836098106	1.005676016144011	7.073128070621233	0.6399711503727892	-6.982488466229656	0.0018980664415287236	7.011755262200461
9.229854184555268	16.974799933142158	1.6942522123618733	1.6816816816816818	-6.962659443017047	-0.7332872184362215	1.005694184306622	7.073030288108807	0.709524806615979	-6.975902859770629	0.0018149994448409818	7.011893428624146
9.160235950571975	16.966761463232675	1.7043193948432602	1.6916916916916918	-6.95486157493101	-0.803043143957339	1.0057115298905555	7.072936695522133	0.7790070217951739	-6.968616959559644	0.0017328238349470176	7.012023764345563
9.090702727623503	16.958025535953148	1.714386742811297	1.7017017017017018	-6.946368972552352	-0.8727191352248019	1.0057280620068845	7.072847342233088	0.8484109776278911	-6.960631527619549	0.0016515584212686513	7.012146260446654
9.021261461482963	16.948593021456176	1.7244542482162	1.7117117117117118	-6.937182487439962	-0.9423081982474609	1.0057437899497965	7.07276227336609	0.9177298627277566	-6.951947395963636	0.0015712214969135112	7.012260916845927
8.951919088717748	16.938464859814115	1.734521903102985	1.7217217217217218	-6.927303039244974	-1.011803348041937	1.005758723189829	7.072681529795751	0.9869568746793442	-6.942565464468168	0.001491830679251161	7.012367740389954
8.882682536008625	16.927642060921595	1.744589699612999	1.7317317317317318	-6.916731615641389	-1.0811976093626843	1.0057728713503982	7.072605148179075	1.0560852179981182	-6.932486705942649	0.0014134012408536071	7.012466749543185
8.813558719470029	16.916125704391305	1.7546576299854333	1.7417417417417418	-6.905469272205754	-1.1504840173759754	1.0057862442061822	7.072533160943808	1.1251081092199293	-6.921712160527784	0.0013359482928282157	7.012557969485065
8.744554543971056	16.9039169394426	1.7647256865587737	1.7517517517517518	-6.893517132347425	-1.2196556183757672	1.0057988516767085	7.0724655963417185	1.1940187718471	-6.910242939879204	0.0012594863055700681	7.0126414354349675
8.675676902457647	16.8910169847833	1.7747938617719758	1.7617617617617618	-6.8808763871894865	-1.2887054704640755	1.0058107037988937	7.072402478455415	1.2628104412780292	-6.8980802236219985	0.001184027006305555	7.012717189794957
8.606932675275928	16.877427128484513	1.7848621481657192	1.7717717717717718	-6.867548295453766	-1.3576266442487392	1.0058218107349612	7.072343827226881	1.3314763643985088	-6.885225261087914	0.0011095829131472228	7.012785283754897
8.538328729496499	16.863148727848532	1.794930538383468	1.7817817817817818	-6.853534183365	-1.4264122235344427	1.0058321827531	7.072289658509675	1.400009797667659	-6.8716793706417825	0.0010361646120665706	7.012845776152958
8.469871918240145	16.848183209269802	1.804999025172408	1.7917917917917918	-6.838835444509761	-1.4950553060151572	1.0058418302151075	7.072239984088321	1.4684040116384078	-6.85744393982338	0.0009637814545481852	7.012898734338808
8.401569080004663	16.83253206808901	1.8150676013843459	1.8018018018018018	-6.823453539724654	-1.5635490039612572	1.0058507635725973	7.072194811736221	1.5366522880321825	-6.842520424815387	0.0008924424132259026	7.012944232972607
8.333427037993085	16.816196868440446	1.8251362599764718	1.8118118118118118	-6.807389996956658	-1.6318864448913781	1.005858993353379	7.072154145251337	1.604747922522783	-6.826910348919085	0.0008221551000961561	7.012982352962162
8.26545259944326	16.79917924309243	1.8352049940120507	1.8218218218218218	-6.790646411127552	-1.700060772266986	1.0058665301543377	7.0721179845110935	1.6726842243276967	-6.810615304823233	0.0007529264157704276	7.013013183468671
8.197652554958864	16.781480893280722	1.8452737966609396	1.8318318318318318	-6.7732244439910545	-1.768065146189434	1.005873384623999	7.072086325529598	1.7404545169361192	-6.793636954852542	0.0006847615191538206	7.013036822144869
8.13003367784192	16.763103588535618	1.8553426612001527	1.8418418418418419	-6.7551258239827	-1.8358927440359696	1.0058795674673864	7.072059160505535	1.8080521388345812	-6.775977024868918	0.0006176660544104708	7.013053369239898
8.062602723426815	16.744049166501853	1.865411581014204	1.8518518518518519	-6.736352346068997	-1.9035367611731193	1.0058850894237288	7.0720364778931755	1.8754704435789953	-6.757637312001261	0.0005516434386060089	7.0130629349522104
7.995366428416027	16.724319532751867	1.8754805495954197	1.8618618618618619	-6.716905871577778	-1.970990411623573	1.005889961263443	7.072018262456528	1.9427028016727845	-6.738619680000328	0.0004866967874601171	7.013065635240324
7.928331510217394	16.703916660592444	1.88554956054414	1.8718718718718719	-6.696788328043455	-2.0382469287263296	1.0058941937771542	7.072004495343308	2.0097425990788063	-6.718926058565386	0.00042282811973555224	7.013061590618226
7.861504666283219	16.68284259086458	1.8956186075688832	1.8818818818818819	-6.676001709024066	-2.105299565813522	1.0058977977718577	7.071995154146327	2.076583240036945	-6.698558445010505	0.0003600390708856872	7.013050928351514
7.794892573451058	16.661099431736712	1.9056876844863628	1.8918918918918919	-6.65454807393286	-2.1721415968741087	1.0059007840562126	7.071990212982428	2.143218145611526	-6.677518902952627	0.0002983298070556196	7.013033780609419
7.728501887286394	16.638689358491067	1.9157567852214379	1.901901901901902	-6.632429547849928	-2.2387663172399286	1.0059031634339983	7.071989642569293	2.209640755684882	-6.65580956454541	0.00023769984079027314	7.013010286972281
7.662339241427276	16.61561461330393	1.9258259038070464	1.911911911911912	-6.6096483213259365	-2.3051670441950907	1.0059049467022945	7.071993410280446	2.275844529746774	-6.633432622820695	0.00017814850278443655	7.0129805872265925
7.5964112469306935	16.59187750501857	1.9358950343839545	1.921921921921922	-6.58620665020857	-2.371337117707456	1.0059061446331155	7.072001480265637	2.341822944624881	-6.61039034388528	0.00011967328901631994	7.012944832010658
7.530724491621282	16.567480408912207	1.9459641712005094	1.931931931931932	-6.562106855410242	-2.437269901025607	1.0059067679738307	7.072013813485026	2.4075695003529813	-6.58668505348332	6.227173745514404e-05	7.0129031717747425
7.465285539441779	16.542425766456105	1.9560333086123056	1.941941941941942	-6.53735132273232	-2.502958781364547	1.0059068274384477	7.0720303678312355	2.4730777145244165	-6.56231914586008	5.940515239122315e-06	7.01285576311351
7.400100929805896	16.51671608506928	1.9661024410817616	1.951951951951952	-6.511942502624671	-2.568397170543835	1.0059063336986502	7.072051098183773	2.5383411287541358	-6.537295079010897	-4.932460576938526e-05	7.012802766256715
7.335177176953149	16.49035393786557	1.9761715631776382	1.961961961961962	-6.485882909989481	-2.633578505650574	1.0059052973780753	7.07207595652165	2.6033533042554686	-6.511615377163202	-0.00010352842543348566	7.012744345661281
7.270520769306055	16.46334196339441	1.9862406695744896	1.971971971971972	-6.459175123944705	-2.6984962496690286	1.0059037290454587	7.0721048919944245	2.6681078258731206	-6.48528262744363	-0.00015667642840471179	7.012680668107956
7.206138168829672	16.435682865374975	1.9963097550520346	1.981981981981982	-6.43182178759062	-2.76314389214148	1.0059016392067384	7.072137851015277	2.732598301773158	-6.458299482997916	-0.00020877488815780338	7.012611905312574
7.142035810393406	16.407379412424074	2.0063788144945076	1.991991991991992	-6.4038256077830304	-2.8275149497950083	1.005899038303058	7.072174777356042	2.796818362778159	-6.430668659587463	-0.00025983027767471087	7.012538230290462
7.078220101135257	16.378434437777596	2.016447842889917	2.002002002002002	-6.375189354888952	-2.891602967183116	1.0058959367013611	7.072215612238072	2.860761664118397	-6.402392937071826	-0.0003098500095111966	7.012459819176413
7.0146974198287	16.348850839005515	2.026516835329236	2.012012012012012	-6.345915862525027	-2.9554015173309316	1.005892344687982	7.07226029441724	2.924421887156071	-6.373475159766775	-0.00035884213658041744	7.012376852038777
6.951474116251865	16.31863157772065	2.036585787005549	2.022022022022022	-6.316008027325777	-3.0189042023578	1.0058882724636522	7.072308760294416	2.9877927364050647	-6.3439182341841445	-0.00040681521054133376	7.012289509370499
6.888556510559545	16.28777967928122	2.046654693213189	2.032032032032032	-6.285468808662767	-3.0821046540993833	1.0058837301432368	7.072360943988965	3.0508679444347457	-6.313725128984183	-0.0004537778094941826	7.012197973863839
6.8259508926577706	16.256298232486905	2.056723549346747	2.042042042042042	-6.25430122838729	-3.144996534751867	1.0058787277424681	7.072416777448344	3.113641269520104	-6.28289887718314	-0.0004997398367958984	7.01210243121903
6.763663521581049	16.22419038926876	2.0667923509000845	2.052052052052052	-6.2225083705645075	-3.2075735374927725	1.0058732751784114	7.072476190549347	3.1761064964960077	-6.25144257381645	-0.0005447111492650427	7.012003068133899
6.701700624872565	16.19145936437309	2.076861093465266	2.062062062062062	-6.19009338117753	-3.2698293870772157	1.0058673822616133	7.072539111167181	3.2382574397590878	-6.219359373485877	-0.0005887023881291144	7.011900071256878
6.640068397967041	16.1581084350389	2.086929772731524	2.0720720720720722	-6.157059467861855	-3.3317578404856305	1.0058610586992063	7.072605465302888	3.300087940235863	-6.18665249550064	-0.0006317238844633091	7.011793630195454
6.578773003576589	16.1241409406693	2.0969983844840496	2.0820820820820822	-6.123409899606174	-3.393352687523219	1.0058543140772969	7.072675177163438	3.3615918687425546	-6.153325219055088	-0.0006737877287506413	7.01168393450855
6.517820571079548	16.089560282496826	2.1070669246028744	2.0920920920920922	-6.089148006454416	-3.454607751430056	1.005847157870592	7.072748169258168	3.4227631258606013	-6.11938088429304	-0.0007149050498067802	7.011571174415285
6.457217195912312	16.054369923242692	2.1171353890616107	2.1021021021021022	-6.054277179206824	-3.515516889487993	1.0058395994277594	7.072824362495994	3.483595642034436	-6.084822891987883	-0.0007550884389900816	7.011455540343934
6.396968938964188	16.018573386769887	2.127203773926265	2.1121121121121122	-6.018800869117564	-3.5760739936332437	1.0058316479789684	7.0729036762921105	3.544083377917086	-6.049654704110561	-0.0007943497342163933	7.011337223353811
6.3370818259755595	15.98217425773037	2.137272075353888	2.1221221221221223	-5.982722587564031	-3.6362729910478526	1.0058233126195208	7.0729860286431965	3.604220327197969	-6.0138798417194295	-0.0008327024088105708	7.0112164145046645
6.277561846939034	15.945176181206275	2.147340289591306	2.1321321321321323	-5.9460459057489	-3.6961078447570177	1.0058146023180579	7.073071336243107	3.6640005133316276	-5.9775018855455935	-0.0008701591161525582	7.011093303513542
6.218414955504056	15.907582862345052	2.157408412973768	2.1421421421421423	-5.9087744543542575	-3.755572554236176	1.0058055259079532	7.073159514566914	3.723417994324753	-5.940524476967913	-0.0009067333694509075	7.010968081804514
6.159647068384732	15.869398065988861	2.1674764419235424	2.1521521521521523	-5.870911923220493	-3.814661155983481	1.0057960920824773	7.073250477964863	3.7824668602630394	-5.902951314555762	-0.0009424391650437073	7.0108409380897605
6.1012640647710255	15.830625616297969	2.1775443729485633	2.1621621621621623	-5.832462061009306	-3.873367724120145	1.0057863093995887	7.073344139764743	3.841141234897656	-5.864786156852766	-0.0009772900205759609	7.010712061348598
6.0432717857434755	15.7912693963684	2.1876122026409863	2.1721721721721723	-5.7934286748522466	-3.9316863709639835	1.0057761862730616	7.073440412352265	3.8994352770902045	-5.826032819699455	-0.0010113003400512581	7.010581639148004
5.98567603369136	15.751333347843678	2.1976799276757513	2.1821821821821823	-5.753815630006366	-3.9896112476196395	1.005765730973018	7.0735392072737096	3.957343180103504	-5.78669517790003	-0.0010444844743688678	7.010449858460653
5.928482571734389	15.710821470520866	2.207747544809097	2.1921921921921923	-5.713626849501333	-4.047136544548934	1.0057549516212243	7.0736404353258315	4.01485917245277	-5.746777163236526	-0.0010768572441816951	7.0103169042595015
5.871697123148172	15.669737821950894	2.217815050877091	2.2022022022022023	-5.672866313763139	-4.104256492140153	1.0057438561926013	7.0737440066327215	4.071977520245576	-5.7062827643627765	-0.0011084333194363975	7.010182960584797
5.815325370793104	15.628086517033156	2.2278824427941633	2.2122122122122123	-5.631538060271248	-4.160965361282122	1.0057324525155331	7.073849830758087	4.128692523839875	-5.665216027282665	-0.0011392273391132028	7.010048208823573
5.759372956547259	15.5858717276044	2.2379497175515097	2.2222222222222223	-5.589646183159935	-4.217257463932604	1.0057207482589134	7.073957816773306	4.184998523420174	-5.623581054783233	-0.001169255236305156	7.009912830264278
5.703845480742866	15.543097682022143	2.248016872215648	2.2322322322322323	-5.5471948328588505	-4.273127153667537	1.0057087509474076	7.074067873355397	4.240889895078375	-5.581382004519775	-0.001198531419430116	7.009777002090196
5.6487485016068435	15.499768664742383	2.2580839039268383	2.2422422422422423	-5.504188215688673	-4.328568826248005	1.0056964679479201	7.0741799088611685	4.2963610553007126	-5.538623090788739	-0.0012270716488035354	7.009640901289287
5.594087534704984	15.455889015891751	2.268150809897507	2.2522522522522523	-5.4606305934957335	-4.383576920178172	1.0056839064698173	7.0742938314345345	4.351406457074676	-5.495308583623656	-0.0012548916624698819	7.009504701380269
5.539868052390425	15.411463130834374	2.2782175874107446	2.2622622622622623	-5.41652628322451	-4.438145917231974	1.0056710735724246	7.074409549052492	4.406020596095254	-5.451442805674902	-0.0012820064495341127	7.009368573580701
5.486095483255858	15.366495459732928	2.288284233818668	2.2722722722722724	-5.3718796565431965	-4.492270343034474	1.0056579761515398	7.0745269696487085	4.460198005463195	-5.407030137669729	-0.0013084323463848696	7.009232687648613
5.43277521159003	15.320990507104641	2.2983507465409105	2.2822822822822824	-5.326695139416206	-4.5459447675658415	1.005644620952033	7.074646001157177	4.513933260986392	-5.362075010683604	-0.0013341844307230403	7.009097208976696
5.379912576838297	15.274952831371685	2.3084171230630455	2.2922922922922924	-5.280977211698143	-4.599163805722298	1.0056310145612803	7.074766551610637	4.5672209790344995	-5.316581911829968	-0.0013592784362010063	7.008962301522838
5.327512873067354	15.228387044406247	2.3184833609349105	2.3023023023023024	-5.234730406717223	-4.651922117847247	1.005617163399314	7.074888529217232	4.620055817593836	-5.270555381282482	-0.001383731080431661	7.008828125982266
5.275581348434317	15.181297811070396	2.328549457769147	2.3123123123123124	-5.187959310840417	-4.704214410251585	1.0056030737402082	7.075011842426145	4.672432478092982	-5.224000011193332	-0.0014075569446770026	7.0086948400185465
5.224123204660039	15.133689848750679	2.3386154112395507	2.3223223223223224	-5.140668563050379	-4.756035435739683	1.0055887516933555	7.075136400005176	4.724345704224815	-5.176920446261011	-0.001430772480584675	7.008562597783704
5.173143596506829	15.085567926887393	2.3486812190794866	2.3323323323323324	-5.0928628545056265	-4.8073799941422966	1.0055742032095893	7.075262111119516	4.775790283620735	-5.129321384421072	-0.0014533935282375237	7.008431551364276
5.122647631260621	15.036936866498868	2.35874687908035	2.3423423423423424	-5.044546928096184	-4.858242932813621	1.0055594340862426	7.07538888538842	4.826761048303273	-5.081207573265288	-0.001475435422340055	7.008301848303618
5.072640368217579	14.987801539700495	2.368812389089939	2.3523523523523524	-4.995725577999934	-4.90861914715746	1.0055444499579633	7.075516632965035	4.877252874615376	-5.032583812949572	-0.001496914415099249	7.008173633555233
5.02312681817525	14.938166869218714	2.378877747010926	2.3623623623623624	-4.946403649228684	-4.958503581129962	1.0055292563066078	7.075645264600962	4.9272606842478845	-4.983454953852949	-0.0015178457704138509	7.008047048320395
4.974111942928363	14.888037827899982	2.388942950799277	2.3723723723723724	-4.896586037164021	-5.007891227741292	1.0055138584562726	7.075774691705882	4.97677944525983	-4.9338258964718795	-0.0015382452484884019	7.007922230565614
4.925600654769236	14.837419438214754	2.3990079984626713	2.3823823823823824	-4.84627768709672	-5.056777129554293	1.005498261573072	7.075904826413464	5.025804171723433	-4.883701591118758	-0.0015581286317318814	7.00779931443341
4.877597815992837	14.786316771756493	2.4090728880589727	2.3923923923923924	-4.795483593762339	-5.105156379180298	1.0054824706705066	7.076035581648435	5.074329924104653	-4.833087037637894	-0.00157751116629723	7.007678430164218
4.830108238406729	14.734734948735825	2.4191376176946755	2.4024024024024024	-4.744208800852141	-5.1530241197646625	1.005466490606712	7.076166871173422	5.1223518117288025	-4.781987284378026	-0.0015964083730868111	7.007559705032428
4.783136682845696	14.682679137469794	2.4292021855233634	2.4124124124124124	-4.692458400547181	-5.2003755454765415	1.0054503260859236	7.0762986096604585	5.16986499046542	-4.730407428616714	-0.0016148356267553737	7.007443261849954
4.736687858691326	14.630154553866378	2.439266589744222	2.4224224224224224	-4.640237533021599	-5.247205901981288	1.0054339816637559	7.076430712734625	5.216864665805663	-4.678352614824181	-0.0016328077745523478	7.007329219897201
4.69076642339644	14.577166460904209	2.449330828600487	2.4324324324324325	-4.587551385959137	-5.293510486920652	1.0054174617409022	7.076563097035738	5.263346091539978	-4.625828035442439	-0.0016503402930821314	7.007217694380381
4.6453769820145805	14.523720168107554	2.4593949003779256	2.4424424424424425	-4.534405194047734	-5.339284650385883	1.0054007705661074	7.076695680266906	5.309304571949174	-4.572838930176611	-0.0016674483619952612	7.007108797460135
4.600524086734397	14.469821031016755	2.4694588034034	2.4524524524524525	-4.4808042384903715	-5.384523795370785	1.0053839122449082	7.0768283812445505	5.3547354601805095	-4.519390583991701	-0.0016841462878043117	7.007002635616469
4.556212236419229	14.415474450653914	2.479522536043372	2.4624624624624625	-4.42675384648529	-5.42922337824783	1.0053668907331987	7.076961119948846	5.399634161307682	-4.465488329416787	-0.0017004490197749084	7.006899313365742
4.512445876151728	14.360685872984137	2.489586096702432	2.4724724724724725	-4.372259390723343	-5.4733789092107425	1.005349709840072	7.0770938175664275	5.443996130618452	-4.41113754319498	-0.0017163712233507107	7.00679892968987
4.469229396783705	14.30546078837224	2.4996494838218783	2.4824824824824825	-4.317326288865474	-5.516985952728436	1.0053323732326989	7.077226396534274	5.487816875601108	-4.35634364741755	-0.0017319270765868483	7.00670158020869
4.426567134491171	14.249804731034876	2.5097126958782408	2.4924924924924925	-4.261960003024182	-5.560040128002678	1.0053148844306043	7.077358780592916	5.531091955545095	-4.301112109896771	-0.0017471313292417362	7.006607356992697
4.384463370334674	14.193723278488516	2.519775731381917	2.5025025025025025	-4.206166039233982	-5.602537109381387	1.005297246817248	7.077490894805812	5.573816982640989	-4.245448439733102	-0.001761997574291319	7.006516346590849
4.342922329824949	14.137222050992838	2.529838588875754	2.5125125125125125	-4.149949946921525	-5.644472626818255	1.0052794636343452	7.077622665617283	5.615987622014484	-4.189358191943033	-0.0017765399720005577	7.006428632842439
4.301948182493905	14.080306710989802	2.539901266933645	2.5225225225225225	-4.093317318371351	-5.685842466303254	1.0052615379832852	7.0777540208914305	5.657599592162311	-4.13284696455143	-0.0017907725408897962	7.006344295315739
4.261545041471165	14.022982962538793	2.549963764159244	2.5325325325325325	-4.036273788171695	-5.726642470255886	1.0052434728373336	7.077884889916081	5.698648666945716	-4.075920394867933	-0.0018047080805644105	7.006263408661838
4.221716963065903	13.965256550747162	2.5600260791845324	2.5425425425425425	-3.9788250326856565	-5.766868537983913	1.0052252710263252	7.078015203475101	5.73913067305521	-4.018584166029926	-0.0018183609197414137	7.006186044368649
4.182467946354344	13.9071332611969	2.570088210668572	2.5525525525525525	-3.920976769484757	-5.806516626071101	1.0052069352555635	7.07814489385214	5.779041493769876	-3.9608439999100717	-0.001831743499095096	7.006112269555907
4.143801932772495	13.848618919366888	2.5801501572960683	2.5625625625625625	-3.8627347568267676	-5.845582748818203	1.0051884680868772	7.078273894902158	5.818377064533126	-3.9027056624355216	-0.0018448701517567395	7.006042146336067
4.105722805715235	13.789719390051733	2.590211917776279	2.5725725725725725	-3.804104793020233	-5.884062978584038	1.0051698719730473	7.078402141991163	5.857133384272789	-3.844174953606883	-0.0018577517716097398	7.005975735494874
4.068234390140192	13.730440576776013	2.6002734908416145	2.5825825825825826	-3.7450927159468423	-5.92195344624439	1.0051511492270173	7.078529572115688	5.895306499631747	-3.785257719269186	-0.00187040232839566	7.00591308997565
4.0313404521778216	13.670788421204838	2.6103348752464157	2.5925925925925926	-3.6857044024407704	-5.959250341560415	1.00513230203964	7.078656123881333	5.932892519256594	-3.72595984207093	-0.0018828340189836151	7.005854261604363
3.995044698747095	13.610768902550472	2.6203960697657513	2.6026026026026026	-3.6259457677295948	-5.995949913571182	1.0051133324816293	7.078781737538088	5.969887607646444	-3.6662872438755594	-0.0018950588452828715	7.005799297281022
3.959350777177019	13.550388036975336	2.630457073194192	2.6126126126126126	-3.565822764850594	-6.032048470956033	1.0050942425012082	7.078906354981596	6.006287987612199	-3.6062458827466286	-0.0019070890440684226	7.005748239406711
3.924262274833931	13.489651876990985	2.6405178843446397	2.6226226226226226	-3.505341384074495	-6.067542382436711	1.0050750339297434	7.079029919798328	6.04208993953228	-3.54584175691976	-0.0019189362893292435	7.005701127284084
3.88978271875469	13.428566510853564	2.65057850204717	2.6326326326326326	-3.4445076523161795	-6.10242807712837	1.0050557084827667	7.079152377265457	6.077289802655712	-3.4850808996967273	-0.0019306121529715677	7.005657995517433
3.8559155752858065	13.367138061955568	2.660638925147877	2.6426426426426426	-3.3833276325414436	-6.13670204490975	1.005036267760639	7.079273674370291	6.111883975496115	-3.4239693813598775	-0.0019421281405545005	7.005618875322711
3.822664249728526	13.305372688214002	2.670699152507764	2.6526526526526526	-3.321807423172334	-6.170360836782533	1.0050167132527215	7.0793937598257495	6.145868915974075	-3.362513308090965	-0.00195349534096565	7.005583794058083
3.7900320859898584	13.243276581455065	2.6807591830016717	2.6626626626626626	-3.2599531574928853	-6.203401065217737	1.0049970463413676	7.079512584080013	6.179241141376909	-3.3007188206769515	-0.001964724444255662	7.00555277452095
3.7580223662397816	13.180855966795303	2.6908190155171505	2.6726726726726726	-3.197771003032676	-6.235819404510282	1.0049772682963343	7.079630099326938	6.211997230574928	-3.2385920953252474	-0.001975826698824746	7.0055258372562506
3.726638310574273	13.118117102019362	2.700878648953467	2.6826826826826826	-3.1352671609843226	-6.267612591116512	1.0049573802880016	7.079746259525425	6.244133820630491	-3.1761393419623323	-0.001986812032430319	7.005502996710836
3.6958830766847846	13.05506627695446	2.710938082220529	2.6926926926926926	-3.0724478655598833	-6.298777423983735	1.004937383379521	7.079861020386229	6.27564761290149	-3.11336680343555	-0.001997691157216553	7.005484266260301
3.665759759533581	12.991709812841554	2.720997314237913	2.7027027027027026	-3.009319383405245	-6.329310764879231	1.0049172785366631	7.079974339392493	6.306535367248367	-3.050280755460049	-0.0020084738015001997	7.005469653024801
3.636271391035476	12.928054061703115	2.7310563439338513	2.7127127127127126	-2.9458880129607006	-6.359209538730083	1.0048970666242258	7.08008617580967	6.336793907409986	-2.9868875077001205	-0.0020191700524847317	7.005459163087817
3.607420939745717	12.864105405708084	2.741115170244314	2.7227227227227226	-2.882160083846897	-6.388470733903563	1.0048767484152161	7.080196490660991	6.366420118468998	-2.9231933978306555	-0.0020297890800707883	7.0054527966442866
3.5792113105540984	12.79987025653331	2.7511737921120134	2.7327327327327327	-2.8181419562427124	-6.417091402559915	1.004856324583176	7.0803052467671685	6.395410947658029	-2.8592047987696256	-0.0020403408207999582	7.005450551800512
3.5516453443854425	12.735355054722271	2.761232208485537	2.7427427427427427	-2.7538400202487163	-6.445068660922807	1.004835795715004	7.080412408714832	6.423763405800205	-2.7949281104529007	-0.002050833930388186	7.00545242237912
3.524725817906443	12.670566269040624	2.7712904183184093	2.7527527527527527	-2.689260695252043	-6.472399689596618	1.0048151623039443	7.080517942870691	6.451474567167664	-2.7303697645137297	-0.0020612777648674205	7.005458399751438
3.498455443238792	12.605510395828967	2.781348420568283	2.7627627627627627	-2.6244104292983277	-6.499081733844521	1.004794424762365	7.08062181737133	6.478541568776166	-2.665536220365443	-0.0020716804037695055	7.005468470580717
3.472836867678806	12.540193958352619	2.7914062141960336	2.7727727727727727	-2.5592956984426056	-6.525112103887142	1.0047735834123086	7.08072400212609	6.504961612486636	-2.6004339672578376	-0.0020820508706365544	7.005482619557978
3.447872673423401	12.474623506148681	2.8014637981649524	2.7827827827827827	-2.493923006114991	-6.550488175173362	1.0047526384949845	7.08082446880858	6.530731963528718	-2.5350695214933894	-0.002092397240674871	7.005500826949248
3.423565377302641	12.408805614370374	2.811521171439961	2.7927927927927927	-2.428298882463902	-6.575207388652893	1.0047315901733436	7.080923190846183	6.555849952743799	-2.4694494266051574	-0.002102727331931865	7.00552307075736
3.3999174305187405	12.34274688312871	2.8215783329868063	2.8028028028028027	-2.3624298837116693	-6.599267251042286	1.0047104385298598	7.081020143413236	6.58031297534803	-2.4035802527003676	-0.0021130491840335003	7.005549325333572
3.376931218391557	12.27645393683149	2.831635281771327	2.8128128128128127	-2.296322591505615	-6.622665335092185	1.0046891835736274	7.081115303430709	6.6041184913848126	-2.3374685965848956	-0.002123370127616476	7.005579561818713
3.354609060110752	12.209933423519821	2.841692016758688	2.8228228228228227	-2.229983612252451	-6.6453992798357655	1.0046678252373458	7.081208649547289	6.62726402739112	-2.271121079883724	-0.0021336977945303434	7.0056137490523165
3.332953208494477	12.143192014202292	2.8517485369127025	2.8328328328328327	-2.1634195764658544	-6.667466790821208	1.004646363386058	7.081300162117419	6.649747175080985	-2.2045443474456805	-0.002144038943641969	7.005651851844711
3.3119658497546998	12.076236402186419	2.861804841195121	2.8428428428428427	-2.0966371381037536	-6.688865640385689	1.0046247978136023	7.081389823219039	6.671565592373866	-2.1377450714916986	-0.0021544006883350347	7.005693833267068
3.291649103269212	12.009073302408103	2.871860928564952	2.8528528528528527	-2.0296429739002386	-6.709593667853785	1.0046031282461163	7.0814776166057385	6.692717003931151	-2.0707299440627347	-0.002164789791846312	7.00573965276059
3.272005021360261	11.941709450758557	2.8819167979778415	2.8628628628628627	-1.9624437827041783	-6.729648779789631	1.004581354347672	7.0815635277176865	6.713199200486429	-2.0035056823910686	-0.002175212454582188	7.005789267194251
3.2530355890799436	11.874151603409219	2.8919724483854434	2.8728728728728727	-1.8950462848037244	-6.7490289501988805	1.0045594757194325	7.08164754364609	6.733010040255348	-1.9360790238840089	-0.002185674961130713	7.00584263069604
3.2347427240023423	11.806406536134343	2.9020278787347853	2.8828828828828827	-1.827457221252371	-6.767732220760099	1.0045374918992527	7.0817296531322835	6.7521474487802084	-1.8684567290657021	-0.002196183635963634	7.005899695376929
3.2171282760223527	11.738481043631667	2.9120830879677237	2.8928928928928928	-1.7596833532009584	-6.785756701017311	1.004515402370552	7.0818098465387775	6.7706094183361225	-1.8006455776955055	-0.0022067439171941103	7.005960409669392
3.2001940271613556	11.670381938840972	2.922138075020373	2.9029029029029028	-1.6917314612136156	-6.8031005685904695	1.0044932065596532	7.0818881158375	6.788394009535543	-1.7326523705585382	-0.00221736150878964	7.006024720381183
3.1839416913796983	11.602116052260847	2.9321928388225382	2.9129129129129128	-1.6236083445875649	-6.819762069354501	1.004470903836314	7.081964454575757	6.805499350942473	-1.6644839263267142	-0.0022280420615912186	7.006092571530142
3.1683729143959507	11.53369023126326	2.942247378297248	2.9229229229229228	-1.5553208206763847	-6.835739517659008	1.0044484935234872	7.082038857889448	6.821923638726904	-1.5961470856203144	-0.002238790251396595	7.006163905000863
3.153489273513124	11.465111339406809	2.952301692360216	2.932932932932933	-1.4868757241943744	-6.851031296459407	1.0044259748905342	7.082111322430594	6.837665138552826	-1.5276487021598388	-0.0022496114320041736	7.006238660290047
3.139292277451639	11.396386255747831	2.962355779919371	2.942942942942943	-1.4182799065423466	-6.865635857531827	1.0044033471595673	7.082181846388434	6.8527221834375815	-1.4589956511347504	-0.002260510323598398	7.006316774405406
3.1257833661892396	11.327521874149934	2.9724096398744138	2.952952952952953	-1.349540235113722	-6.879551721629989	1.0043806095087782	7.082250429456034	6.8670931757195985	-1.3901948234063655	-0.002271491313829511	7.006398182426782
3.1129639108079132	11.258525102592198	2.9824632711163703	2.962962962962963	-1.2806635925945018	-6.89277747861776	1.004357761071462	7.082317072777929	6.880776587670101	-1.321253123078363	-0.0022825588878831356	7.006482817701646
3.1008352133475863	11.18940286247544	2.9925166725271786	2.972972972972973	-1.2116568762866642	-6.9053117876641865	1.0043348009397433	7.082381778969939	6.89377095915298	-1.2521774737379852	-0.0022937171587044565	7.006570610800711
3.089398506666904	11.120162087927305	3.002569842979271	2.982982982982983	-1.1425269974001517	-6.91715337735866	1.0043117281640441	7.082444552061129	6.906074900762596	-1.1829748104778772	-0.002304970292342979	7.006661491042387
3.078654954310955	11.050809725105887	3.0126227813352515	2.992992992992993	-1.0732808803593203	-6.928301045859627	1.0042885417624445	7.0825053974790455	6.917687092379058	-1.113652083246586	-0.00231632151979957	7.006755385763989
3.0686056503859382	10.981352731502039	3.0226754864474725	3.003003003003003	-1.003925462109167	-6.938753661024489	1.0042652407108787	7.082564322020092	6.928606283190311	-1.044216254969721	-0.0023277750514216996	7.0068522200160555
3.059251619440848	10.911798075240366	3.0327279571577432	3.013013013013013	-0.9344676914145044	-6.948510160541103	1.0042418239560444	7.082621333829945	6.93883129239681	-0.9746743017097559	-0.0023393338079470203	7.0069519172919446
3.0505938163562902	10.8421527343792	3.042780192296977	3.023023023023023	-0.8649145281473325	-6.957569552030522	1.004218290409458	7.0826764423581725	6.948361010390472	-0.9050332097929839	-0.0023510013039765416	7.007054400299017
3.042633126240159	10.772423696209286	3.052832190684918	3.033033033033033	-0.7952729426014968	-6.965930913174415	1.0041946389553082	7.082729658349214	6.957194396028985	-0.8352999782749407	-0.0023627802695692433	7.007159588633174
3.0353703643305243	10.702617956551544	3.0628839511298542	3.043043043043043	-0.7255499147725186	-6.973593391808412	1.004170868449123	7.082780993800544	6.965330480114925	-0.7654816155362278	-0.0023746735678998217	7.007267401777709
3.0288062759055028	10.63274251905384	3.0729354724283082	3.053053053053053	-0.6557524336596522	-6.980556206020585	1.004146977715554	7.082830461935281	6.972768363175359	-0.695585139796076	-0.0023866842835440724	7.007377757011975
3.0229415362001872	10.562804394486882	3.082986753364869	3.063063063063063	-0.5858874965610222	-6.98681864423912	1.0041229655624377	7.082878077172007	6.979507216153134	-0.6256175780317137	-0.0023988140963198796	7.007490569996153
3.0177767503307455	10.492810600039176	3.0930377927119026	3.073073073073073	-0.515962108357225	-6.992380065325835	1.0040988307686411	7.082923855102321	6.985546281559346	-0.5555859665628267	-0.0024110659002796416	7.007605755983132
3.0133124532255855	10.422768158611465	3.1030885892293623	3.083083083083083	-0.4459832808054895	-6.997239898628353	1.0040745720942204	7.082967812438564	6.99088487241838	-0.48549734692148644	-0.0024234415746375425	7.007723228434825
3.0095491095635687	10.352684098110197	3.113139141664582	3.093093093093093	-0.37595803183547893	-7.001397644076635	1.004050188278469	7.083009967010176	6.995522372104057	-0.4153587702833677	-0.0024359431935676145	7.0078428992436
3.006487113719467	10.282565450740677	3.123189448752139	3.103103103103103	-0.3058933848257505	-7.004852872215106	1.0040256780469279	7.083050337703239	6.999458236271871	-0.3451772910332963	-0.002448572130950067	7.007964680209562
3.0041267897164134	10.212419252299409	3.1332395092136194	3.113113113113113	-0.23579636790505848	-7.007605224282688	1.0040010401018904	7.083088944453325	7.002691990377136	-0.2749599715514705	-0.0024613307092449252	7.008088480905228
3.002468391185631	10.142252541466187	3.143289321757563	3.123123123123123	-0.16567401322517525	-7.0096544122388815	1.003976273139972	7.08312580819416	7.005223232520337	-0.2047138768237051	-0.0024742194956524754	7.008214211235911
3.001512101333179	10.07207235909572	3.153338885079264	3.133133133133133	-0.09553335625993234	-7.011000218809553	1.003951375837912	7.083160950829278	7.007051630827769	-0.1344460764100622	-0.0024872404757951836	7.008341778974064
3.001258032913934	10.00188574750883	3.1633881978606957	3.143143143143143	-0.025381435082611155	-7.011642497530413	1.0039263468650412	7.083194395211186	7.008176925614389	-0.06416364421388973	-0.0025003943897840227	7.008471091894784
3.001706228212719	9.931699749783615	3.1734372587704134	3.153153153153153	0.04477471034863629	-7.011581172748964	1.0039011848807975	7.083226165084637	7.008598928581622	0.006126345666704227	-0.0025136822259494104	7.00860205693154
3.0028566590325028	9.86152140904624	3.1834860664634728	3.163163163163163	0.11492803889640485	-7.010816239663726	1.0038758885366326	7.083256285074148	7.008317521922082	0.07641681521524915	-0.0025271047820761847	7.0087345793649725
3.004709226689922	9.791357767761735	3.1935346195813326	3.173173173173173	0.18507150897618388	-7.009347764322099	1.0038504564741937	7.083284780637115	7.007332660969928	0.14670068662857907	-0.0025406630376440427	7.008868565462035
3.0072637620178613	9.72121586702475	3.203582916751869	3.183183183183183	0.25519807926113175	-7.007175883624805	1.0038248873365925	7.083311678032243	7.005644371466294	0.21697088165970546	-0.0025543568463610063	7.009003919793772
3.0105200253751687	9.651102745850293	3.2136309565892853	3.193193193193193	0.32530070939501365	-7.0043008053281905	1.0037991797578898	7.083337004289479	7.003252750374805	0.2872203218317429	-0.0025681871123980136	7.009140546064862
3.0144777066637327	9.58102544046465	3.223678737694122	3.203203203203203	0.3953723607275434	-7.000722808025777	1.0037733323731672	7.083360787170389	7.000157968119724	0.3574419305111514	-0.002582153733783233	7.009278349433378
3.019136425352478	9.510990983596477	3.2337262586532276	3.2132132132132134	0.46540599700565055	-6.996442241130197	1.0037473438146223	7.0833830551322485	6.996360264182597	0.4276286328684106	-0.002596256998641874	7.009417232155073
3.0244957305087414	9.441006403768126	3.243773518039803	3.2232232232232234	0.5353945851106999	-6.991459524852217	1.0037212127188897	7.08340383729987	6.991859951694435	0.4977733561702103	-0.0026104964636840763	7.00955709819909
3.03055510083674	9.371078724587315	3.2538205144133836	3.2332332332332334	0.6053310957670529	-6.985775150163021	1.0036949377206954	7.083423163424861	6.986657414569665	0.5678690314506499	-0.0026248723196103507	7.009697850506588
3.037313944723169	9.30121496403925	3.2638672463199017	3.2432432432432434	0.6752085042542795	-6.979389678751716	1.0036685174611544	7.083441063849261	6.980753107873936	0.6379085939894107	-0.002639383928148576	7.009839391435776
3.0447716002900647	9.231422133779123	3.27391371229172	3.2532532532532534	0.745019791132859	-6.972303742986685	1.0036419505846648	7.083457569479694	6.974147559170096	0.7078849829265775	-0.002654030961311916	7.009981624085153
3.0529273354547435	9.161707238425272	3.2839599108477127	3.2632632632632634	0.8147579429514148	-6.964518045849706	1.0036152357436547	7.083472711741425	6.966841366673727	0.7777911439841544	-0.0026688126169012627	7.0101244507224845
3.061780347996985	9.092077274852933	3.2940058404933166	3.2732732732732734	0.8844159529699451	-6.956033360876687	1.0035883715958311	7.083486522546615	6.958835200851183	0.8476200288045892	-0.0026837283675778434	7.010267774360275
3.071329765633296	9.022539231488636	3.3040514997206447	3.2832832832832834	0.9539868218674368	-6.946850532093243	1.0035613568100816	7.0834990342643085	6.950129802859418	0.9173645954661122	-0.0026987770963763378	7.010411497266562
3.081574646098388	8.95310008760541	3.3140968870085667	3.2932932932932935	1.0234635584626999	-6.936970473934305	1.0035341900634118	7.083510279682221	6.940725985866786	0.9870178100779065	-0.0027139579923134657	7.010555522486462
3.0925139772337404	8.883766812618896	3.324142000822836	3.3033033033033035	1.0928391804217155	-6.926394171152738	1.0035068700455159	7.083520291964439	6.930624633705659	1.0565726478784843	-0.0027292697878063886	7.010699752698459
3.104146677083385	8.814546365384235	3.3341868396162013	3.3133133133133135	1.1621067149794906	-6.915122678742673	1.003479395457179	7.08352910463201	6.919826702321737	1.126022091765536	-0.002744711374851417	7.01084409145928
3.116471593996714	8.745445693494064	3.344231401828542	3.3233233233233235	1.2312591996415496	-6.9031571218280625	1.003451765012851	7.0835367515143774	6.9083332177397	1.1953591357695825	-0.0027602813883746977	7.0109884417211035
3.1294875067385264	8.676471732577522	3.3542756858870426	3.3333333333333335	1.3002896829070767	-6.890498695562599	1.0034239774441944	7.083543266722833	6.896145278226157	1.2645767839198414	-0.0027759781087855605	7.011132707835763
3.1431931246061007	8.607631405600433	3.3643196902063197	3.3433433433433435	1.3691912249706724	-6.877148665011169	1.0033960314957826	7.083548684608801	6.883264052153209	1.333668052087838	-0.0027918002463410926	7.0112767937782206
3.1575870875534227	8.538931622166633	3.374363413188602	3.3533533533533535	1.4379568984374664	-6.863108365036634	1.0033679259299788	7.083553039738232	6.86969077933273	1.4026259674560069	-0.0028077460237989414	7.011420604390295
3.172667966322433	8.470379277820603	3.3844068532239193	3.3633633633633635	1.5065797890241204	-6.848379200168341	1.0033396595282227	7.083556366852497	6.855426769606731	1.4714435703424944	-0.002823813535437126	7.011564044353138
3.1884342625814734	8.401981253351481	3.394450008690293	3.3733733733733735	1.5750529962781545	-6.832962644465292	1.0033112310907206	7.083558700835032	6.840473404678015	1.5401139147345964	-0.0028400009064557317	7.011707020125093
3.2048844090706856	8.333744414098506	3.4044928779539267	3.3833833833833835	1.6433696342722963	-6.816860241372235	1.0032826394370216	7.0835600766737	6.824832135614766	1.608630068996372	-0.002856306204536253	7.0118494376793645
3.222016769754507	8.265675609257814	3.4145354593694424	3.3933933933933935	1.7115228323137364	-6.800073603585144	1.0032538834100104	7.083560529443081	6.8085044843398626	1.6769851149304245	-0.00287272709841231	7.011991203754837
3.23982963998126	8.197781671191068	3.4245777512800535	3.4034034034034035	1.7795057356526294	-6.78260441286791	1.0032249618700515	7.083560094246043	6.791492043555414	1.7451721526516957	-0.0028892618418967075	7.012132226926518
3.25832124664966	8.1300694147355	3.434619752017864	3.4134134134134135	1.8473115061731602	-6.764454419911257	1.003195873707278	7.083558806201865	6.773796475001032	1.8131842963696447	-0.0029059074610809266	7.0122724149619335
3.2774897483824157	8.062545636515683	3.4446614599040557	3.4234234234234235	1.9149333231023111	-6.745625444159724	1.0031666178305443	7.083556700412039	6.75541951122218	1.8810146775781447	-0.0029226620856902317	7.012411677291872
3.2973332357068137	7.995217114257331	3.4547028732491687	3.4334334334334335	1.982364383707361	-6.726119373609363	1.0031371931767883	7.083553811906088	6.736362954444486	1.9486564479810555	-0.0029395229102237917	7.012549924746713
3.317849731242227	7.9280906061025584	3.464743990353338	3.4434434434434436	2.0495979039877943	-6.7059381646617755	1.0031075987065052	7.083550175645065	6.7166286760152865	2.016102773863966	-0.002956487581277335	7.0126870675278
3.339037189894629	7.861172849927413	3.4747848095065867	3.4534534534534536	2.116627119374973	-6.68508384189706	1.0030778334095591	7.083545826458976	6.696218617179139	2.083346844195062	-0.002973553164914767	7.012823018178374
3.360893499058051	7.794470562661257	3.484825328989091	3.4634634634634636	2.1834452854258215	-6.663558497888988	1.0030478963021672	7.083540799029324	6.6751347884797845	2.1503818664064203	-0.0029907170284572135	7.012957689885984
3.3834164788229244	7.727990439608201	3.494865547071464	3.4734734734734736	2.2500456785108742	-6.6413642930003025	1.0030177864290728	7.08353512785939	6.653379269196769	2.217201068379672	-0.0030079763221280598	7.013090996509516
3.4066038821913516	7.661739153770741	3.504905462015058	3.4834834834834836	2.3164215965058754	-6.618503455162233	1.002987502865054	7.083528847238269	6.630954207700622	2.283797700023163	-0.0030253280454888075	7.0132228534293315
3.4304533952992293	7.595723355175506	3.514945072072256	3.4934934934934936	2.3825663594769884	-6.594978279663933	1.0029570447140805	7.083521991219628	6.607861820814184	2.3501650322801395	-0.003042769282238257	7.013353176646031
3.454962637645257	7.529949670201518	3.524984375486798	3.5035035035035036	2.4484733103681786	-6.570791128901476	1.0029264111127307	7.08351459357169	6.584104394029908	2.4162963611694694	-0.0030602967748455624	7.0134818843354205
3.480129162326773	7.464424700910436	3.5350233704940766	3.5135135135135136	2.514135815683453	-6.545944432179092	1.0028956012271286	7.083506687781094	6.559684280995892	2.4821850025661556	-0.0030779075716510073	7.013608894629352
3.5059504562823673	7.399155024379609	3.5450620553214773	3.5235235235235236	2.5795472661638597	-6.520440685429591	1.002864614257338	7.083498306988467	6.5346039029926475	2.5478243002751464	-0.0030955982820745753	7.013734127895639
3.532423940541322	7.334147192037311	3.55510042818872	3.5335335335335336	2.6447010774695516	-6.494282450995551	1.002833449437539	7.083489483989384	6.50886574943863	2.613207619960583	-0.0031133654979235382	7.01385750513083
3.5595469704798126	7.269407729000758	3.5651384873081846	3.5435435435435436	2.7095906908552325	-6.4674723573516895	1.0028021060345187	7.083480251186194	6.482472377229523	2.6783283550217925	-0.0031312059617335975	7.013978949448615
3.587316836083799	7.204943133416586	3.575176230885248	3.5535535535535536	2.7742095738382444	-6.440013098858724	1.002770583348649	7.083470640574232	6.4554264100028895	2.74317992344722	-0.0031491163183719815	7.014098384275791
3.6157307622186936	7.140759875804195	3.5852136571186723	3.5635635635635636	2.838551220875969	-6.4119074354779375	1.0027388807190765	7.0834606837039376	6.427730539068679	2.807755771740602	-0.0031670926943065955	7.014215735710938
3.6447859089056553	7.07686439840168	3.5952507642009315	3.5735735735735736	2.9026091540274788	-6.383158192511195	1.0027069975176879	7.083450411666467	6.3993875218358385	2.872049372377546	-0.0031851318187194233	7.014330930107817
3.6744793716045754	7.013263114514754	3.6052875503185855	3.5835835835835836	2.9663769236221125	-6.353768260303886	1.0026749331536366	7.083439855057534	6.370400182503909	2.9360542275102377	-0.00320322996871807	7.014443896190831
3.7048081815036404	6.949962407868473	3.6153240136526774	3.5935935935935936	3.0298481089166	-6.323740593963469	1.0026426870757827	7.083429043958406	6.340771410919312	2.9997638674075797	-0.003221383177604965	7.014554563409236
3.7357693058155963	6.8869686319620405	3.6253601523790806	3.6036036036036037	3.0930163187643913	-6.293078213052655	1.0026102587676788	7.083418007906001	6.310504163794349	3.063171852990361	-0.003239587979580062	7.014662864111752
3.76735964808042	6.8242881094264884	3.635395964668909	3.6136136136136137	3.1558751922558788	-6.261784201301648	1.0025776477538701	7.083406775877175	6.279601461799598	3.1262717739256214	-0.0032578402794883454	7.01476873011527
3.7995760484746994	6.761927131385638	3.6454314486888793	3.6236236236236237	3.2184183993885265	-6.229861706280923	1.0025448535950154	7.08339537625692	6.248066392551509	3.1890572525703926	-0.003276136469585512	7.014872097121488
3.832415284127384	6.699891956820154	3.655466602601738	3.6336336336336337	3.2806396417031864	-6.197313939091911	1.0025118758945841	7.08338383681747	6.215902107234534	3.251521942182298	-0.003294472273088235	7.014972900928643
3.8658740694420772	6.638188811934843	3.665501424566643	3.6436436436436437	3.342532652937858	-6.164144174042519	1.0024787142940226	7.083372184697817	6.183111822343674	3.313659528434246	-0.003312843896098717	7.015071079677231
3.899949056425765	6.576823889529229	3.675535912739582	3.6536536536536537	3.404091199670393	-6.130355748320872	1.0024453684766124	7.083360446385909	6.1496988185802515	3.3754637295926004	-0.003331247159280283	7.0151665729510775
3.9346368350238974	6.515803348371589	3.685570065273783	3.6636636636636637	3.4653090819534427	-6.095952061648204	1.0024118381666727	7.083348647686255	6.115666440076678	3.43692829859947	-0.0033496779629749187	7.0152593221018185
3.9699339334619417	6.4551333125763914	3.6956038803201214	3.6736736736736737	3.5261801339606262	-6.060936575940274	1.0023781231292044	7.0833368137084385	6.08101809551764	3.498047022222242	-0.0033681322430827677	7.015349270849292
4.005836818593166	6.394819870985159	3.7056373560275477	3.6836836836836837	3.58669822460932	-6.025312814964154	1.0023442231718875	7.083324968848525	6.045757255804529	3.5588137215143525	-0.0033866057359523984	7.015436363452409
4.042341896252778	6.33486907655106	3.7156704905435323	3.6936936936936937	3.6468572581952485	-5.98908436396646	1.002310138146855	7.083313136759582	6.009887455234242	3.619222254669699	-0.0034050940007405175	7.01552054718276
4.079445511618336	6.2752869457269895	3.7257032820144613	3.7037037037037037	3.7066511750192186	-5.952254869324644	1.0022758679458132	7.08330134034525	5.973412290714611	3.6792665147173707	-0.00342359308408109	7.015601770494851
4.117143949576369	6.21607945785744	3.7357357285860964	3.7137137137137137	3.766073952007516	-5.914828038168035	1.0022414125063415	7.0832896017338545	5.936335421130907	3.738940432545268	-0.0034420984032309324	7.015679984031247
4.155433435095174	6.157252554574055	3.7457678284040052	3.7237237237237237	3.825119603328572	-5.876807638010144	1.0022067718090963	7.083277942266766	5.898660566973495	3.798237975773333	-0.0034606056547880084	7.015755139738436
4.194310133603825	6.098812139195185	3.7557995796140293	3.7337337337337337	3.8837821810142414	-5.8381974963491166	1.0021719458814067	7.083266382471617	5.860391510798387	3.857153151936615	-0.0034791101761973767	7.0158271929644895
4.233770151377172	6.04076407612901	3.7658309803626833	3.7437437437437437	3.9420557755573955	-5.799001500310867	1.002136934790529	7.083254942064733	5.821532094861093	3.915680004221129	-0.003497607978690122	7.0158960981628375
4.273809535927095	5.983114190281021	3.7758620287976514	3.7537537537537538	3.999934516537282	-5.759223596214127	1.0021017386533195	7.08324363991441	5.782086223890657	3.973812619264292	-0.0035160941072160737	7.015961815492443
4.314424276399587	5.925868266465166	3.7858927230682164	3.7637637637637638	4.057412573201944	-5.718867789203908	1.002066357629446	7.083232494042812	5.742057860799735	4.031545120320925	-0.0035345642849697223	7.01602430348557
4.3556103039780085	5.8690320488192835	3.795923061325729	3.7737737737737738	4.1144841550843525	-5.6779381428236455	1.002030791925514	7.083221521605737	5.701451030052619	4.088871673388217	-0.0035530138227996013	7.016083525260503
4.397363492292131	5.8126112402245935	3.8059530417240746	3.7837837837837838	4.171143512580834	-5.636438778609533	1.0019950417947119	7.083210738876804	5.660269813898464	4.145786484989806	-0.0035714380671345814	7.01613944419751
4.439679657833232	5.756611501729385	3.8159826624201254	3.793793793793794	4.22738493755602	-5.59437387567137	1.0019591075354797	7.083200161243725	5.618518355021141	4.202283803522508	-0.0035898324972974305	7.0161920268728695
4.482554560374963	5.701038451977004	3.826011921574206	3.803803803803804	4.283202763918883	-5.55174767026284	1.001922989492663	7.083189803187906	5.576200853649997	4.258357920312195	-0.0036081924773962784	7.016241241347501
4.525983903400057	5.645897666638157	3.8360408173505967	3.813813813813814	4.338591368206919	-5.50856445535082	1.001886688061416	7.083179678276469	5.533321568374825	4.31400316971077	-0.003626512981575193	7.016287057904131
4.569963334532802	5.59119467784753	3.846069347917957	3.823823823823824	4.39354517016121	-5.464828580183635	1.001850203679306	7.0831697991542635	5.489884815233651	4.369213929201763	-0.003644789772779268	7.016329448376567
4.614488445977295	5.5369349736449225	3.8560975114498506	3.833833833833834	4.448058633304842	-5.420544449840481	1.0018135368361618	7.08316017753392	5.445894968048831	4.423984621281112	-0.0036630176301039943	7.016368387566998
4.6595547749612924	5.483123997420846	3.866125306125189	3.843843843843844	4.502126265501367	-5.37571652478521	1.0017766880663095	7.083150824182636	5.401356456432871	4.478309713021597	-0.0036811921082474455	7.016403851430445
4.705157804185814	5.429767147366708	3.8761527301287524	3.853853853853854	4.55574261952968	-5.330349320408403	1.0017396579559819	7.083141748920408	5.356273767428492	4.5321837172429955	-0.0036993080217301755	7.016435819086853
4.751292962280226	5.376869775929548	3.8861797816516104	3.863863863863864	4.6089022936317425	-5.284447406572275	1.0017024471335134	7.083132960609002	5.310651442796008	4.585601192229218	-0.003717361164596801	7.016464270543916
4.7979556242629	5.32443718927147	3.8962064588916885	3.873873873873874	4.661599932069178	-5.238015407142009	1.0016650562838034	7.083124467147564	5.2644940798998165	4.6385567430835515	-0.0037353458860285085	7.016489188256117
4.845141112007461	5.272474646733908	3.9062327600541926	3.883883883883884	4.713830225681645	-5.19105799950245	1.0016274861341636	7.0831162754629196	5.217806331885411	4.691045023191893	-0.0037532579490147555	7.016510558220671
4.892844694714322	5.220987360306476	3.9162586833521353	3.893893893893894	4.765587912415397	-5.1435799141004415	1.001589737464478	7.083108391510849	5.170592904701818	4.743060731660694	-0.0037710921015958756	7.016528366044714
4.941061589387735	5.169980494100809	3.9262842270068083	3.903903903903904	4.816867777874021	-5.095585933946165	1.0015518111018338	7.083100820267377	5.122858559316623	4.794598617412254	-0.0037888436281569697	7.0165426013237555
4.989786961318171	5.1194591638292914	3.9363093892482937	3.913913913913914	4.867664655850549	-5.0470808941246	1.0015137079243825	7.083093565724983	5.074608109855148	4.845653478174274	-0.003806507427378071	7.016553255598426
5.039015924569931	5.06942843628862	3.9463341683159454	3.923923923923924	4.917973428850777	-4.998069681313107	1.001475428858411	7.0830866308940985	5.025846422722742	4.896220159868153	-0.0038240786905675353	7.016560321287927
5.088743542474103	5.01989332884856	3.956358562458898	3.933933933933934	4.967789028626798	-4.948557233262003	1.0014369748809582	7.083080017794038	4.976578417624457	4.9462935603053575	-0.003841552347527101	7.016563794978866
5.138964828126635	4.970858808945518	3.9663825699365756	3.943943943943944	5.017106436687985	-4.898548538313828	1.0013983470199948	7.08307372746373	4.9268090653126615	4.995868625322646	-0.0038589233102461554	7.016563673110885
5.189674744891581	4.922329793581473	3.976406189019152	3.953953953953954	5.065920684818114	-4.848048634868139	1.0013595463494078	7.083067759945542	4.876543388199891	5.044940354224355	-0.0038761869916337914	7.016559956239455
5.240868206909437	4.8743111488279	3.9864294179881	3.963963963963964	5.114226855583773	-4.797062610881953	1.001320573997875	7.083062114298258	4.825786459489304	5.093503796219929	-0.0038933379181296038	7.016552645906485
5.292540079610526	4.826807689334976	3.99645225513668	3.973973973973974	5.16202008283879	-4.745595603343065	1.0012814311431413	7.08305678859432	4.7745434027762	5.141554053134946	-0.003910371187898655	7.016541746281066
5.3446851802332835	4.779824177846024	4.006474698770424	3.983983983983984	5.209295552213483	-4.693652797746359	1.0012421190109977	7.083051779916976	4.722819390531817	5.189086279110947	-0.003927282001144385	7.016527262911812
5.397298278347639	4.733365324717319	4.016496747207661	3.993993993993994	5.256048501624144	-4.641239427557621	1.0012026388800295	7.083047084372737	4.670619646125024	5.236095681854921	-0.003944065083724869	7.016509205007727
5.450374096383085	4.687435787443217	4.026518398780026	4.004004004004004	5.302274221740759	-4.588360773682564	1.0011629920792202	7.083042697083962	4.617949439649632	5.2825775221179585	-0.003960715400844553	7.016487582231778
5.503907310161686	4.642040170186715	4.036539651832966	4.014014014014014	5.347968056482318	-4.53502216392455	1.0011231799886613	7.083038612202589	4.564814090681787	5.328527114825597	-0.0039772278468362746	7.016462407385928
5.557892549435783	4.5971830233155115	4.0465605047262265	4.024024024024024	5.393125403482241	-4.481228972433238	1.0010832040367565	7.0830348229036	4.511218965292278	5.373939829982104	-0.003993597595284238	7.016433695111966
5.612324398430456	4.552868842943488	4.056580955834396	4.034034034034034	5.437741714567825	-4.426986619165194	1.0010430657061238	7.083031321405901	4.457169477449883	5.418811091477559	-0.004009819230213353	7.016401461894931
5.667197396390606	4.509102070477876	4.066601003547382	4.044044044044044	5.4818124962190415	-4.372300569314563	1.0010027665273387	7.083028098964953	4.402671086956505	5.46313638007808	-0.004025887960633414	7.016365727000644
5.722506038132606	4.465887092171945	4.076620646270949	4.054054054054054	5.525333310025725	-4.317176332762532	1.0009623080843029	7.083025145885777	4.347729299287671	5.506911231547857	-0.004041798459275993	7.0163265109434
5.778244774600525	4.423228238683393	4.086639882427208	4.064064064064064	5.5682997731451485	-4.26161946350636	1.0009216920102515	7.083022451530223	4.292349665630413	5.550131238691594	-0.004057545797731811	7.016283837076127
5.834408013426812	4.381129784638386	4.096658710455135	4.074074074074074	5.61070755874611	-4.205635559096212	1.0008809199899715	7.083020004327619	4.236537781536097	5.592792050573787	-0.004073124825968668	7.016237730129303
5.8909901194974035	4.339595948201432	4.106677128811091	4.084084084084084	5.652552396452053	-4.14923026005168	1.0008399937599786	7.083017791780129	4.180299286823712	5.634889374548755	-0.004088530376297285	7.016188217750571
5.94798541552113	4.298630890650948	4.116695135969317	4.094094094094094	5.69383007277024	-4.092409249293382	1.000798915106743	7.083015800473949	4.123639864186818	5.676418974753932	-0.004103757458242431	7.016135328461277
6.0053881826035225	4.258238715960759	4.126712730422461	4.104104104104104	5.734536431531052	-4.035178251549901	1.0007576858690845	7.083014016092602	4.06656524020515	5.717376674573782	-0.004118800842071059	7.016079094218187
6.063192660824747	4.218423470387371	4.136729910682071	4.114114114114114	5.774667374300316	-3.977543032781396	1.0007163079350685	7.0830124234257505	4.009081182649473	5.757758354973649	-0.004133655608202426	7.016019547467898
6.121393049821815	4.179189142063311	4.146746675279143	4.124124124124124	5.814218860807154	-3.9195093995735886	1.0006747832475056	7.083011006382723	3.9511935020330995	5.797559957459973	-0.004148316287534761	7.015956724451762
6.179983509374788	4.140539660596248	4.156763022764577	4.134134134134134	5.853186909341931	-3.8610831985595992	1.0006331137948132	7.083009748003576	3.892908048624199	5.836777481297535	-0.004162778323965767	7.015890661202499
6.238958159997168	4.102478896674303	4.166778951709732	4.1441441441441444	5.8915675971757695	-3.802270315802309	1.000591301621042	7.083008630476356	3.834230714600503	5.875406987453319	-0.004177036159753379	7.015821397999828
6.29831108353018	4.065010661677311	4.1767944607069385	4.1541541541541545	5.929357060947937	-3.7430766761995167	1.0005493488209065	7.083007635146804	3.7751674308395256	5.913444596318934	-0.004191084733527873	7.015748975682949
6.358036323740999	4.028138707294121	4.186809548369976	4.1641641641641645	5.96655149706078	-3.683508242880673	1.0005072575374792	7.083006742537612	3.715724167673029	5.950886488552472	-0.004204919214393167	7.015673436756545
6.418127886924877	3.991866725146159	4.196824213334614	4.1741741741741745	6.003147162069424	-3.6235710165814283	1.0004650299673352	7.0830059323608285	3.6559069343635233	5.987728907294558	-0.004218534257379393	7.015594826955834
6.478579742511048	3.956198346417059	4.206838454259108	4.1841841841841845	6.039140373058513	-3.5632710350370806	1.0004226683569166	7.0830051835362875	3.595721777809973	6.023968156280335	-0.004231924880817674	7.015513192952074
6.539385823672365	3.921137141488513	4.216852269824716	4.1941941941941945	6.074527508015584	-3.502614372361783	1.000380175004216	7.083004474208302	3.5351747822114294	6.059600601262229	-0.00424508593478672	7.015428583369357
6.600540027938609	3.8866866195823775	4.2268656587362035	4.2042042042042045	6.1093050061977845	-3.4416071384229165	1.0003375522576246	7.083003781761921	3.474272068401825	6.094622670492769	-0.004258012384491151	7.015341048846519
6.662036217813435	3.8528502284090815	4.236878619722355	4.2142142142142145	6.143469368495127	-3.380255478212267	1.0002948025165528	7.08300308284301	3.4130197935045543	6.129030855043879	-0.0042706991330696345	7.015250642122835
6.723868221394821	3.8196313538222766	4.246891151536483	4.2242242242242245	6.177017157780438	-3.318565571221815	1.0002519282313411	7.083002353376935	3.3514241496025137	6.1628217083461525	-0.0042831410926446505	7.015157416957879
6.786029832999018	3.787033319479928	4.25690325295693	4.2342342342342345	6.209944999259302	-3.256543630800631	1.0002089319027283	7.083001568586002	3.289491363738544	6.195991848076297	-0.004295333228420818	7.015061429768519
6.848514813787933	3.7550593865117046	4.2669149227875804	4.2442442442442445	6.242249580812562	-3.194195903525516	1.0001658160819402	7.083000703015117	3.227227697170641	6.228537954784008	-0.004307270496729855	7.014962738044258
6.911316892399783	3.723712753192862	4.276926159858372	4.2542542542542545	6.2739276533238115	-3.1315286685523525	1.000122583372109	7.082999730543366	3.1646394438738525	6.260456773819025	-0.0043189477121366796	7.014861401331324
6.974429765583161	3.692996554624516	4.286936963025784	4.2642642642642645	6.304976031019497	-3.068548236977784	1.0000792364244577	7.082998624418697	3.1017329317989906	6.291745114299402	-0.004330360070363916	7.014757480878088
7.037847098834148	3.662913862420443	4.296947331173353	4.2742742742742745	6.335391591773612	-3.005260951186883	1.000035777942116	7.082997357263997	3.0385145193360676	6.322399850511016	-0.004341502385932118	7.014651039260669
7.101562527036749	3.633467684400392	4.306957263212195	4.2842842842842845	6.36517127743981	-2.9416731842031187	0.999992210680298	7.082995901115976	2.974990598053185	6.352417921678037	-0.004352369455627127	7.014542141386068
7.165569655106269	3.6046609642899226	4.316966758081465	4.2942942942942945	6.394312094145097	-2.8777913390358902	0.9999485374400897	7.082994227435797	2.9111675888582065	6.38179633220613	-0.004362956696805577	7.014430853003631
7.229862058635763	3.5764965814268317	4.326975814748897	4.3043043043043046	6.422811112596392	-2.813621848022778	0.9999047610764364	7.08299230713871	2.847051943284348	6.4105321522099	-0.004373258728961628	7.014317241732654
7.294433284545431	3.5489773504741806	4.336984432211282	4.314314314314315	6.450665468375903	-2.7491711721698433	0.9998608844922857	7.08299011061887	2.782650142373173	6.438622517708193	-0.0043832707566575325	7.014201376739262
7.359276851734869	3.5221060211399817	4.346992609494984	4.324324324324325	6.477872362224798	-2.68444580048647	0.9998169106417816	7.08298760777051	2.7179686955046076	6.466064631168976	-0.004392987665363792	7.014083328742112
7.424386251738164	3.4958852779035663	4.357000345656415	4.334334334334335	6.504429060329175	-2.6194522493179027	0.9997728425269818	7.082984768017348	2.6530141406271963	6.492855761739898	-0.004402404668493377	7.0139631702977825
7.489754949381674	3.470317739748538	4.36700763978257	4.344344344344345	6.53033289458669	-2.5541970616873195	0.9997286832029156	7.082981560336844	2.587793042325757	6.518993244295257	-0.004411516474214019	7.013840974142085
7.555376383444507	3.445405959902591	4.377014490991484	4.354354354354355	6.555581262877013	-2.488686806610134	0.9996844357704848	7.082977953283581	2.522311992203275	6.544474482210817	-0.004420318499837985	7.013716815892743
7.621243967321653	3.421152425583964	4.387020898432745	4.364364364364365	6.580171629326852	-2.4229280784308362	0.9996401033819654	7.08297391502581	2.456577608338942	6.5692969451118675	-0.004428805613089971	7.0135907717208275
7.687351089689533	3.3975595577547324	4.397026861287989	4.374374374374375	6.604101524551211	-2.35692749614022	0.9995956892388781	7.082969413359511	2.390596532913505	6.5934581708325855	-0.00443697289442251	7.013462919302099
7.753691115174095	3.3746297108808436	4.407032378771383	4.384384384384385	6.6273685459077765	-2.290691702701489	0.9995511965911008	7.082964415745706	2.324375433520855	6.616955764529227	-0.004444815512950608	7.013333337442103
7.820257385021312	3.352365172699031	4.417037450130136	4.394394394394395	6.649970357737017	-2.2242273643630925	0.9995066287394421	7.0829588893383155	2.257921001741092	6.6397874000057895	-0.0044523283807080165	7.013202106784543
7.887043217769905	3.330768163990474	4.427042074644948	4.404404404404405	6.671904691584361	-2.1575411699848304	0.9994619890296957	7.082952801006097	2.1912399513497	6.6619508183883935	-0.004459507003658394	7.013069307957789
7.954041909926461	3.30984083836146	4.4370462516305516	4.414414414414415	6.6931693464400315	-2.0906398303384885	0.9994172808617808	7.082946117372868	2.1243390200814867	6.68344383066955	-0.0044663459746993725	7.012935024524468
8.021246736642587	3.289585282030767	4.447049980436152	4.424424424424425	6.713762188940906	-2.0235300774362517	0.999372507679448	7.082938804835692	2.0572249658373254	6.704264314933465	-0.004472840915053612	7.012799339127032
8.088650952394268	3.270003513624118	4.457053260445955	4.434434434434435	6.733681153592955	-1.9562186638242405	0.9993276729793307	7.0829308296022155	1.989904568739741	6.724410219839922	-0.004478986541717379	7.012662337422166
8.156247791663231	3.2510974839754323	4.467056091079585	4.444444444444445	6.7529242429694705	-1.8887123619036916	0.9992827802996761	7.082922157718244	1.9223846287138913	6.743879561862832	-0.004484778697491888	7.012524104690596
8.224030469620292	3.232869075935109	4.4770584717926605	4.454454454454455	6.771489527910346	-1.8210179632283123	0.9992378332362282	7.08291275510085	1.8546719655935078	6.762670427670394	-0.004490211638448306	7.012384728125427
8.291992182810581	3.215320104185209	4.487060402077186	4.464464464464465	6.789375147709916	-1.7531422778149883	0.9991928354241262	7.08290258756721	1.7867734179770034	6.780780972791071	-0.004495281428988586	7.012244295210326
8.360126109840586	3.198452315061647	4.497061881462077	4.474474474474475	6.806579310297433	-1.685092133443846	0.9991477905505933	7.082891620865418	1.7186958424929712	6.79820942267712	-0.0044999828659318414	7.01210289452632
8.428425412067	3.18226738638341	4.50706290951364	4.484484484484485	6.823100292418784	-1.6168743749558723	0.9991027023511218	7.082879820711315	1.6504461139228992	6.814954072948578	-0.004504311127210526	7.011960615988965
8.496883234287155	3.166766927288731	4.517063485836033	4.494494494494495	6.838936439793537	-1.5484958635584336	0.9990575746070761	7.0828671528113	1.5820311227378725	6.831013288604125	-0.004508261630159095	7.011817549453232
8.5654927054312	3.151952478078351	4.527063610071741	4.504504504504505	6.854086167290101	-1.4799634761169513	0.9990124111472026	7.082853582907373	1.5134577769066957	6.846385505404081	-0.004511829641361389	7.011673786457351
8.634246939255664	3.137825510065802	4.537063281902048	4.514514514514515	6.868547959063956	-1.4112841044536768	0.9989672158477173	7.082839076795674	1.4447329982081354	6.861069229161129	-0.004515010418583799	7.011529418662682
8.703139035038626	3.1243874254346995	4.5470625010475185	4.524524524524525	6.882320368717902	-1.342464654647131	0.9989219926324839	7.082823600373724	1.3758637244292717	6.875063035673923	-0.004517799201813645	7.0113845382492
8.77216207827617	3.111639557103214	4.557061267268453	4.534534534534535	6.895402019430541	-1.2735120463153964	0.9988767454713277	7.082807119661004	1.306856906192637	6.8883655723402955	-0.004520191399512476	7.011239238793434
8.841309141380192	3.0995831685955	4.567059580365377	4.544544544544545	6.9077916040918526	-1.2044332119206134	0.9988314783826974	7.082789600838604	1.2377195076649818	6.9009755560388255	-0.004522182154165501	7.011093613326758
8.91057328437754	3.0882194539203462	4.577057440179468	4.554554554554555	6.919487885435041	-1.1352350960478808	0.9987861954277204	7.082771010286731	1.1684585061845267	6.91289177568599	-0.004523767202198927	7.010947756722459
8.979947555610167	3.0775495374568482	4.587054846593064	4.564564564564565	6.930489696139469	-1.0659246547034524	0.9987409007182773	7.0827513146070284	1.099080889372387	6.924113090308391	-0.004524941473370127	7.010801763269231
9.049424992436498	3.067574473847169	4.5970517995300915	4.574574574574575	6.940795938950437	-0.996508854606947	0.9986955984090158	7.0827304806650995	1.0295936568156738	6.9346384296408905	-0.004525700695221314	7.010655727531779
9.11899862193387	3.058295247896552	4.607048298956549	4.584584584584585	6.950405586787432	-0.9269946724666529	0.9986502927031184	7.082708475628763	0.9600038189157926	6.944466795815387	-0.004526040019143875	7.010509745771244
9.188661461601765	3.0497127744803323	4.617044344880944	4.594594594594595	6.959317682822745	-0.8573890942803433	0.9986049878470677	7.082685266986897	0.89031839392782	6.953597260812335	-0.004525955119464788	7.0103639129800355
9.258406520066098	3.041827898458185	4.627039937354771	4.604604604604605	6.967531340586879	-0.7876991146125346	0.9985596881352597	7.082660822599833	0.8205444106369278	6.962028968814087	-0.004525441209619209	7.010218325562492
9.3282267977842	3.034641394595432	4.63703507647295	4.614614614614615	6.975045744038465	-0.7179317358890018	0.9985143979060999	7.0826351107233725	0.7506889048134798	6.969761134480927	-0.004524493893072902	7.0100730791180705
9.398115287750612	3.028153967491561	4.64702976237429	4.624624624624625	6.981860147644478	-0.6480939676766978	0.9984691215438669	7.082608100049139	0.6807589202406921	6.976793044409175	-0.004523108587071591	7.0099282699978325
9.468064976203497	3.0223662515159737	4.657023995241922	4.634634634634635	6.987973876443232	-0.5781928259611885	0.9984238634764939	7.082579759734822	0.6107615069955074	6.983124057379383	-0.0045212809305615565	7.009783995328199
9.538068843331681	3.017278810750678	4.667017775303781	4.644644644644645	6.993386326105602	-0.5082353324530586	0.9983786281796504	7.082550059443305	0.5407037212707831	6.988753601462174	-0.004519006154668305	7.009640350086673
9.608119863982168	3.01289213894039	4.67701110283302	4.654654654654655	6.99809696298365	-0.4382285138477337	0.9983334201709747	7.082518969371028	0.4705926241169357	6.993681178671963	-0.0045162800667014405	7.009497431597316
9.678211008368166	3.009206659449645	4.687003978148464	4.664664664664665	7.002105324161198	-0.3681794011254525	0.998288244012913	7.082486460290205	0.40043528163705566	6.997906360955895	-0.004513098190359334	7.009355335517097
9.74833524277744	3.0062227252271736	4.696996401615073	4.674674674674675	7.005411017486481	-0.29809502882488703	0.9982431043142285	7.082452503578262	0.33023876319582385	7.001428792826492	-0.004509455898589744	7.009214158301161
9.818485530280935	3.003940618777381	4.706988373644347	4.684684684684685	7.008013721599125	-0.22798243433428617	0.9981980057244995	7.08241707124898	0.260010140853154	7.004248189611029	-0.004505349113928005	7.0090739954138375
9.888654831441745	3.00236055213903	4.7169798946948065	4.694694694694695	7.009913185964921	-0.1578486571712624	0.9981529529408629	7.082380135999493	0.1897564901429672	7.006364338586077	-0.0045007730852897904	7.008934942451703
9.95883610502409	3.001482666871124	4.726970965272385	4.704704704704705	7.011109230876362	-0.08770073826382031	0.9981079507001178	7.082341671228701	0.1194848866529545	7.007777098853467	-0.004495723850436163	7.008797094857756
10.029022308702485	3.0013070340459036	4.73696158593091	4.714714714714715	7.01160174747163	-0.017545719239504192	0.9980630037866219	7.082301651083384	0.04920240786730094	7.008486400529183	-0.0044901966582384335	7.00866054715225
10.099206399770875	3.001833654249043	4.746951757272489	4.724724724724725	7.011390697732115	0.05260935829361772	0.9980181170237736	7.082260050487569	-0.021083868977539763	7.008492245558882	-0.004484187608545799	7.00852539365654
10.169381335851702	3.0030624575870415	4.756941479947992	4.734734734734735	7.010476114474601	0.1227574534660576	0.9979732952827077	7.082216845176219	-0.09136686742566316	7.007794707726746	-0.0044776919324837645	7.0083917284803094
10.239540075604838	3.00499330370173	4.766930754657418	4.744744744744745	7.008858101338313	0.19289152685736127	0.9979285434716477	7.082172011728076	-0.16163951231518892	7.00639393179124	-0.004470705924894648	7.008259644633186
10.309675579436343	3.0076259817919726	4.776919582150383	4.754754754754755	7.006536832767353	0.26300454121525707	0.9978838665472628	7.082125527604036	-0.23189473023885307	7.004290134353792	-0.004463224746053831	7.008129234859582
10.379780810206908	3.0109602106424496	4.7869079632265015	4.764764764764765	7.003512553979465	0.33308946216264856	0.9978392695041988	7.082077371175526	-0.30212545091008025	7.001483602644413	-0.004455244602096788	7.008000590424538
10.449848733939913	3.0149956386597676	4.79689589873583	4.774774774774775	6.999785580927165	0.4031392589300727	0.9977947573819091	7.0820275217557125	-0.3723246079247222	6.997974697065672	-0.004446761016732983	7.007873803666931
10.519872320529183	3.0197318439154377	4.806883389579277	4.784784784784785	6.995356300268119	0.47314690504144213	0.9977503352603967	7.081975959643141	-0.44248513783871973	6.99376384652581	-0.004437769939094273	7.007748963253584
10.589844544446066	3.025168334196276	4.816870436709021	4.794794794794795	6.990225169296632	0.543105379055731	0.9977060082613669	7.081922666137229	-0.5125999840515056	6.988851554027457	-0.004428267203075699	7.007626159936903
10.659758385446109	3.0313045470617266	4.826857041128935	4.804804804804805	6.984392715904259	0.6130076652585292	0.9976617815494702	7.081867623586779	-0.5826620938980889	6.983238391659548	-0.004418248518484759	7.007505481363073
10.729606829275	3.038139849908368	4.836843203894982	4.814814814814815	6.9778595385061575	0.6828467543794605	0.9976176603280426	7.0818108154119965	-0.6526644220703565	6.976925003181038	-0.004407710020617896	7.007387014840609
10.799382868373824	3.0456735400415504	4.846828926115657	4.824824824824825	6.970626305972588	0.7526156443049433	0.9975736498454947	7.081752226139775	-0.7225999301035989	6.9699121035557345	-0.0043966472065325906	7.007270846826538
10.869079502583512	3.0539048447541086	4.856814208952352	4.834834834834835	6.962693757547819	0.8223073407845619	0.9975297553858172	7.081691841430523	-0.7924615876344215	6.9622004783139	-0.00438505652177741	7.007157062377798
10.938689739848456	3.0628329214121712	4.866799053619794	4.844844844844845	6.954062702767961	0.8919148581404552	0.9974859822774544	7.081629648113501	-0.8622423725078405	6.953790983853746	-0.004372933525442514	7.007045745435177
11.008206596919216	3.0724568575480147	4.876783461386438	4.854854854854855	6.944734021368865	0.9614312199707608	0.9974423358877137	7.081565634216333	-0.9319352717696281	6.944684546847523	-0.004360274335100724	7.006936978308239
11.077623100054163	3.08277567095999	4.886767433574866	4.864864864864865	6.934708663181248	1.030849459856341	0.997398821623919	7.0814997889898965	-1.001533282942946	6.93488216456946	-0.004347074953088038	7.00683084214017
11.146932285720142	3.093788309819541	4.896750971562195	4.874874874874875	6.923987648031314	1.1001626220691514	0.9973554449342101	7.081432102945575	-1.0710294134784024	6.924384905059769	-0.004333331301917611	7.006727416969755
11.216127201291895	3.1054936527852157	4.906734076780458	4.884884884884885	6.912572065618133	1.1693637622708932	0.9973122113044363	7.08136256787445	-1.1404166830768014	6.913193906154012	-0.004319039614410171	7.0066267810714775
11.285200905750372	3.1178905091236273	4.916716750717004	4.894894894894895	6.900463075401837	1.238445948207318	0.9972691262609962	7.08129117688354	-1.2096881226079785	6.901310375048839	-0.004304195839664305	7.006529010347234
11.354146470379689	3.130977618837634	4.926698994914902	4.904904904904905	6.88766190646876	1.3074022604292836	0.99722619536995	7.081217924420099	-1.278836776414385	6.888735590974369	-0.004288796015507625	7.006434181296374
11.422956979462723	3.144753652801207	4.936680810973295	4.914914914914915	6.874169857395142	1.3762257929609285	0.9971834242334711	7.081142806291712	-1.3478557024544726	6.875470899911324	-0.00427283653425128	7.006342365835295
11.491625530975409	3.159217212901532	4.946662200547818	4.924924924924925	6.859988296117237	1.4449096540224582	0.9971408184949027	7.081065819709732	-1.416737971662692	6.861517720046818	-0.004256313282983361	7.006253636507186
11.560145237279368	3.1743668321879017	4.956643165350981	4.934934934934935	6.84511865976556	1.5134469667083454	0.9970983838359192	7.080986963295269	-1.4854766715325478	6.846877537320139	-0.004239222432447555	7.006168062766789
11.628509225813145	3.190200975027562	4.966623707152513	4.944944944944945	6.829562454524348	1.5818308696820793	0.9970561259730655	7.08090623711882	-1.55406490359705	6.831551907076015	-0.004221560499086919	7.006085712096241
11.696710639781672	3.206718037268582	4.976603827779774	4.954954954954955	6.813321255455869	1.6500545178778772	0.9970140506634354	7.08082364271532	-1.622495786941051	6.815542454760207	-0.004203323432044405	7.0060066513819494
11.764742638844137	3.2239163464094376	4.986583529118112	4.964964964964965	6.7963967063401824	1.7181110831714779	0.9969721636999697	7.080739183112237	-1.6907624566570958	6.798850872830713	-0.004184507650227688	7.0059309435603465
11.832598399800036	3.2417941617756103	4.996562813111238	4.974974974974975	6.778790519494308	1.7859937550806555	0.9969304709132298	7.080652862851581	-1.7588580659028692	6.781478923726847	-0.004165109395308221	7.005858650949167
11.90027111727342	3.260349674702954	5.0065416817615995	4.984984984984985	6.760504475591041	1.853695741441647	0.9968889781711324	7.080564688012142	-1.8267757859363343	6.763428437463059	-0.004145124935531798	7.005789832904498
11.967754004395248	3.279581008728014	5.016520137130744	4.994994994994995	6.741540423470668	1.9212102691035	0.9968476913775294	7.080474666235486	-1.8945088068252964	6.744701313419112	-0.004124550680944285	7.00572454770343
12.035040293483544	3.2994862197847343	5.026498181339626	5.005005005005005	6.721900279920743	1.9885305845663448	0.9968066164673274	7.080382806712317	-1.9620503406374799	6.725299514738196	-0.004103383529179718	7.005662848003025
12.102123236722027	3.3200632964086716	5.03647581656908	5.015015015015015	6.701586029524539	2.0556499547313334	0.99676575942246	7.080289120273441	-2.0293936145807963	6.7052250794823625	-0.004081618782247	7.0056047896689435
12.16899610683608	3.341310159947323	5.046453045060061	5.025025025025025	6.680599724393794	2.122561667511271	0.996725126248995	7.0801936193337776	-2.0965318825614547	6.684480106715754	-0.004059254029156724	7.0055504215742115
12.235652197766926	3.363224664777404	5.056429869114052	5.035035035035035	6.6589434839916075	2.189259032525099	0.9966847229937263	7.080096317956141	-2.16345841617841	6.6630667648814255	-0.004036285201339309	7.005499791121176
12.302084825343313	3.385804598528906	5.066406291093424	5.045045045045045	6.636619494880987	2.2557353817750307	0.9966445557392062	7.079997231843436	-2.2301665121509555	6.640987290068193	-0.004012708726564241	7.005452944713722
12.36828732795107	3.4090476823156934	5.076382313421728	5.055055055055055	6.61363001051491	2.3219840703000854	0.9966046305976223	7.079896378368784	-2.2966494881710884	6.618243983652958	-0.0039885216442323585	7.005409924264248
12.434253067200238	3.4329515709728122	5.086357938584071	5.065065065065065	6.589977350991967	2.387998476846168	0.9965649537180732	7.079793776585998	-2.3629006863420217	6.594839213953653	-0.003963720266953965	7.005370769809033
12.499975428589693	3.4575138533004894	5.096333169127441	5.075075075075075	6.565663902806499	2.453772004534954	0.9965255312826651	7.079689447239473	-2.4289134737283082	6.570775416109732	-0.003938301297270154	7.00533551958991
12.5654478221694	3.4827320523144945	5.10630800766105	5.085085085085085	6.540692118612756	2.519298081499102	0.9964863695074871	7.079583412782301	-2.494681240954895	6.5460550887184015	-0.003912261340275371	7.005304206406538
12.630663683199908	3.5086036255034205	5.1162824568566485	5.095095095095095	6.51506451694771	2.584570161573716	0.9964474746403049	7.079475697380797	-2.5601974063380815	6.520680799453923	-0.0038855972315044243	7.005276864311156
12.69561647280948	3.535125965092052	5.126256519448846	5.105105105105105	6.488783681996274	2.649581724904275	0.9964088529605603	7.079366326935343	-2.625455411648442	6.494655176722826	-0.003858305806492125	7.0052535192961
12.760299678648236	3.5622963983116698	5.136230198235452	5.115115115115115	6.461852263291758	2.7143262786398266	0.9963705107819442	7.079255329078011	-2.6904487285812144	6.467980918181624	-0.0038303836437474825	7.005234199577108
12.824706815539772	3.5901121876764686	5.146203496077759	5.125125125125125	6.434272975464403	2.7787973575433993	0.9963324544464524	7.079142733189168	-2.7551708539527735	6.440660782466918	-0.0038018279156317738	7.005218926141691
12.88883142612978	3.618570531266653	5.156176415900887	5.135135135135135	6.406048597941841	2.842988524659422	0.9962946903305077	7.079028570398522	-2.819615314503891	6.412697594890691	-0.0037726351828749295	7.005207719838003
12.95266708153191	3.6476685630178016	5.166148960694051	5.145145145145145	6.377181974672788	2.906893371939753	0.9962572248370624	7.0789128735956925	-2.883775664578405	6.384094243305044	-0.003742802795185364	7.005200596670162
13.016207381970625	3.677403353016589	5.1761211335109065	5.155155155155155	6.3476760138276695	2.9705055208788425	0.996220064403851	7.078795677430987	-2.9476454884273364	6.354853679015044	-0.0037123272778124897	7.005197569555828
13.079445957420976	3.7077719078029956	5.186092937469798	5.165165165165165	6.317533687490028	3.0338186231620368	0.9961832154932746	7.078677018316816	-3.011218401130428	6.324978918091114	-0.0036812061665849397	7.005198649922954
13.142376468245478	3.738771170678582	5.196064375754092	5.175175175175175	6.286758031367793	3.096826361271061	0.9961466846009187	7.078556934437429	-3.074488046611276	6.294473037091538	-0.0036494361463534587	7.00520384298788
13.20499260582771	3.7703980220212254	5.206035451612415	5.185185185185185	6.255352144464984	3.1595224491301015	0.9961104782465032	7.078435465743277	-3.1374481015905635	6.263339177118133	-0.0036170148061064568	7.005213153116269
13.267288093202675	3.8026492796059554	5.216006168358976	5.195195195195195	6.223319188758921	3.22190063271453	0.9960746029814246	7.078312653942739	-3.200092275035674	6.231580540084396	-0.0035839389813565616	7.005226580269916
13.3292566856841	3.8355216989320606	5.2259765293738205	5.205205205205205	6.190662388894454	3.283954690677909	0.9960390653829878	7.078188542520384	-3.262414306460289	6.1992003905415904	-0.0035502060838337748	7.005244120874804
13.390892171488213	3.869011973556273	5.235946538103101	5.215215215215215	6.157385031830828	3.345678434958808	0.9960038720551166	7.078063176710952	-3.3244079706562166	6.1662020536618005	-0.003515813454329243	7.005265768183948
13.452188372354298	3.9031167354321257	5.245916198059327	5.225225225225225	6.123490466521905	3.407065711397692	0.9959690296270228	7.077936603512546	-3.3860670743614407	6.132588916244522	-0.003480758566572374	7.005291511664594
13.513139144161629	3.937832555255276	5.2558855128216315	5.235235235235235	6.088982103552368	3.468110400332739	0.9959345447541815	7.077808871657376	-3.447385460656733	6.0983644246112085	-0.003445038796845924	7.00532133724095
13.573738377543165	3.9731559428150587	5.265854486036037	5.245245245245245	6.053863414815465	3.5288064172222713	0.9959004241191305	7.077680031636844	-3.5083570048165935	6.063532087264257	-0.0034086514415987102	7.005355227640747
13.633979998495407	4.009083347351819	5.275823121415664	5.255255255255255	6.018137933128984	3.5891477132223386	0.9958666744247265	7.077550135656045	-3.5689756204794683	6.028095470406727	-0.0033715944709546653	7.005393161526638
13.693857968984897	4.045611157920279	5.285791422740982	5.265265265265265	5.981809251900037	3.6491282757891437	0.9958333023992915	7.077419237649287	-3.629235254771823	5.992058200423828	-0.0033338653409639386	7.005435113281919
13.75336628755082	4.082735703758901	5.295759393860037	5.275275275275275	5.944881024735719	3.708742129278407	0.9958003147935957	7.077287393252472	-3.689129893715379	5.955423963577416	-0.003295461809011536	7.005481055482566
13.812498989904084	4.120453254664945	5.30572703868867	5.285285285285285	5.907356965091027	3.76798333551372	0.9957677183804142	7.077154659797051	-3.748653558504751	5.9181965029077634	-0.0032563816768247946	7.005530954377522
13.871250149522409	4.158760021375511	5.31569436121074	5.295295295295295	5.869240845870647	3.826845994385599	0.9957355199547933	7.077021096286285	-3.807800310115946	5.880379621300695	-0.003216622719534524	7.005584774948435
13.929613878241817	4.197652155954221	5.325661365478319	5.305305305305305	5.830536499068892	3.885324244413096	0.9957037263311218	7.076886763388857	-3.8665642454952756	5.841977177746992	-0.003176183004777856	7.005642475747506
13.987584326843947	4.237125752183786	5.335628055611863	5.315315315315315	5.791247815352852	3.9434122633335815	0.9956723443410912	7.076751723405629	-3.924939503232419	5.802993090156486	-0.003135060804057944	7.005704014376036
14.045155685639651	4.277176845964126	5.345594435800467	5.325325325325325	5.751378743690795	4.0011042686559675	0.9956413808415029	7.076616040261001	-3.9829202590395067	5.763431331706357	-0.003093253608872183	7.005769342005183
14.10232218504844	4.317801415716221	5.355560510301979	5.335335335335335	5.710933290937983	4.058394518234253	0.9956108427010482	7.07647977947238	-4.04050073000594	5.723295932870695	-0.0030507602314273083	7.005838407466358
14.159078096173976	4.358995382791553	5.365526283443206	5.345345345345345	5.6699155214411165	4.11527731082572	0.9955807368085595	7.0763430081349314	-4.097675172736945	5.682590979887555	-0.003007578659615241	7.005911154981453
14.215417731375336	4.4007546118870815	5.375491759620061	5.355355355355355	5.6283295566158085	4.171746986643269	0.9955510700678651	7.076205794884401	-4.154437886048278	5.641320614173183	-0.00296370739536841	7.005987525287931
14.271335444834161	4.443074911465719	5.385456943297723	5.365365365365365	5.586179574536654	4.227797927905897	0.995521849398409	7.076068209875138	-4.2107832097075075	5.599489032136517	-0.0029191448786642046	7.006067454826468
14.326825633117629	4.485952034182286	5.395421839010772	5.375375375375375	5.54346980951843	4.283424559384996	0.995493081733566	7.075930324753363	-4.2667055253206	5.557100484762032	-0.002873889717821155	7.006150875965052
14.381882735737012	4.529381677314921	5.405386451363333	5.385385385385385	5.500204551676354	4.338621348950313	0.9954647740209072	7.07579221261939	-4.32219925842344	5.514159277575141	-0.002827940494616722	7.006237718293006
14.436501235702123	4.573359483201785	5.415350785029173	5.395395395395395	5.456388146514561	4.393382808097699	0.9954369332174094	7.0756539480055345	-4.377258875663086	5.470669768823858	-0.0027812962694216303	7.006327905522514
14.490675660071126	4.617881039683066	5.4253148447518385	5.405405405405405	5.412024994463468	4.447703492479982	0.9954095662942458	7.075515606822306	-4.431878889904213	5.426636369790073	-0.0027339556240466144	7.006421358954964
14.544400580496175	4.662941880548377	5.435278635344741	5.415415415415415	5.367119550462392	4.501578002444574	0.9953826802309301	7.075377266347867	-4.486053855707482	5.382063545462729	-0.0026859177252374087	7.006517995257047
14.597670613764324	4.708537485989217	5.445242161691234	5.425425425425425	5.321676323488048	4.555000983539847	0.9953562820146955	7.0752390051621825	-4.539778374736956	5.336955811417763	-0.0026371818018389734	7.006617727511828
14.650480422334129	4.754663283056696	5.45520542874472	5.435435435435435	5.2756998761234986	4.607967127041208	0.9953303786432454	7.075100903130076	-4.593047091718489	5.291317735786018	-0.0025877468078692074	7.006720464255791
14.702824714867528	4.801314646124333	5.465168441528665	5.445445445445445	5.229194824086651	4.660471170456944	0.995304977116146	7.074963041344252	-4.6458546984810685	5.245153937232006	-0.0025376125572300744	7.006826110596475
14.75469824675709	4.848486897356013	5.475131205136714	5.455455455455455	5.182165835767268	4.712507898044801	0.9952800844440551	7.074825502089721	-4.698195933106348	5.198469086026899	-0.00248677794187352	7.006934568575541
14.806095820648709	4.896175307178716	5.48509372473266	5.465465465465465	5.134617631772676	4.764072141288015	0.9952557076349687	7.074688368789639	-4.750065579059723	5.151267899997076	-0.0024352432277315213	7.007045733639666
14.857012286959433	4.944375094760519	5.495056005550509	5.475475475475475	5.086554984441351	4.815158779422187	0.995231853703182	7.074551725969441	-4.801458468399395	5.103555149603776	-0.002383007785493475	7.007159500649146
14.907442544390584	4.9930814284932845	5.505018052894493	5.485485485485485	5.037982717371946	4.865762739903237	0.9952085296639669	7.074415659196524	-4.852369480233548	5.055335652056895	-0.0023300715175907268	7.00727575858784
14.957381540436108	5.04228942648027	5.514979872139031	5.495495495495495	4.988905704947881	4.915878998899853	0.9951857425293117	7.074280255037946	-4.902793541164088	5.0066142737619606	-0.00227643475205448	7.007394392759156
15.00682427188589	5.091994157028568	5.524941468728741	5.505505505505505	4.939328871833185	4.965502581774932	0.9951634993120924	7.074145600996737	-4.952725628158173	4.957395929220422	-0.0022220974002111656	7.0075152860755745
15.05576578532438	5.142190639146209	5.5349028481784	5.515515515515515	4.889257192505248	5.014628563552387	0.9951418070209258	7.074011785468034	-5.002160764860907	4.907685579567754	-0.0021670598875386366	7.007638315549661
15.104201177624107	5.192873843044106	5.544864016072883	5.525525525525525	4.838695690742678	5.063252069399916	0.995120672658839	7.073878897680344	-5.051094026080769	4.857488234168176	-0.002111322772475189	7.007763356669155
15.152125596434155	5.244038690642447	5.554824978067093	5.535535535535535	4.787649439123802	5.111368275074251	0.9951001032215832	7.073747027623308	-5.099520536725658	4.80680894686604	-0.0020548867818557144	7.0078902801569205
15.1995342406638	5.295680056081844	5.564785739885904	5.545545545545545	4.736123558541501	5.158972407395764	0.9950801056992307	7.073616266012812	-5.147435470171883	4.755652818919112	-0.0019977524830135937	7.008018952934696
15.246422360960839	5.347792766238888	5.574746307324043	5.555555555555555	4.684123217674202	5.2060597446887416	0.9950606870700532	7.073486704205744	-5.194834052643204	4.704024995568491	-0.0019399210548248231	7.008149239045088
15.29278526018485	5.400371601246219	5.584706686245949	5.565565565565565	4.631653632478705	5.252625617232309	0.9950418542983919	7.073358434143137	-5.241711561030135	4.6519306671023815	-0.0018813938889708731	7.008280998947427
15.338618293875314	5.453411295017034	5.594666882585683	5.575575575575575	4.578720065677332	5.298665407704428	0.9950236143394486	7.073231548290562	-5.288063323457194	4.599375068164715	-0.0018221718984290376	7.008414089568248
15.38391687071449	5.506906535773944	5.604626902346747	5.585585585585585	4.525327826233711	5.344174551615336	0.9950059741303249	7.073106139566487	-5.3338847204177435	4.546363476699721	-0.0017622568914635545	7.00854836457054
15.42867645298509	5.56085196658205	5.614586751601909	5.595595595595595	4.471482268833003	5.389148537729812	0.9949889405906421	7.072982301271579	-5.379171184330704	4.492901212836155	-0.0017016506143059833	7.0086836734334925
15.472892557022396	5.615242185886449	5.624546436493028	5.605605605605605	4.417188793326818	5.433582908509398	0.9949725206228087	7.072860127015943	-5.423918203067885	4.438993640880599	-0.0016403547865580853	7.00881986557747
15.516560753661429	5.670071748053682	5.634505963230812	5.615615615615615	4.362452844239341	5.477473260506623	0.9949567211046549	7.07273971065303	-5.4681213138389575	4.384646164522814	-0.001578371863562689	7.008956782730384
15.559676668678406	5.725335163917533	5.644465338094613	5.625625625625625	4.307279910196102	5.520815244798714	0.9949415488936921	7.072621146201443	-5.511776110919575	4.329864230779917	-0.0015157038751847712	7.009094267539089
15.602235983226917	5.781026901328805	5.6544245674321365	5.635635635635635	4.251675523396209	5.563604567386073	0.9949270108185947	7.072504527771051	-5.554878241309334	4.2746533264771225	-0.0014523537022339222	7.009232158137229
15.644234434268613	5.8371413857090335	5.66438365765923	5.645645645645645	4.195645259065429	5.605836989584816	0.9949131136866535	7.072389949479684	-5.597423406644853	4.219018977654417	-0.0013883234809279447	7.009370289441548
15.685667814998373	5.893673000608325	5.674342615259498	5.655655655655655	4.139194734903047	5.647508328439188	0.9948998642667395	7.072277505383755	-5.639407363822036	4.162966751551777	-0.0013236170494071446	7.009508495010036
15.726531975263937	5.950616088266926	5.684301446784029	5.665665665665665	4.082329610529795	5.688614457094309	0.9948872693006614	7.072167289387833	-5.680825924887818	4.10650225264662	-0.0012582371112005225	7.009646604717668
15.766822821979963	6.007964950180763	5.694260158851066	5.675675675675675	4.025055586930988	5.729151305192266	0.9948753354970433	7.072059395172736	-5.721674957520817	4.049631124985871	-0.001192186981446242	7.009784446706258
15.806536319536452	6.065713847670641	5.7042187581456085	5.685685685685685	3.9673784058932755	5.769114859238824	0.9948640695247587	7.0719539161019584	-5.761950385667511	3.9923590492511614	-0.0011254706312339607	7.009921846334363
15.845668490201554	6.123857002455208	5.714177251418995	5.6956956956956954	3.9093038494436905	5.808501162978223	0.9948534780113332	7.071850945142005	-5.801648189313547	3.9346917435659057	-0.0010580921912103029	7.010058626645711
15.884215414518582	6.1823885972276695	5.724135645488554	5.7057057057057055	3.850837739271143	5.84730631776894	0.9948435675488897	7.071750574780537	-5.840764406237513	3.876634963592641	-0.0009900551981030796	7.010194610018274
15.922173231697453	6.2413027762358935	5.734093947237086	5.7157157157157155	3.7919859361691954	5.8855264829215725	0.9948343446783544	7.071652896927828	-5.879295129884545	3.8181944987480203	-0.0009213647664750638	7.0103296144665554
15.959538140000271	6.300593645866265	5.744052163612446	5.7257257257257255	3.732754339451522	5.923157876074076	0.9948258158985072	7.071558002842843	-5.917236512095587	3.759376175935114	-0.0008520251067402732	7.0104634581611265
15.996306397120984	6.360255275230915	5.75401030162702	5.7357357357357355	3.6731488863591935	5.960196773528573	0.9948179876559554	7.07146598302686	-5.954584763923615	3.700185855704192	-0.0007820414309192228	7.010595958197379
16.0324743205595	6.420281696758277	5.763968368357184	5.7457457457457455	3.6131755515078985	5.99663951058347	0.994810866343359	7.071376927140851	-5.9913361516443695	3.6406294317842316	-0.0007114191283795648	7.0107269271946056
16.068038287989832	6.480666906787264	5.773926370942802	5.7557557557557555	3.552840346290087	6.032482481895825	0.994804458303246	7.0712909239308415	-6.027487001259365	3.5807128341043244	-0.0006401632072868815	7.010856178847129
16.102994737621955	6.5414048661644255	5.7838843165865885	5.7657657657657655	3.492149318249074	6.067722141778417	0.9947987698142599	7.071208061088254	-6.06303370129719	3.5204420222709345	-0.000568280049720238	7.010983527164986
16.13734016855847	6.6024895008446025	5.79384221255354	5.7757757757757755	3.4311085505578482	6.102355004549684	0.9947938070984343	7.071128425216527	-6.09797269235347	3.4598229908495837	-0.000495775310968172	7.011108780392238
16.17107114114458	6.6639147024945595	5.80380006617025	5.7857857857857855	3.3697241613523587	6.136377644830708	0.9947895763093049	7.0710521016828585	-6.132300481628403	3.3988617640742964	-0.0004226558340348464	7.0112317510480375
16.20418427731248	6.725674329099876	5.8137578848242875	5.7957957957957955	3.3080023031730574	6.169786697871112	0.9947860835383852	7.070979174557595	-6.166013632112203	3.3375643987363475	-0.0003489278148791076	7.0113522482368875
16.236676260919634	6.787762205574756	5.823715675963441	5.8058058058058055	3.2459491623547962	6.202578859840537	0.9947833348014143	7.070909726501334	-6.199108767744295	3.2759369807455725	-0.0002745988233843756	7.01147008062825
16.26854383808096	6.850172124374975	5.833673447095059	5.8158158158158155	3.183570958416373	6.234750888141853	0.9947813360486495	7.070843838680678	-6.23158257344849	3.213985627301474	-0.00019967540120886535	7.011585057751038
16.299783817494813	6.912897846113643	5.843631205785201	5.8258258258258255	3.1208739434440416	6.266299601692966	0.9947800931451677	7.070781590656248	-6.263431795735907	3.1517164837561227	-0.00012416605783199813	7.011696989262498
16.330393070763034	6.975933100179887	5.85358895965788	5.8358358358358355	3.0578644014952516	6.297221881217755	0.9947796118806267	7.070723060298215	-6.294653240684117	3.0891357245264652	-4.80783276455843e-05	7.011805683795882
16.360368532704737	7.039271585360284	5.86354671639425	5.8458458458458455	2.9945486479761283	6.327514669521671	0.9947798979634082	7.070668323680562	-6.325243776560423	3.026249551561178	2.8579669868289424e-05	7.0119109508077315
16.389707201663953	7.102906970463108	5.873504483731696	5.8558558558558556	2.9309330290256903	6.357174971772116	0.9947809570108579	7.070617454988704	-6.355200333148757	2.963064194819448	0.00010579884022865475	7.0120126004071395
16.418406139810912	7.166832894945291	5.88346226946299	5.865865865865866	2.867023920881261	6.386199855770044	0.9947827945562954	7.070570526420617	-6.384519903628478	2.899585911392999	0.00018357078920400177	7.012110444871443
16.44646247343735	7.231042969541817	5.893420081435281	5.875875875875876	2.8028277292811463	6.414586452192989	0.9947854160318	7.070527608080934	-6.413199540851471	2.835820982652212	0.00026188540291669513	7.012204294300904
16.473873393245302	7.295530776897956	5.903377927549202	5.885885885885886	2.738350888814424	6.44233195487829	0.9947888267807224	7.07048876790031	-6.441236362625572	2.771775718261556	0.00034073381734831557	7.012293963294309
16.500636154629674	7.360289872203771	5.913335815757826	5.895895895895896	2.6735998622987807	6.469433621050945	0.9947930320415357	7.070454071519508	-6.468627548912762	2.70745645064831	0.0004201055552426004	7.012379266354533
16.526748077954487	7.425313783831149	5.9232937540656225	5.905905905905906	2.6085811401487575	6.495888771575073	0.9947980369488995	7.070423582200171	-6.4953703427873135	2.6428695373603603	0.0004999902456406582	7.01246001995438
16.55220654882284	7.49059601397323	5.933251750527402	5.915915915915916	2.5433012397486165	6.521694791193829	0.9948038465317973	7.070397360733414	-6.521462049974086	2.578021359913698	0.0005803773314966512	7.0125360418511455
16.577009018340316	7.556130039286165	5.943209813247181	5.925925925925926	2.4777667047957426	6.546849128762237	0.9948104657059061	7.070375465337553	-6.546900041792113	2.5129183230840058	0.0006612554934715134	7.012607153760128
16.6011530033721	7.6219093115329715	5.953167950377023	5.935935935935936	2.4119841046752835	6.571349297455968	0.9948178992711999	7.070357951553206	-6.571681752033867	2.4475668525037007	0.0007426131728463628	7.012673177823426
16.624636086793725	7.687927258229908	5.9631261701158955	5.945945945945946	2.3459600338202358	6.5951928750239475	0.9948261519133695	7.070344872181218	-6.595804678419267	2.381973399041153	0.0008244389527467536	7.012733939719711
16.647455917735094	7.754177283294589	5.973084480708357	5.955955955955956	2.2797011110427827	6.618377503961648	0.9948352281868759	7.070336277142477	-6.6192663854675615	2.3161444308762986	0.0009067197232819127	7.012789268800307
16.669610211818323	7.820652767696492	5.983042890443388	5.965965965965966	2.213213978914611	6.640900891750121	0.9948451325295898	7.070332213427345	-6.642064499604377	2.2500864400684493	0.0009894438371259365	7.012838995990408
16.691096751388855	7.8873470701093575	5.993001407653001	5.975975975975976	2.146505303096118	6.662760811045261	0.994855869240344	7.07033272498418	-6.6641967142674465	2.183805937584451	0.0010725974043379275	7.012882957097411
16.711913385740132	7.954253527565439	6.00296004071095	5.985985985985986	2.079581771692596	6.683955099862531	0.9948674424891361	7.070337852624818	-6.68566078721182	2.1173094528452774	0.0011561675543292908	7.012920990392887
16.73205803133167	8.021365456111912	6.012918798031299	5.995995995995996	2.012450094594442	6.7044816617926735	0.9948798563028443	7.070347633958644	-6.706454542105613	2.0506035368212547	0.001240139989449263	7.012952939276011
16.751528672000518	8.088676151468771	6.022877688067045	6.006006006006006	1.9451170028180782	6.724338466150235	0.9948931145710828	7.07036210327453	-6.7265758684587365	1.983694755320421	0.001324500997026446	7.01297865038245
16.77032335916626	8.156178889688837	6.032836719308601	6.016016016016016	1.8775892478575218	6.743523548184565	0.9949072210313842	7.070381291489895	-6.746022720559587	1.9165896952295458	0.0014092353841120401	7.01299797462616
16.788440212029087	8.223866927819252	6.042795900282345	6.026026026026026	1.809873600996556	6.76203500922844	0.9949221792770079	7.070405226041335	-6.764793121410493	1.8492949582831375	0.0014943287378073717	7.013010769365219
16.80587741776149	8.291733504564714	6.052755239549004	6.036036036036036	1.7419768526670418	6.779871016871704	0.9949379927392827	7.070433930816467	-6.78288515811846	1.7818171635620506	0.0015797648812585835	7.013016894906576
16.82263323169321	8.35977184095233	6.062714745702137	6.046046046046046	1.6739058117788383	6.797029805122843	0.9949546646979883	7.07046742607867	-6.80029698473153	1.7141629462888124	0.0016655286746877446	7.013016217075506
16.838705977489347	8.42797514099783	6.072674427366466	6.056056056056056	1.6056673050341024	6.813509674545454	0.9949721982664487	7.070505728369303	-6.817026823799126	1.64633895531881	0.0017516034891888028	7.013008608315822
16.854094047321905	8.496336592373618	6.082634293196192	6.066066066066066	1.5372681762724698	6.829308992441199	0.9949905963896688	7.070548850472796	-6.833072963287096	1.5783518577848996	0.001837972509691122	7.012993946006305
16.868795902034456	8.564849367077825	6.092594351873335	6.076076076076076	1.4687152857839374	6.844426192950251	0.9950098618465529	7.070596801304029	-6.848433759804391	1.5102083308543028	0.0019246191427248044	7.012972113816587
16.882810071300188	8.633506622105038	6.102554612105938	6.086086086086086	1.4000155096465898	6.858859777218635	0.9950299972370391	7.070649585872588	-6.863107636121025	1.441915068411588	0.002011525509568946	7.012943001032448
16.896135153773056	8.702301500118116	6.11251508262627	6.096096096096096	1.3311757390394814	6.872608313506476	0.9950510049812114	7.070707205195231	-6.877093083650136	1.3734787751553503	0.0020986736428068925	7.0129065038272
16.908769817232162	8.771227130121392	6.122475772189042	6.106106106106106	1.2622028795647475	6.885670437327309	0.9950728873208973	7.070769656250014	-6.890388661525915	1.3049061697011555	0.0021860457346233216	7.012862525203597
16.920712798719222	8.84027662813504	6.132436689569482	6.116116116116116	1.193103850557291	6.898044851563417	0.9950956463059146	7.070836931912105	-6.902992997844903	1.2362039821871864	0.002273622603233972	7.012810975866308
16.93196290466939	8.909443097870463	6.142397843561429	6.126126126126126	1.1238855844218012	6.909730326568766	0.9951192837954915	7.070909020893771	-6.91490478693544	1.167378953034432	0.0023613852087322924	7.012751771488175
16.94251901103493	8.978719631406875	6.1523592429753915	6.136136136136136	1.054555025917241	6.920725700287544	0.9951438014548942	7.0709859076992885	-6.926122794605574	1.0984378345059238	0.0024493141743298094	7.0126848383032945
16.952380063402334	9.048099309868821	6.162320896636576	6.146146146146146	0.9851191315038018	6.931029878348389	0.9951692007523218	7.071067572576216	-6.93664585190257	1.0293873882783986	0.002537389813019198	7.012610106672894
16.96154507710215	9.117575204104709	6.172282813382764	6.156156156156156	0.9155848686117778	6.940641834165187	0.9951954829441775	7.071153991468948	-6.946472862913202	0.9602343860980952	0.0026255909663775454	7.012527519030685
16.970013137312275	9.187140375366175	6.182245002062318	6.166166166166166	0.8459592149913575	6.949560609020478	0.99522264908749	7.071245135980974	-6.9556027966799885	0.8909856080435291	0.0027138977169238864	7.012437021760979
16.977783399154013	9.256787875988396	6.192207471532065	6.176176176176176	0.7762491579896611	6.957785312159861	0.9952507000276695	7.071340973343933	-6.964034694469474	0.8216478436244014	0.0028022889239256565	7.012338572653946
16.98485508778131	9.326510750071003	6.202170230655067	6.186186186186186	0.7064616938668166	6.965315120852511	0.9952796363879486	7.071441466369238	-6.9717676658721714	0.7522278883956984	0.002890742391884017	7.0122321367288265
16.991227498463058	9.396302034159929	6.212133288298525	6.196196196196196	0.6366038271067128	6.972149280483631	0.9953094585814496	7.071546573443253	-6.978800889334367	0.6827325471489211	0.002979237130750468	7.012117687244309
16.9968999966582	9.466154757929814	6.222096653331476	6.206206206206206	0.5666825696947454	6.978287104611597	0.9953401667917531	7.071656248490404	-6.985133615455547	0.6131686303837743	0.003067750209318377	7.01199520865104
17.001872018084086	9.536061944867102	6.2320603346225765	6.216216216216216	0.4967049404459603	6.983727975035032	0.9953717609809715	7.071770440965168	-6.990765161953632	0.5435429553012228	0.003156259502916848	7.0118646917789444
17.006143068777625	9.606016612953583	6.242024341037773	6.226226226226226	0.4266779642845742	6.988471341839486	0.9954042408781265	7.071889095826941	-6.995694918522473	0.47386234376494113	0.0032447417257891586	7.011726138564485
17.009712725149527	9.676011775350592	6.251988681437961	6.236236236236236	0.35660867155295306	6.992516723461133	0.9954376059787936	7.072012153546343	-6.999922343888956	0.40413362400251585	0.0033331735566426114	7.0115795593126675
17.01258063403131	9.746040441083514	6.261953364676629	6.246246246246246	0.28650409729006737	6.9958637067188985	0.9954718555429728	7.072139550088703	-7.003446968862282	0.3343636274507737	0.0034215314615010386	7.011424975559952
17.01474651271543	9.81609561572679	6.2719183995974435	6.256256256256256	0.216371280543665	6.998511946863257	0.995506988589321	7.072271216926145	-7.006268392965599	0.2645591904214025	0.0035097913301819893	7.011262416864767
17.0162101489883	9.886170302089255	6.281883795031801	6.266266266266266	0.14621726365972917	7.000461167610306	0.9955430038923129	7.072407081044679	-7.008386286705192	0.19472715263017928	0.0035979287688917795	7.01109192299889
17.016971401156002	9.956257500899795	6.291849559796371	6.276276276276276	0.07604909155348064	7.001711161172997	0.9955798999805551	7.072547064959407	-7.009800393414231	0.12487435691285964	0.003685919215395762	7.010913545788821
17.01703019806325	10.026350211493073	6.301815702690575	6.286286286286286	0.005873811033972489	7.002261788268412	0.99561767513093	7.072691086717497	-7.0105105238988665	0.055007646831978646	0.0037737375224577443	7.0107273437213085
17.0163865391049	10.096441432495592	6.311782232494076	6.296296296296296	-0.06430152993910421	7.002112978151658	0.9956563273698379	7.0728390599379525	-7.010516563210364	-0.014866130663762883	0.003861358666895799	7.010533388764261
17.015040494230576	10.166524162511934	6.321749157964191	6.306306306306306	-0.13446988294502238	7.001264728632548	0.995695854464413	7.0729908938447705	-7.009818465291228	-0.08474012695906688	0.003948756748053407	7.010331760917936
17.012992203941934	10.236591400810893	6.331716487833319	6.316316316316316	-0.2046241998352756	6.999717106066018	0.9957362539258947	7.073146493286692	-7.008416257336299	-0.15460749439637636	0.004035906202022878	7.01012255256341
17.010241879283	10.30663614801176	6.341684230806305	6.326326326326326	-0.2747574334274391	6.997470245366677	0.9957775230012877	7.073305758789888	-7.006310035857133	-0.22446138386413184	0.004122780631764257	7.009905864469132
17.006789801823142	10.376651406770513	6.351652395557818	6.336336336336336	-0.34486253823984586	6.994524349999407	0.9958196586762009	7.073468586600343	-7.00349997075944	-0.2942949471902367	0.0042093539238266435	7.009681809827721
17.00263632363301	10.446630182466027	6.36162099072969	6.346346346346346	-0.414932471194321	6.990879691981843	0.9958626576699673	7.07363486874726	-6.999986302152066	-0.3641013359546854	0.004295599477259694	7.009450510941312
16.997781867253245	10.516565483885866	6.371590024928206	6.356356356356356	-0.48496019233843535	6.986536611841958	0.9959065164317401	7.073804493073881	-6.995769342297028	-0.4338737059745496	0.004381490301104642	7.00921210128616
16.992226925656002	10.58645032391234	6.381559506721401	6.366366366366366	-0.5549386655645661	6.981495518644688	0.9959512311402264	7.073977343348236	-6.99084947529046	-0.5036052104072485	0.004466999377784011	7.008966724717822
16.985972062199288	10.656277720207846	6.391529444636355	6.376376376376376	-0.6248608593257621	6.975756889921123	0.9959967977038647	7.074153299288595	-6.985227156743484	-0.5732890094841224	0.00455209970746613	7.008714535584517
16.979017910573997	10.72604069590012	6.401499847156396	6.386386386386386	-0.6947197473665162	6.969321271658216	0.9960432117521295	7.07433223665995	-6.97890291527134	-0.6429182644644378	0.004636763421651093	7.008455699734415
16.971365174743955	10.795732280267297	6.411470722718417	6.396396396396396	-0.7645083094212406	6.962189278280856	0.9960904686459124	7.074514027373913	-6.971877349266969	-0.7124861383982789	0.0047209636889149155	7.008190391115931
16.963014628878575	10.8653455094222	6.421442079710033	6.406406406406406	-0.8342195319514267	6.9543615925748545	0.9961385634624386	7.0746985395412105	-6.964151130765597	-0.7819858020295121	0.004804672170959691	7.00791879601884
16.953967117278278	10.934873426996495	6.431413926466818	6.416416416416417	-0.9038464088695947	6.945838965671423	0.9961874910027197	7.074885637598407	-6.9557250041243615	-0.8514104276527344	0.004887861274089956	7.007641110994804
16.94422355429292	11.004309084824143	6.4413862712695105	6.426426426426427	-0.9733819422374587	6.936622216982109	0.9962372457889801	7.075075182392125	-6.946599783449616	-0.9207531940625124	0.004970503147408724	7.00735754059261
16.933784924232587	11.073645543624359	6.451359122341188	6.436436436436437	-1.0428191430271305	6.926712234141525	0.9962878220605772	7.075267031289768	-6.936776358888221	-0.9900072857742951	0.005052569532550545	7.007068303333114
16.922652281271624	11.142875873683984	6.461332487844486	6.446446446446447	-1.1121510318001655	6.916109972956549	0.9963392137795009	7.075461038298349	-6.926255688426196	-1.059165892379134	0.005134032720473094	7.0067736232396935
16.910826749345198	11.211993155539082	6.471306375878774	6.456456456456457	-1.1813706394500014	6.904816457324273	0.9963914146253164	7.075657054170281	-6.915038804218611	-1.1282222116643492	0.005214864496977091	7.006473736306565
16.89830952203853	11.280990480655868	6.48128079447728	6.466466466466467	-1.2504710079360049	6.89283277916696	0.9964444179908171	7.075854926536585	-6.903126811751744	-1.197169447915596	0.005295036213512507	7.006168889168804
16.885101862469078	11.349860952110896	6.491255751604329	6.476476476476477	-1.3194451909883353	6.880160098357333	0.9964982169921389	7.0760545000387856	-6.890520886927819	-1.2660008128817068	0.005374520232053073	7.005859336075297
16.871205103161564	11.418597685270406	6.501231255152525	6.486486486486487	-1.3882862548206154	6.866799642634997	0.9965528044647681	7.076255616461475	-6.877222276844781	-1.3347095266613576	0.005453288515657919	7.0055453395182825
16.856620645915473	11.487193808468648	6.511207312939894	6.496496496496497	-1.4569872788844835	6.8527527075043935	0.9966081729582175	7.076458114865594	-6.863232303980428	-1.4032888195473023	0.0055313124955887714	7.005227174395195
16.841349961665628	11.555642463685507	6.52118393270709	6.506506506506507	-1.5255413565595506	6.838020656164177	0.9966643147428579	7.076661831752551	-6.848552359739201	-1.4717319288875834	0.005608564285577735	7.004905120741457
16.82539459033543	11.623936807222847	6.531161122114611	6.516516516516517	-1.5939415958866563	6.822604919380334	0.9967212218113386	7.076866601191485	-6.833183908777862	-1.540032104705983	0.005685016141223533	7.004579468755734
16.80875614068292	11.692070010380121	6.541138888739994	6.526526526526527	-1.662181120285865	6.806506995411642	0.9967788858757476	7.07707225500419	-6.8171284874809475	-1.6081826044723342	0.005760640034458199	7.004250515874293
16.791436290139426	11.760035260128575	6.551117240075033	6.536536536536537	-1.7302530692950453	6.789728449870554	0.9968372983704512	7.077278622903653	-6.800387706017118	-1.6761766995546294	0.005835408220891549	7.003918569791322
16.773436784641543	11.82782575978452	6.561096183523021	6.546546546546547	-1.798150599238533	6.77227091562896	0.9968964504539569	7.077485532669318	-6.782963241354417	-1.7440076707352763	0.005909293142220342	7.003583940304717
16.754759438455277	11.895434729681215	6.5710757263960025	6.556556556556557	-1.8658668840079449	6.754136092679773	0.9969563330108661	7.077692810316621	-6.764856848464255	-1.811668812623771	0.005982267435223189	7.003246950834379
16.73540613399345	11.962855407839646	6.581055875912065	6.566566566566567	-1.9333951157365217	6.735325748027259	0.9970169366546239	7.077900280278676	-6.746070349684825	-1.8791534307861348	0.006054304011405944	7.002907926992122
16.715378821625844	12.030081050637872	6.591036639192608	6.576576576576577	-2.000728505523864	6.715841715542765	0.9970782517262774	7.078107765575886	-6.726605639755517	-1.9464548452009998	0.006125375658186918	7.002567201921316
16.694679519482044	12.097104933478905	6.601018023259667	6.586586586586587	-2.067860284165643	6.695685895819199	0.9971402682991785	7.078315087996968	-6.706464686313713	-2.0135663903841836	0.006195455632815696	7.002225116413223
16.67331031324739	12.163920351457456	6.611000035033295	6.596596596596597	-2.134783702841779	6.674860256057286	0.9972029761854605	7.078522068308125	-6.685649525745993	-2.0804814122151187	0.006264517839576092	7.001882013563496
16.651273355951552	12.230520620024805	6.620982681328916	6.606606606606607	-2.201492033854316	6.653366829878169	0.9972663649324894	7.078728526414383	-6.664162268152419	-2.1471932752938203	0.006332535828190735	7.001538245181798
16.628570867750213	12.296899075652476	6.630965968854742	6.616616616616617	-2.2679785713138245	6.631207717204332	0.9973304238300511	7.078934281581233	-6.642005092204924	-2.2136953561162915	0.006399483866410796	7.001194164423718
16.60520513569933	12.363049076493855	6.640949904209222	6.626626626626627	-2.3342366318833117	6.608385084053754	0.997395141912569	7.079139152600469	-6.619180250891767	-2.2799810517427295	0.006465336443532723	7.000850133424997
16.58117851352287	12.428964003044701	6.650934493878516	6.636636636636637	-2.4002595554280677	6.584901162429525	0.9974605079624762	7.079342958024722	-6.59569006212113	-2.3460437702604855	0.006530068385734891	7.000506510912949
16.55649342137293	12.494637258801449	6.6609197442340475	6.646646646646647	-2.4660407057790925	6.560758250099092	0.99752651051758	7.07954551634412	-6.571536920067383	-2.411876941810244	0.006593655254870192	7.0001636659819795
16.531152345583077	12.560062270917946	6.670905661530007	6.656656656656657	-2.5315734714063716	6.535958710438095	0.997593137866359	7.079746646201272	-6.54672328616518	-2.4774740121336474	0.006656072143015703	6.9998219670011155
16.505157838414757	12.625232490860338	6.680892251901057	6.666666666666667	-2.5968512661152214	6.510504972244921	0.9976603780679272	7.079946166597364	-6.521251691414104	-2.5428284454980705	0.006717296136666231	6.999481784251805
16.478512517796492	12.690141395060031	6.690879521359913	6.676676676676677	-2.661867529764638	6.484399529549408	0.9977282189397011	7.080143897104384	-6.495124738576709	-2.60793372528179	0.0067773030902142616	6.999143491668855
16.451219067056257	12.75478248556453	6.700867475795068	6.686686686686687	-2.7266157289494477	6.457644941399359	0.9977966480719505	7.080339658055881	-6.4683450985625	-2.672783356189901	0.006836070311710975	6.998807463781282
16.42328023464695	12.819149290686514	6.710856120968555	6.696696696696697	-2.791089357689909	6.4302438316862816	0.9978656528313482	7.080533270781932	-6.440915511172103	-2.737370860336401	0.00689357546383528	6.998474074429291
16.394698833864787	12.883235365650716	6.720845462513798	6.706706706706707	-2.855281938137994	6.402198888923742	0.9979352203697541	7.080724557815244	-6.41283878676369	-2.801689781977702	0.006949797086751766	6.99814369952051
16.365477742561005	12.947034293238493	6.730835505933415	6.716716716716717	-2.919187021247826	6.373512866018975	0.9980053376197786	7.080913343082849	-6.384117802672219	-2.865733688186265	0.007004713277445731	6.997816713519304
16.3356199028466	13.010539684430416	6.740826256597206	6.726726726726727	-2.982798187469186	6.344188580073065	0.9980759913127061	7.08109945214257	-6.354755505513831	-2.9294961659963623	0.007058303923454181	6.997493489893364
16.305128320790153	13.073745179046389	6.750817719740082	6.736736736736737	-3.0461090474388874	6.314228912135707	0.9981471679733482	7.081282712381475	-6.324754910973197	-2.9929708269420368	0.007110548398151608	6.997174402192945
16.274006066109216	13.136644446383643	6.760809900460194	6.746746746746747	-3.1091132426256616	6.283636806991714	0.9982188539391214	7.081462953232956	-6.294119099158738	-3.056151303884948	0.007161427980734305	6.996859817995728
16.242256271854433	13.199231185852016	6.770802803716996	6.756756756756757	-3.1718044460527643	6.252415272890399	0.9982910353545444	7.081640006378639	-6.262851222367569	-3.119031256721337	0.007210923400766625	6.996550107826852
16.209882134087433	13.2614991276071	6.780796434329434	6.766766766766767	-3.2341763629233387	6.220567381332981	0.9983636981825974	7.081813705968601	-6.2309544953703755	-3.1816043665860665	0.007259016522490771	6.996245633350553
16.176886911551716	13.323442033180559	6.790790796974232	6.776776776776777	-3.296222731318181	6.188096266788473	0.9984368282152789	7.081983888815104	-6.198432202644741	-3.2438643429963743	0.00730569026488195	6.995946756490996
16.143273925337024	13.38505369610806	6.800785896184206	6.786786786786787	-3.3579373228477207	6.155005126457305	0.9985104110764463	7.082150394613029	-6.165287693801032	-3.3058049190836623	0.007350927830626422	6.995653832667262
16.10904655853715	13.446327942554332	6.810781736346635	6.796796796796797	-3.4193139433075506	6.1212972199826075	0.9985844322266068	7.082313066121094	-6.131524383937003	-3.3674198568222993	0.007394712901025893	6.995367212999904
16.074208255901	13.507258631935748	6.8207783217017806	6.806806806806807	-3.480346433351348	6.086975869203537	0.9986588769790662	7.082471749394889	-6.097145755375374	-3.4287029428291	0.0074370307706975525	6.995087243336108
16.03876252347741	13.567839657539816	6.830775656341421	6.816816816816817	-3.5410286691165926	6.052044457846326	0.998733730500106	7.082626293945821	-6.062155352947934	-3.489647994585447	0.007477866751882392	6.9948142625720005
16.00271292825327	13.628064947141997	6.84077374420749	6.826826826826827	-3.6013545628914514	6.016506431257916	0.9988089778202529	7.082776552962919	-6.026556788108391	-3.550248856182115	0.0075172072826707155	6.994548603700103
15.966063097785236	13.687928463619514	6.850772589090746	6.836836836836837	-3.661318063756647	5.980365296103925	0.9988846038372944	7.082922383495255	-5.9903537364330575	-3.610499401883689	0.00755503910244332	6.9942905928489845
15.928816719825242	13.747424205562101	6.8607721946296385	6.846846846846847	-3.7209131582033654	5.9436246200644876	0.9989605933353564	7.08306364662669	-5.9535499352271595	-3.6703935363398332	0.007591350856391712	6.994040546883924
15.890977541939453	13.806546207879828	6.870772564309113	6.856856856856857	-3.7801338707903835	5.9062880315409085	0.9990369309794903	7.083200207680211	-5.916149187443112	-3.729925193505545	0.007626130648981635	6.993798775708366
15.85254937112106	13.865288542407553	6.880773701459625	6.866866866866867	-3.8389742647573626	5.8683592193197445	0.9991136013361698	7.083331936371421	-5.878155357301209	-3.7890883408942915	0.007659368632278521	6.993565580274328
15.813536073396822	13.923645318506345	6.890775609256159	6.876876876876877	-3.8974284426514556	5.829841932269343	0.999190588873734	7.083458706996769	-5.839572371619894	-3.8478769763351415	0.007691055002667949	6.99334125155662
15.77394157342738	13.981610683661566	6.900778290717355	6.886886886886887	-3.9554905469473436	5.790739979006579	0.999267877973479	7.083580398598193	-5.800404219159212	-3.9062851309500695	0.007721181064528096	6.9931260711185965
15.733769854101507	14.039178824077435	6.910781748704728	6.896896896896897	-4.0131547606546745	5.7510572275453145	0.9993454529385307	7.083696895108894	-5.760654949362357	-3.9643068709803515	0.0077497390086622734	6.992920310669195
15.693024956124216	14.096343965268469	6.92078598592202	6.906906906906907	-4.070415307931358	5.710797604984243	0.9994232980075088	7.083808085538166	-5.720328672940718	-4.02193629385108	0.007776722390914373	6.992724229917509
15.651710977598988	14.153100372647136	6.930791004914528	6.916916916916917	-4.127266454670245	5.669965097128907	0.9995013973515104	7.0839138640877	-5.679429559214793	-4.079167534748022	0.007802124465760154	6.992538077677603
15.609832073603773	14.209442352108043	6.940796808068669	6.926926926926927	-4.183702509122001	5.628563748144591	0.9995797350986876	7.084014130320547	-5.637961839730396	-4.135994763533139	0.007825940942996027	6.99236209271097
15.567392455761386	14.265364250608483	6.950803397611467	6.936936936936937	-4.239717822454455	5.586597660193951	0.9996582953255522	7.084108789278695	-5.595929801912214	-4.1924121862689425	0.007848166663772341	6.992196499042743
15.524396391803874	14.320860456745224	6.960810775610309	6.946946946946947	-4.295306789355426	5.54407099306045	0.9997370620843044	7.0841977516217085	-5.5533377934070085	-4.248414046636746	0.007868799199342793	6.9920415099843245
15.480848205131114	14.375925401327578	6.970818943972636	6.956956956956957	-4.3504638486087535	5.500987963777112	0.999816019396444	7.084280933751434	-5.510190219407373	-4.30399462540553	0.007887835482755392	6.991897325298833
15.436752274363698	14.430553557946434	6.980827904445851	6.966966966966967	-4.405183483664818	5.457352846223695	0.9998951512742432	7.0843582579144675	-5.46649154210081	-4.359148243586347	0.00790527459213776	6.991764132376606
15.39211303289038	14.484739443539631	6.990837658617254	6.976976976976977	-4.459460223184458	5.413169970760419	0.9999744417231419	7.084429652315438	-5.422246278012034	-4.4138692587812995	0.007921115844975148	6.9916421016172
15.346934968409386	14.538477618952921	7.000848207914029	6.986986986986987	-4.513288641651373	5.36844372378769	1.0000538747477814	7.084495051218032	-5.377459004844865	-4.46815207257556	0.007935359161489079	6.991531396080076
15.301222622464872	14.59176268949729	7.010859553603419	6.996996996996997	-4.56666335985694	5.323178547382491	1.0001334343701052	7.084554395028524	-5.332134348736128	-4.5219911228794265	0.007948006270143118	6.9914321565166935
15.254980589977224	14.644589305501711	7.020871696792918	7.007007007007007	-4.619579045515994	5.2773789388416	1.0002131046309561	7.0846076303896215	-5.286276997339543	-4.575380893235028	0.007959059059013266	6.991344517144213
15.208213518768632	14.696952162861999	7.030884638430615	7.017017017017017	-4.672030413738334	5.231049450292785	1.0002928696059588	7.084654710237399	-5.239891685411699	-4.6283159060266	0.007968521002761377	6.991268590045189
15.160926109082784	14.748846003585108	7.040898379305571	7.027027027027027	-4.724012227616282	5.184194688238557	1.0003727134080926	7.084695593881256	-5.192983206407072	-4.680790729217413	0.007976395833174934	6.991204478174275
15.113123113099565	14.800265616329183	7.050912920048271	7.037037037037037	-4.775519298723526	5.136819313133108	1.0004526201956778	7.084730247053485	-5.145556403613639	-4.7327999730343215	0.007982688079759706	6.99115226631719
15.064809334444442	14.851205836939057	7.060928261131279	7.047047047047047	-4.826546487646777	5.0889280389264275	1.0005325741925162	7.084758641958618	-5.097616173432752	-4.784338293247371	0.007987404284151725	6.991112025601045
15.015989627692825	14.901661548977382	7.070944402869853	7.057057057057057	-4.877088704486558	5.040525632628635	1.0006125596835442	7.0847807573144514	-5.049167462294112	-4.835400389149436	0.007990550553702815	6.991083809723227
14.966668897869368	14.951627684250981	7.080961345422729	7.067067067067067	-4.927140909363315	4.991616913832625	1.0006925610323123	7.084796578370257	-5.000215267188058	-4.885981007721423	0.007992134741929816	6.991067658108647
14.916852099942023	15.001099223332584	7.090979088792896	7.077077077077077	-4.976698112941806	4.942206754252137	1.0007725626796535	7.084806096947634	-4.950764637491256	-4.936074942090786	0.007992164569389119	6.991063596082143
14.866544238311613	15.050071196078035	7.100997632828654	7.087087087087087	-5.02575537687794	4.892300077270486	1.0008525491722549	7.0848093114397175	-4.9008206672197625	-4.985677030466955	0.007990650610872365	6.99107162850384
14.815750366296136	15.098538682138127	7.111016977224454	7.097097097097097	-5.074307814346179	4.841901857403213	1.0009325051403861	7.084806226800137	-4.850388503077112	-5.034782164740507	0.007987601216313103	6.991091751575352
14.76447558561053	15.146496811466301	7.121037121522144	7.107107107107107	-5.122350590492061	4.791017119884618	1.0010124153392472	7.084796854575661	-4.799473336973651	-5.083385278107688	0.007983028866224953	6.9911239387349475
14.712725045841678	15.193940764820722	7.131058065112053	7.117117117117117	-5.169878922908318	4.739650940106624	1.0010922646319331	7.084781212845685	-4.748080408384074	-5.131481359821609	0.007976944339321038	6.991168152913953
14.660503943918783	15.240865774261719	7.141079807234266	7.127127127127127	-5.216888082097154	4.687808443155622	1.001172038009042	7.08475932622553	-4.696215002964671	-5.179065445405087	0.007969360373185144	6.99122433859508
14.607817523579122	15.287267123643971	7.151102346979953	7.137137137137137	-5.263373391932166	4.635494803287014	1.0012517205941769	7.084731225825948	-4.643882452517743	-5.226132622873912	0.007960290254966454	6.991292426360816
14.554671074829427	15.33314014910356	7.161125683292792	7.147147147147147	-5.309330230094542	4.582715243412892	1.0013312976526412	7.084696949204204	-4.591088132421303	-5.27267803142482	0.007949748140582205	6.991372330324365
14.501069933402762	15.378480239539837	7.171149814970435	7.157157157157157	-5.3547540285237964	4.529475034584037	1.001410754596496	7.084656540322432	-4.537837463082546	-5.318696862002644	0.007937748691106153	6.991463949637907
14.447019480211102	15.423282837091861	7.181174740666061	7.167167167167167	-5.399640273846871	4.475779495447253	1.0014900769930786	7.084610049475608	-4.484135907775166	-5.364184359764672	0.00792430741858994	6.991567169068078
14.39252514079363	15.467543437609567	7.191200458889988	7.177177177177177	-5.44398450780545	4.42163399171885	1.001569250570236	7.084557533229379	-4.429988972461989	-5.409135822467471	0.007909440358031896	6.9916818578423925
14.337592384760798	15.511257591119477	7.201226968011375	7.187187187187187	-5.4877823276799065	4.367043935640025	1.00164826122662	7.084499054345658	-4.375402205458242	-5.453546602274647	0.007893164572755376	6.991807870984239
14.282226725234416	15.55442090228488	7.211254266260007	7.197197197197197	-5.53102938668557	4.312014785423723	1.0017270950383392	7.084434681682519	-4.320381194665785	-5.4974121066085555	0.007875497790752852	6.991945048452077
14.22643371828355	15.597029030860513	7.22128235172807	7.207207207207207	-5.573721394391524	4.256552044705761	1.0018057382594938	7.0843644901145675	-4.264931569824789	-5.540727797724403	0.007856457793342944	6.992093216461942
14.170218962356453	15.639077692141496	7.231311222372035	7.217217217217217	-5.615854117117049	4.20066126197022	1.001884177332111	7.084288560423424	-4.209059000279975	-5.583489195280552	0.007836063354455861	6.9922521883540085
14.113588097708686	15.680562657406535	7.241340876014615	7.227227227227227	-5.657423378311915	4.144348029977317	1.0019623988936885	7.084206979178677	-4.152769193367085	-5.625691876090962	0.007814334001597414	6.992421763731823
14.056546805827473	15.721479754355771	7.251371310346768	7.237237237237237	-5.698425058933124	4.087617985228729	1.0020403897820744	7.08411983863888	-4.09606789405876	-5.667331470384021	0.007791289749750676	6.992601725548227
13.999100808851981	15.76182486754215	7.261402522929723	7.247247247247247	-5.738855097851643	4.0304768073193316	1.002118137037241	7.084027236611659	-4.03896088796012	-5.708403673148772	0.007766950791134944	6.992791851300494
13.941255868990387	15.801593938797495	7.271434511197084	7.257257257257257	-5.778709492173254	3.9729302184089126	1.00219562790936	7.0839292763183765	-3.981453992728938	-5.748904232150857	0.0077413381246938	6.992991898677933
13.883017787932994	15.840782967652341	7.281467272457015	7.267267267267267	-5.817984297633566	3.9149839825991153	1.0022728498671427	7.083826066265261	-3.9235530654851294	-5.788828957398752	0.007714473582492001	6.993201617914268
13.824392406261888	15.879388011749763	7.291500803894353	7.277277277277277	-5.856675628943534	3.8566439053323864	1.0023497905900316	7.083717720088404	-3.865263997865798	-5.828173718946214	0.007686378216599635	6.993420747518551
13.765385602857334	15.917405187253417	7.301535102572913	7.287287287287287	-5.894779660114913	3.79791583281506	1.0024264379881649	7.083604356401438	-3.8065927140207583	-5.866934444480895	0.0076570750735156096	6.993649011572639
13.706003294300475	15.954830669249095	7.31157016543777	7.297297297297297	-5.93229262483026	3.738805651368219	1.0025027801991817	7.083486098639957	-3.747545175063182	-5.905107126539428	0.007626586880580535	6.9938861286035765
13.64625143427301	15.991660692140456	7.321605989317521	7.307307307307307	-5.969210816743725	3.679319286847049	1.0025788055871578	7.083363074889465	-3.688127372155123	-5.942687815664914	0.007594936258815468	6.994131802500497
13.586136012953407	16.02789155003828	7.33164257092665	7.317317317317317	-6.005530589828332	3.619462703992584	1.002654502752011	7.083235417720212	-3.628345331152306	-5.979672627161015	0.0075621467688374655	6.994385731154467
13.525663056410066	16.06351959714369	7.341679906867948	7.327327327327327	-6.0412483586797965	3.559241905830306	1.0027298605356227	7.083103264013569	-3.568205108261282	-6.016057736411596	0.007528242582806202	6.994647600622644
13.464838625991403	16.098541248124846	7.351717993634879	7.337337337337337	-6.076360598824406	3.498662933017625	1.0028048680164259	7.082966754767004	-3.5077127904465186	-6.051839383986843	0.007493247332233224	6.994917090187127
13.403668817712774	16.132952978487378	7.361756827614028	7.347347347347347	-6.110863847035078	3.4377318632169236	1.0028795145169476	7.0828260349252545	-3.446874496246086	-6.0870138730900605	0.007457185402116953	6.995193871057234
13.342159761640621	16.16675132493843	7.371796405087545	7.357357357357357	-6.144754701608016	3.3764548104602574	1.0029537896043401	7.082681253176352	-3.385696371836524	-6.1215775703909525	0.007420081230515766	6.995477605581056
13.280317621273593	16.19993288574422	7.38183672223567	7.367367367367367	-6.178029822666161	3.3148379244984376	1.0030276830977467	7.082532561768144	-3.3241845937087318	-6.1555269075858	0.007381959991317835	6.995767950439509
13.218148592920848	16.23249432108096	7.391877775139169	7.377377377377377	-6.210685932439223	3.252887390140177	1.0031011850595164	7.082380116302657	-3.262345366328894	-6.188858382390246	0.007342845980792559	6.9960645568688635
13.155658905077647	16.264432353379455	7.4019195597818745	7.387387387387387	-6.2427198155357235	3.1906094266196305	1.0031742858062962	7.082224075544306	-3.2001849213403637	-6.221568555702585	0.00730276460330175	6.996367068304251
13.092854817798374	16.295743767662962	7.411962072053237	7.397397397397397	-6.274128319199419	3.128010286922409	1.0032469759091187	7.082064601198109	-3.1377095160031834	-6.253654055752421	0.007261741271969216	6.996675123852182
13.029742622066664	16.32642541187843	7.422005307750786	7.407407407407407	-6.304908353597854	3.065096257125081	1.0033192461851512	7.0819018577269	-3.0749254364036815	-6.285111576753099	0.007219800575648308	6.996988359086969
12.966328639163232	16.3564741972211	7.432049262582763	7.4174174174174174	-6.335056892052873	3.0018736557328976	1.0033910877144647	7.08173601212546	-3.011838991656385	-6.315937879079112	0.007176968778418538	6.997306404105007
12.902619220031138	16.38588709845238	7.44209393217053	7.4274274274274275	-6.364570971296164	2.9383488330047443	1.0034624918179411	7.081567233711166	-2.948456516404758	-6.346129790542516	0.007133269937291489	6.997628886350067
12.838620744638515	16.41466115421093	7.452139312051272	7.4374374374374375	-6.393447691723022	2.8745281702791536	1.0035334500861095	7.0813956939270515	-2.884784370643122	-6.375684206286505	0.007088730990021788	6.997955430945889
12.7743396213392	16.44279346731706	7.462185397680431	7.4474474474474475	-6.421684217601572	2.8104180793024502	1.0036039543529718	7.081221566103981	-2.8208289352671647	-6.404598088572671	0.007043376259541902	6.998285659169561
12.70978228623081	16.470281205070247	7.472232184434268	7.4574574574574575	-6.449277777328131	2.746025001543407	1.0036739967083355	7.081045025270524	-2.7565966166832307	-6.432868468128411	0.006997231300831166	6.998619192140409
12.644955202510753	16.497121599539636	7.4822796676123735	7.4674674674674675	-6.4762256636337705	2.6813554074919304	1.0037435694927563	7.0808662479171955	-2.692093841933375	-6.460492445742531	0.0069503211636458475	6.9989556508265
12.579864859830025	16.52331194784813	7.492327842440242	7.4774774774774775	-6.502525233804718	2.6164157960184387	1.003812665304104	7.080685411804908	-2.62732706007767	-6.4874671862018225	0.006902671553627162	6.9992946515728525
12.514517773644915	16.54884961244898	7.502376704071777	7.4874874874874875	-6.528173909892467	2.5512126936249877	1.003881276990287	7.080502695727586	-2.562302741166105	-6.513789929105752	0.006854307449681254	6.999635816200545
12.448920484566669	16.57373202139585	7.512426247591677	7.4974974974974975	-6.553169178916791	2.4857526537922245	1.003949397638072	7.080318279311877	-2.4970273755299934	-6.539457979293042	0.006805252713726764	6.999978763435653
12.383079557709198	16.59795666860576	7.522476468018103	7.5075075075075075	-6.5775085930613	2.4200422562702673	1.0040170205998806	7.080132342801453	-2.431507473036474	-6.564468712443535	0.006755533884681355	7.000323114351248
12.317001582034841	16.621521114115048	7.5325273603049165	7.5175175175175175	-6.6011897698682915	2.3540881063777435	1.0040841394527074	7.079945066842216	-2.365749563018413	-6.5888195742631295	0.00670517339739041	7.000668492113097
12.250693169698284	16.644422984328294	7.542578919344334	7.5275275275275275	-6.624210392422062	2.2878968343033175	1.004150748037782	7.079756632277159	-2.299760193121637	-6.612508080235158	0.006654197648960427	7.001014521866704
12.184160955388696	16.666659972260295	7.552631139969208	7.5375375375375375	-6.646568209527788	2.221475094406858	1.0042168404249006	7.079567219934306	-2.2335459288620876	-6.635531815656284	0.0066026294731403	7.001360831126985
12.117411595670134	16.688229837770816	7.562684016955428	7.5475475475475475	-6.668261035884368	2.154829564501091	1.0042824109234265	7.0793770104177804	-2.1671133530222857	-6.657888437586137	0.00655049280274316	7.001707051937165
12.05045176832023	16.70913040779248	7.572737545024346	7.5575575575575575	-6.689286752255492	2.0879669451641245	1.0043474540848658	7.079186183914475	-2.100469065475293	-6.679575671762963	0.006497811827785396	7.00205281838011
11.98328817166735	16.729359576551268	7.582791718845059	7.5675675675675675	-6.709643305622611	2.0208939590029993	1.0044119646892897	7.0789949199750195	-2.033619681375172	-6.7005913174964125	0.006444609381949354	7.0023977711620216
11.915927523926076	16.7489153057802	7.592846533036704	7.5775775775775776	-6.729328709353346	1.9536173499704745	1.0044759377453358	7.078803397336459	-1.966571832700429	-6.720933242349225	0.006390908299006106	7.002741553491352
11.848376562531243	16.767795624925697	7.602901982170784	7.587587587587588	-6.748341043343804	1.8861438826349661	1.0045393684945554	7.078611793716004	-1.8993321656467979	-6.740599386817292	0.006336731847033119	7.003083815234023
11.780642043470614	16.785998631346747	7.612958060773355	7.597597597597598	-6.7666784541568274	1.818480341462906	1.0046022523968616	7.078420285611623	-1.8319073402210408	-6.759587763088804	0.006282101840393708	7.003424212116467
11.712730740616017	16.803522490507156	7.623014763327263	7.607607607607608	-6.784339155174243	1.7506335301248812	1.00466458513541	7.078229048134369	-1.7643040316398493	-6.777896452668683	0.006227040580972811	7.003762404250571
11.644649445053222	16.82036543616031	7.633072084274246	7.617617617617618	-6.801321426723219	1.682610270749955	1.004726362603555	7.078038254809603	-1.6965289277426832	-6.795523611555125	0.006171569067691831	7.0040980608594925
11.576404964410543	16.836525770527064	7.643130018017134	7.627627627627628	-6.817623616203675	1.614417403238904	1.004787580914522	7.07784807740734	-1.6285887290975358	-6.8124674643539995	0.006115709265598148	7.0044308550606145
11.508004122186296	16.852001864466015	7.653188558921882	7.637637637637638	-6.833244138202214	1.5460617845011497	1.0048482363843703	7.077658685747327	-1.5604901476540272	-6.828726311901658	0.006059481437849914	7.004760471357932
11.439453757074856	16.866792157637104	7.663247701319654	7.647647647647648	-6.848181474632844	1.4775502877917737	1.0049083255374067	7.077470247566741	-1.492239909420004	-6.844298521266671	0.006002906388342135	7.005086596921131
11.370760722291894	16.8808951586575	7.6733074395087435	7.657657657657658	-6.862434174817902	1.4088898019374467	1.0049678450900366	7.07728292831203	-1.4238447484872367	-6.859182536847263	0.0059460033077208835	7.005408931428662
11.301931884898373	16.89430944525059	7.683367767756616	7.667667667667668	-6.876000855612802	1.3400872306500204	1.005026791962475	7.077096891007048	-1.3553114114105524	-6.873376871613888	0.005888792556590963	7.005727179887478
11.232974125123537	16.90703366438758	7.693428680301806	7.677677677677678	-6.888880201506128	1.2711494917851085	1.0050851632644628	7.076912296092343	-1.2866466547432078	-6.886880112604706	0.005831293068594825	7.006041057796546
11.163894335687143	16.9190665324219	7.703490171355701	7.687687687687688	-6.901070964695755	1.2020835166287036	1.0051429562840863	7.0767293012580845	-1.2178572426437795	-6.899690918124851	0.005773522660387422	7.006350288322614
11.094699421120472	16.93040683521643	7.713552235104471	7.697697697697698	-6.912571965210417	1.1328962491735053	1.0052001685021512	7.0765480613333755	-1.1489499514147417	-6.911808018774314	0.005715500584680779	7.006654604459662
11.025396297086886	16.941053428263444	7.723614865710775	7.707707707707708	-6.9233820909553065	1.0635946453966643	1.0052567975697335	7.076368728107467	-1.079931561914449	-6.923230217306421	0.0056572438514721065	7.0069537478601704
10.95599188970121	16.951005236797187	7.733678057315485	7.717717717717718	-6.933500297829023	0.9941856725208484	1.0053128413105767	7.076191450232592	-1.010808866684296	-6.933956390294003	0.005598769710238251	7.007247471988476
10.886493134848708	16.960261255899447	7.743741804039385	7.727727727727728	-6.94292560976492	0.924676308315767	1.0053682977176306	7.076016373069364	-0.9415886623961014	-6.943985484087642	0.005540095064679053	7.0075355371932355
10.816906977503177	16.968820550597783	7.75380609998479	7.737737737737738	-6.951657118818591	0.8550735403638494	1.005423164945952	7.07584363858201	-0.8722777544617591	-6.953316518396566	0.0054812361093054445	7.007817715229519
10.747240371044438	16.976682255956394	7.763870939237099	7.747747747747748	-6.9596939852280295	0.785384365325214	1.0054774413056085	7.07567338521861	-0.802882954302869	-6.961948586359675	0.005422208329683455	7.008093789167548
10.677500276575335	16.983845577159908	7.773936315866356	7.757757757757758	-6.967035437463315	0.7156157882310306	1.0055311252628296	7.075505747796938	-0.7334110783050645	-6.9698808517089335	0.005363027326394112	7.008363550705796
10.607693662238127	16.99030978958997	7.784002223928702	7.767767767767768	-6.973680772287128	0.6457748217630398	1.0055842154283854	7.075340857408143	-0.6638689488989099	-6.977112550152279	0.005303707539021343	7.008626801886247
10.537827502530497	16.996074238894295	7.794068657467801	7.777777777777778	-6.979629354792194	0.5758684855021967	1.0056367105559878	7.075178841307784	-0.5942633922560517	-6.983642992458226	0.005244263247481198	7.0088833581237155
10.467908777620975	17.001138341048893	7.804135610516228	7.787787787787788	-6.984880618461261	0.5059038052443918	1.005688609537855	7.075019822846485	-0.5246012405398297	-6.989471557754711	0.005184708288532615	7.00913304192737
10.397944472664197	17.00550158241279	7.814203077096771	7.797797797797798	-6.989434065182188	0.4358878122533534	1.0057399113961933	7.0748639213609925	-0.45488932742055765	-6.994597699804743	0.00512505564800101	7.009375688926249
10.3279415771157	17.009163519775733	7.824271051223753	7.807807807807808	-6.99328926529479	0.36582754255791283	1.0057906152855036	7.07471125211324	-0.3851344912489164	-6.999020942574513	0.0050653185420967105	7.00961114387939
10.257907084046577	17.012123780398387	7.834339526904169	7.817817817817818	-6.996445857605392	0.2957300362031323	1.0058407204735942	7.074561926202865	-0.3153435718291457	-7.002740884842575	0.005005508290247509	7.009839265179551
10.187847989457723	17.01438206204581	7.84440849813897	7.827827827827828	-6.998903549426579	0.2256023365777385	1.0058902263565752	7.074416050524947	-0.2455234129366415	-7.005757192576843	0.004945637709804586	7.01005991750246
10.117771291594265	17.015938133013154	7.854477958924097	7.837837837837838	-7.00066211655945	0.15545148963756616	1.0059391324341926	7.074273727671529	-0.17568085657381657	-7.008069609323219	0.0048857171539810305	7.01027298203988
10.047683990259488	17.016791832144676	7.864547903251578	7.847847847847848	-7.001721403344194	0.08528454323902575	1.0059874383154173	7.074135055921119	-0.10582274979593519	-7.00967794521419	0.004825757534339494	7.010478345871443
9.97759308612902	17.016943068845332	7.874618325110573	7.857857857857858	-7.002081322633826	0.015108546395554262	1.0060351437135657	7.0740001291587795	-0.03595593703418959	-7.010582084662804	0.004765769275031919	7.01067590947976
9.907505580064864	17.016391823085176	7.884689218488326	7.867867867867868	-7.00174185580909	-0.05506945143967032	1.006082248437516	7.073869036849062	0.03391273579108881	-7.010781983738937	0.004705761922635833	7.010865584317144
9.837428472429528	17.0151381453968	7.894760577371119	7.877877877877878	-7.0007030527701275	-0.12524240106865467	1.006128752390997	7.073741863998028	0.10377642359237921	-7.010277667935539	0.004645744952745547	7.011047290569044
9.767368762400249	17.013182156865383	7.904832395745097	7.887887887887888	-6.998965031924932	-0.1954032542885902	1.0061746555604327	7.07361869112173	0.17362828243501702	-7.009069236671563	0.0045857266266321264	7.011220961701729
9.697333447283413	17.0105240491119	7.914904667597163	7.897897897897898	-6.996527980171966	-0.265544964572937	1.006219958021421	7.073499594222077	0.243461470121297	-7.007156857406249	0.004525715852733959	7.011386538612246
9.6273295218292	17.007164084268876	7.924977386915716	7.907907907907908	-6.9933921528758445	-0.3356604878181675	1.006264659923381	7.073384644765085	0.31326914688255975	-7.004540772198525	0.004465720005808251	7.011543976217736
9.557363977546345	17.003102594949343	7.93505054769139	7.917917917917918	-6.9895578738572235	-0.40574278302130096	1.00630876148991	7.073273909684591	0.383044473960237	-7.001221290793036	0.004405746496236908	7.011693236464882
9.487443802017484	16.998339984208506	7.945124143917793	7.927927927927928	-6.98502553533317	-0.47578481300961123	1.0063522630176294	7.073167451349341	0.45278061855293844	-6.997198795832198	0.00434580261916502	7.011834293744623
9.417575978214641	16.992876725498412	7.955198169592085	7.937937937937938	-6.979795597904036	-0.5457795451383918	1.006395164861721	7.073065327583866	0.5224707491705114	-6.992473739665179	0.004285894224763333	7.011967131450007
9.347767483815261	16.986713362615603	7.965272618715622	7.947947947947948	-6.973868590498084	-0.6157199519926246	1.0064374674414298	7.072967591661046	0.5921080398546139	-6.987046644737865	0.004226027712901083	7.012091742548251
9.278025290518716	16.979850509641565	7.975347485294521	7.957957957957958	-6.967245110324822	-0.6855990121063956	1.0064791712319883	7.072874292313574	0.6616856693088161	-6.980918105365724	0.004166208676789763	7.012208131258396
9.20835636336334	16.972288850876353	7.985422763340152	7.967967967967968	-6.959925822822118	-0.7554097106446878	1.0065202767584949	7.072785473747131	0.7311968215201462	-6.974088783975387	0.004106442098009523	7.0123163092832
9.138767660044033	16.964029140764964	7.9954984468696315	7.977977977977978	-6.951911461598705	-0.8251450401277655	1.0065607845950264	7.0727011756640366	0.8006346862189736	-6.966559415359464	0.004046732869500215	7.012416300003692
9.069266130230613	16.95507220381698	8.005574529906243	7.987987987987988	-6.943202828360711	-0.8947980011037401	1.006600695357451	7.072621433275609	0.8699924604755988	-6.958330801499867	0.003987085166206429	7.012508133416623
8.999858714886674	16.945418934518926	8.01565100647985	7.997997997997998	-6.933800792859488	-0.9643616028754387	1.0066400097033392	7.072546277352655	0.9392633465721762	-6.949403816992695	0.003927503154244218	7.012591851172263
8.930552345589476	16.935070297240053	8.025727870627248	8.008008008008009	-6.923706292789492	-1.033828864159391	1.0066787283250433	7.072475734228011	1.0084405569924795	-6.939779402266211	0.0038679903082418222	7.012667500349257
8.861353943850407	16.92402732613064	8.035805116392472	8.018018018018019	-6.9129203337329725	-1.1031928138301919	1.0067168519458842	7.072409825866796	1.0775173097463284	-6.929458572113018	0.0038085497220038855	7.012735141190243
8.792270420436473	16.91229112501399	8.045882737827084	8.028028028028029	-6.9014439890519625	-1.1724464915534654	1.006754381317661	7.0723485698797255	1.1464868336328993	-6.918442404555026	0.0037491842404924437	7.012794836669698
8.723308674692614	16.899862867270954	8.055960728990435	8.038038038038039	-6.8892783998115545	-1.2415829485292655	1.0067913172187937	7.072291979593025	1.2153423651167599	-6.9067320518824395	0.0036898965231606973	7.012846662824175
8.654475593865106	16.8867437957179	8.066039083949844	8.048048048048049	-6.876424774668045	-1.310595248149987	1.0068276604450046	7.072240064080049	1.284077151836568	-6.894328732110072	0.003630688298472219	7.012890700714272
8.585778052425932	16.872935222477736	8.07611779678083	8.058058058058059	-6.862884389773546	-1.3794764666925439	1.00686341181544	7.072192828225811	1.3526844509604774	-6.881233732401438	0.003571561906499744	7.012927039394045
8.517222911398251	16.858438528844005	8.08619686156719	8.068068068068069	-6.848658588665247	-1.4482196940097458	1.006898572157409	7.072150272783276	1.4211575307191113	-6.867448408988477	0.003512518162707369	7.012955775920867
8.448817017683133	16.843255165138263	8.096276272401186	8.078078078078079	-6.833748782140309	-1.5168180342035735	1.0069331423161447	7.072112394425305	1.4894896718412853	-6.852974185363391	0.003453558857691165	7.0129770137116285
8.380567203387335	16.827386650560484	8.106356023383555	8.088088088088089	-6.81815644815028	-1.5852646063201052	1.006967123138654	7.072079185825524	1.5576741656039215	-6.837812554441521	0.0033946841686873573	7.012990864085633
8.31248028515246	16.810834573032814	8.11643610862362	8.098098098098099	-6.8018831316639154	-1.653552545014274	1.007000515482592	7.072050635715182	1.625704316987785	-6.821965075547468	0.0033358951594016704	7.0129974437795575
8.24456306348547	16.79360058903663	8.12651652223934	8.108108108108109	-6.784930444532313	-1.7216750012188853	1.0070333202104047	7.072026728949594	1.6935734444470543	-6.805433374840662	0.0032771923084828247	7.012996875168336
8.176822322090501	16.77568642344251	8.136597258357202	8.118118118118119	-6.767300065357416	-1.7896251428523182	1.007065538174423	7.0720074465949345	1.7612748795722402	-6.788219149179953	0.0032185746054181463	7.012989289734307
8.109264827202212	16.75709386933388	8.146678311112323	8.128128128128129	-6.748993739340106	-1.857396155452407	1.0070971702365605	7.071992765991762	1.8288019691292667	-6.770324158748871	0.003160043007549441	7.012974821194035
8.041897326920568	16.737824787823573	8.156759674648313	8.138138138138139	-6.730013278136289	-1.9249812428795299	1.007128217245422	7.071982660845594	1.8961480742613546	-6.751750233969578	0.0031015961852501007	7.0129536118052425
7.974726550547237	16.71788110786415	8.16684134311722	8.148148148148149	-6.7103605596957605	-1.9923736279462285	1.0071586800437555	7.071977101295188	1.9633065722087661	-6.732499268163197	0.0030432335535296685	7.012925805508467
7.907759207923589	16.6972648260511	8.176923310679511	8.158158158158159	-6.690037528102405	-2.0595665531238483	1.0071885594728895	7.071976054010509	2.0302708561762453	-6.712573225244217	0.002984954970488253	7.012891555104809
7.841001988770385	16.6759780064197	8.187005571503814	8.168168168168169	-6.66904619340508	-2.126553281176772	1.007217856347889	7.071979482266653	2.097034336262719	-6.691974132487082	0.0029267578124529746	7.012851015332662
7.7744615620292645	16.654022780235184	8.197088119766875	8.178178178178179	-6.647388631437939	-2.1933270958332107	1.0072465714797374	7.071987346032527	2.163590440517439	-6.67070408417823	0.0028686416716474216	7.0128043464847645
7.7081445752058855	16.63140134577625	8.207170949653424	8.188188188188189	-6.62506698365557	-2.2598813024474795	1.0072747056662859	7.071999602075069	2.229932613458653	-6.6487652407654565	0.0028106052361907895	7.012751712906944
7.642057653715125	16.608115968112152	8.217254055355907	8.198198198198199	-6.602083456926971	-2.326209228643457	1.0073022596780574	7.0720162040260695	2.29605432018699	-6.626159826978154	0.002752645775979735	7.012693282253778
7.576207400228084	16.584168978873038	8.227337431074377	8.208208208208209	-6.57844032335543	-2.3923042249875097	1.0073292342751046	7.072037102495083	2.361949043796971	-6.602890134770866	0.002694762245009975	7.012629227265006
7.510600394021068	16.559562776014	8.237421071016255	8.218218218218219	-6.554139920080832	-2.458159665617756	1.007355630193701	7.072062245155236	2.4276102871323335	-6.578958518961584	0.0026369522677837107	7.012559721950693
7.445243190326669	16.53429982357249	8.247504969396063	8.228228228228229	-6.5291846490705305	-2.5237689489070494	1.0073814481427916	7.072091576838349	2.49303157392913	-6.554367400600434	0.0025792131141532345	7.012484944939385
7.380142319686991	16.50838265141934	8.257589120435295	8.238238238238239	-6.503576976903819	-2.5891254980997007	1.007406688819254	7.072125039625729	2.558206449454486	-6.529119264345869	0.0025215435786016603	7.012405077023495
7.315304287308891	16.481813855003203	8.267673518362082	8.248248248248249	-6.477319434572207	-2.6542227619719725	1.0074313528860719	7.072162572964143	2.623128478928021	-6.503216660839952	0.0024639402750963333	7.012320302566851
7.250735572421592	16.454596095088792	8.277758157410927	8.258258258258259	-6.450414617241182	-2.7190542154496375	1.0074554409796093	7.072204113742234	2.6877912513694104	-6.4766622024187415	0.002406400544384036	7.0122308066649595
7.1864426276365645	16.426732097488607	8.287843031822495	8.268268268268269	-6.422865184024211	-2.7836133602585367	1.0074789537156459	7.072249596397186	2.752188378375427	-6.449458566409025	0.0023489223300587232	7.012136777568421
7.122431878309686	16.398224652788254	8.297928135843247	8.278278278278279	-6.394673857755159	-2.847893725565204	1.0075018916730498	7.072298953020558	2.8163134942782366	-6.421608494136061	0.0022915019446530633	7.012038405556209
7.058709721905865	16.369076616065634	8.308013463725269	8.288288288288289	-6.365843424741704	-2.911888868589806	1.007524255414008	7.07235211344797	2.8801602580442003	-6.39311478815776	0.0022341377217250723	7.01193588090693
6.995282527366133	16.339290906603516	8.31809900972583	8.298298298298299	-6.336376734519207	-2.9755923752655784	1.0075460454559884	7.072409005367898	2.943722353227466	-6.363980316909654	0.002176825193834931	7.01182939791553
6.932156634477321	16.308870507596158	8.328184768107192	8.308308308308309	-6.30627669959233	-3.0389978608350807	1.0075672622981804	7.072469554408586	3.006993489194965	-6.334208008393284	0.0021195625349836886	7.0117191494097835
6.86933835324421	16.277818465849474	8.338270733136223	8.318318318318319	-6.275546295187842	-3.102098970493663	1.0075879064002002	7.072533684254012	3.069967400008423	-6.303800854892373	0.0020623457917831275	7.011605330345287
6.806833963264424	16.24613789147504	8.348356899084132	8.328328328328329	-6.244188558980615	-3.164889380005952	1.0076079781961105	7.072601316736532	3.132637847101938	-6.272761910277683	0.002005172411432677	7.011488136254841
6.744649713106083	16.213831957577913	8.358443260226101	8.338338338338339	-6.2122065908182185	-3.227362796323054	1.007627478082707	7.072672371931475	3.1949986194234126	-6.2410942900784825	0.0019480386709955784	7.011367763184471
6.682791819688131	16.180903899938308	8.368529810841002	8.348348348348349	-6.179603552453485	-3.2895129581965565	1.0076464064285706	7.072746768266711	3.257043532636883	-6.2088011711629045	0.0018909417517725575	7.011244406821539
6.621266467663533	16.147357016687074	8.378616545211054	8.358358358358359	-6.146382667257295	-3.351333636798212	1.0076647635682092	7.072824422621631	3.3187664310993976	-6.175885792305366	0.0018338782498964262	7.011118263651023
6.560079808805508	16.113194667975215	8.388703457621448	8.368368368368369	-6.112547219916721	-3.4128186363147788	1.0076825497983333	7.072905250408573	3.3801611893233634	-6.142351451705039	0.0017768443893926517	7.0109895292495565
6.499237961396528	16.0784202756372	8.398790542360096	8.378378378378379	-6.078100556157128	-3.4739617945677046	1.0076997653909854	7.072989165695273	3.4412217095832576	-6.108201509467292	0.0017198377059456822	7.01085839912684
6.438747009620423	16.04303732284821	8.408877793717213	8.388388388388389	-6.043046082432867	-3.534756983620031	1.0077164105759742	7.0730760812960245	3.5019419250537043	-6.073439386327409	0.0016628539803795089	7.010725068844538
6.3786130029577075	16.00704935377567	8.41896520598508	8.398398398398399	-6.007387265605271	-3.5951981103467454	1.0077324855598606	7.073165908845192	3.5623158010768834	-6.038068559998773	0.0016058908902562901	7.01058973130886
6.318841955583793	15.970459973224367	8.429052773457663	8.408408408408409	-5.971127632654025	-3.655279117075227	1.0077479905110525	7.07325855893518	3.6223373318294225	-6.002092572175314	0.0015489446240655185	7.010452580950578
6.259439845770723	15.933272846276097	8.439140490430251	8.418418418418419	-5.93427077032571	-3.714993982132172	1.0077629255615783	7.073353941162337	3.6820005465987338	-5.9655150191887865	0.0014920115475329126	7.01031380862646
6.200412615291702	15.895491697922775	8.44922835119914	8.428428428428429	-5.896820324854214	-3.7743367204968163	1.007777290812057	7.073451964294442	3.741299502602441	-5.9283395626279916	0.0014350885228230808	7.010173606799805
6.141766168829699	15.857120312694617	8.45931635006142	8.438438438438439	-5.858780001554091	-3.8333013842930272	1.0077910863416348	7.073552536253806	3.8002282976822195	-5.890569913241471	0.0013781734048231358	7.010032162312258
6.083506373388751	15.818162534281516	8.46940448131446	8.448448448448449	-5.820153564550735	-3.891882063468791	1.0078043121787053	7.07365556431388	3.8587810566352654	-5.852209849658796	0.0013212611233348163	7.009889664839352
6.025639057708986	15.778622265149224	8.479492739255797	8.458458458458459	-5.780944836408514	-3.950072886315986	1.007816968339594	7.073760955141203	3.916951941407933	-5.813263202434784	0.0012643504727968718	7.009746298594822
5.968170011685228	15.738503466149394	8.489581118182667	8.468468468468469	-5.7411576977734615	-4.007868020082969	1.0078290547943112	7.073868614894883	3.9747351496417305	-5.773733863321635	0.0012074368262346984	7.009602249212728
5.911104985789109	15.697810156124358	8.499669612391777	8.478478478478479	-5.700796087022263	-4.065261671501093	1.0078405714901515	7.073978449297524	4.032124914044763	-5.733625776670603	0.0011505179144478688	7.009457696074179
5.854449690494808	15.65654641150559	8.509758216178986	8.488488488488489	-5.6598639999006854	-4.122248087415039	1.0078515183421124	7.074090363756547	4.089115503445569	-5.692942949803134	0.0010935905108941494	7.009312821252332
5.798209795708469	15.614716365907137	8.519846923839049	8.498498498498499	-5.618365489155263	-4.1788215552853725	1.0078618952403473	7.074204263415496	4.145701223467725	-5.651689440246348	0.0010366521336674598	7.0091677992399015
5.742390930201459	15.572324209712827	8.529935729665224	8.508508508508509	-5.576304664150255	-4.234976403811606	1.0078717020349046	7.074320053265028	4.201876418000263	-5.609869367770732	0.0009796987762752622	7.009022807453889
5.686998681047371	15.529374189658492	8.540024627949132	8.518518518518519	-5.533685690493384	-4.290707003428014	1.007880938562345	7.074437638198161	4.2576354683213875	-5.56748690167913	0.0009227290913007783	7.008878015267918
5.632038593062898	15.485870608408083	8.550113612980395	8.528528528528529	-5.490512789648893	-4.346007766915859	1.007889604623206	7.074556923122363	4.312972794364718	-5.524546272435747	0.0008657394800057009	7.008733593932556
5.57751616825268	15.441817824124655	8.560202679046395	8.538538538538539	-5.446790238540743	-4.400873149914477	1.0078976999933578	7.074677813014017	4.367882855704191	-5.481051761561949	0.0008087274781632072	7.0085897089297555
5.523436865258164	15.397220250035758	8.570291820432043	8.548548548548549	-5.4025223691521855	-4.455297651480798	1.0079052244263114	7.074800213002902	4.422360151916866	-5.437007706475464	0.0007516908520644797	7.008446523914904
5.4698060988104045	15.35208235399327	8.580381031419494	8.558558558558559	-5.357713568131181	-4.509275814644616	1.0079121776462967	7.074924028463028	4.476399221998383	-5.392418500065451	0.000694626676535415	7.008304199809115
5.41662923918713	15.306408658028156	8.590470306287935	8.568568568568569	-5.312368276365119	-4.562802226914874	1.007918559357314	7.075049165056506	4.529994647429524	-5.3472885857987436	0.0006375329306172131	7.008162892798789
5.363911611673887	15.260203737899497	8.6005596393134	8.578578578578579	-5.266490988572938	-4.615871520853031	1.0079243692438427	7.075175528837262	4.583141050438898	-5.3016224644219045	0.0005804076642233815	7.008022758264574
5.3116584960293665	15.213472222638485	8.610649024768449	8.588588588588589	-5.220086252887645	-4.668478374575094	1.0079296069594847	7.075303026305473	4.635833094960774	-5.255424686834071	0.000523247792645032	7.007883945750446
5.259875125955168	15.166218794086955	8.620738456922078	8.598598598598599	-5.173158670412413	-4.72061751229783	1.0079342721475493	7.075431564480408	4.688065489275743	-5.20869985850131	0.00046605228764586855	7.007746603930148
5.208566688569726	15.118448186430843	8.630827930039425	8.608608608608609	-5.125712894805679	-4.772283704845587	1.0079383644229527	7.07556105096886	4.739832983112652	-5.161452635520955	0.0004088183128029944	7.007610875588142
5.157738323886807	15.070165185728463	8.640917438381722	8.618618618618619	-5.0777536318235725	-4.823471770167765	1.0079418833954645	7.075691394019783	4.791130371912475	-5.113687725685552	0.0003515453539317149	7.007476901144476
5.107395124298287	15.0213746294334	8.65100697620596	8.62862862862863	-5.029285638893212	-4.874176573876864	1.0079448286413148	7.0758225026135495	4.84195249374303	-5.065409890538983	0.0002942300604466209	7.007344817932526
5.057542134061621	14.972081405912602	8.661096537764832	8.63863863863864	-4.980313724642891	-4.924393029727623	1.0079471997314102	7.075954286493288	4.892294233607036	-5.016623939490888	0.00023687190052812398	7.007214758701636
5.008184348791725	14.92229045395925	8.671186117306583	8.64864864864865	-4.930842748462599	-4.974116100139992	1.0079489962208634	7.0760866562472735	4.942150520411222	-4.967334734195621	0.00017946929637453486	7.007086852619741
4.95932671495758	14.872006762300579	8.681275709074809	8.65865865865866	-4.880877620031097	-5.023340796701154	1.007950217645799	7.076219523359547	4.991516330307065	-4.9175471864601095	0.00012202035107022895	7.006961225929027
4.910974129383472	14.821235369100927	8.691365307308425	8.66866866866867	-4.830423298853373	-5.072062180645199	1.0079508635382601	7.076352800259775	5.040386685654604	-4.867266256010098	6.452465686097588e-05	7.006837999553165
4.863131438754977	14.769981361459726	8.701454906241498	8.67867867867868	-4.7794847937866525	-5.12027536335604	1.0079509334139638	7.076486400382519	5.088756656165367	-4.816496952812992	6.980582796400905e-06	7.006717291440615
4.8158034391297	14.718249874904417	8.711544500103132	8.68868868868869	-4.728067162565163	-5.167975506875295	1.0079504267772696	7.076620238237349	5.1366213590267655	-4.765244337573576	-5.061300574589202e-05	7.0065992168347035
4.768994875452953	14.666046092878991	8.721634083117431	8.6986986986987	-4.676175511307073	-5.2151578243400785	1.0079493431284559	7.076754229421606	5.183975960683241	-4.713513514731886	-0.00010825651649795102	7.0064838846757755
4.722710441078183	14.613375246227411	8.731723649503381	8.70870870870871	-4.623814994039517	-5.261817580492838	1.007947681956443	7.076888290700195	5.230815675028855	-4.661309639660723	-0.00016595108408217212	7.006371401122076
4.676954777292496	14.560242612672358	8.741813193474833	8.71871871871872	-4.570990812190096	-5.307950092149845	1.0079454427480228	7.0770223400407835	5.277135766757166	-4.608637914534961	-0.00022369692118202617	7.006261869079489
4.631732472847022	14.506653516289244	8.751902709240424	8.72872872872873	-4.517708214102858	-5.35355072867305	1.007942624982533	7.077156296670638	5.322931548915057	-4.555503588668193	-0.00028149477243366594	7.006155386518582
4.587048063492523	14.452613326975884	8.761992191003559	8.73873873873874	-4.463972494514532	-5.3986149124046845	1.0079392281371824	7.077290081086002	5.368198386873804	-4.501911954790272	-0.0003393448505205622	7.006052046957188
4.542906031519906	14.398127459917067	8.77208163296236	8.74874874874875	-4.409788994064385	-5.443138119175851	1.0079352516842106	7.077423615143036	5.412931694969617	-4.447868356439513	-0.00039724765188160494	7.005951941629937
4.499310805306019	14.343201375045036	8.782171029309719	8.75875875875876	-4.355163098767358	-5.48711587871592	1.0079306951011815	7.077556822057201	5.457126940173032	-4.393378178052894	-0.0004552026446084769	7.005855155779564
4.4562667588646665	14.287840576495254	8.792260374233264	8.76876876876877	-4.300100239491084	-5.53054377512315	1.007925557862109	7.077689626454126	5.500779641699738	-4.338446851082333	-0.0005132101833510873	7.005761772254977
4.413778211402736	14.23205061205782	8.802349661915343	8.77877877877878	-4.244605891446862	-5.5734174472996365	1.0079198394397653	7.07782195440841	5.543885369617806	-4.283079850430972	-0.0005712703921304298	7.0056718680637635
4.371849426881823	14.175837072624315	8.812438886533165	8.78878878878879	-4.188685573639175	-5.6157325894072	1.0079135393204095	7.077953733480351	5.586439748987958	-4.227282696545583	-0.0006293819236406375	7.005585518834806
4.330484613585031	14.119205591630603	8.822528042258721	8.7987987987988	-4.132344848349553	-5.657484951271815	1.0079066569830246	7.078084892733263	5.628438456433215	-4.17106095027508	-0.000687545504749876	7.005502792911068
4.289687923689303	14.062161844495048	8.832617123258913	8.80880880880881	-4.0755893205832665	-5.698670338841985	1.0078991919191935	7.078215362781861	5.66987722385203	-4.114420218259916	-0.0007457598767260268	7.005423757499597
4.249463452843159	14.004711548052784	8.842706123695644	8.81881881881882	-4.018424637529754	-5.739284614582161	1.0078911436293718	7.078345075799297	5.710751837045914	-4.057366146443601	-0.000804024153188321	7.005348473636747
4.2098152397499	13.946860459985428	8.852795037725869	8.82882882882883	-3.960856488016592	-5.779323697928817	1.007882511619516	7.078473965575717	5.751058136364855	-3.9999044263309314	-0.0008623377845935479	7.005277000323159
4.170747265756425	13.888614378247095	8.862883859501677	8.83883883883884	-3.902890601948104	-5.818783565659558	1.007873295403214	7.078601967504002	5.790792018241971	-3.9420407863010665	-0.000920700008581932	7.005209390666674
4.13226345444756	13.829979140486016	8.872972583170457	8.84884884884885	-3.844532749755684	-5.857660252331798	1.007863494511089	7.0787290186346254	5.829949434022778	-3.8837809985567864	-0.0009791091232864261	7.005145694892287
4.094367671246088	13.770960623462217	8.883061202874982	8.85885885885886	-3.785788741827001	-5.8959498506774235	1.0078531084821047	7.0788550576858285	5.868526392075429	-3.8251308747279675	-0.0010375642955193112	7.005085959488482
4.057063723018476	13.71156474246133	8.893149712753596	8.86886886886887	-3.7266644279384917	-5.933648511988591	1.007842136873504	7.078980025056173	5.906518957462065	-3.7660962649856238	-0.0010960636992150888	7.005030226441073
4.020355357686209	13.651797450704391	8.903238106940305	8.87887887887888	-3.667165696693437	-5.970752446518248	1.0078305792522886	7.079103862854726	5.9439232513809745	-3.706683059512768	-0.0011546063594192416	7.004978533521866
3.9842462638430844	13.59166473875372	8.91332637956501	8.88888888888889	-3.607298474928144	-6.00725792387214	1.0078184352079984	7.079226514915921	5.9807354543527635	-3.6468971876537655	-0.001213190024588418	7.004930916440157
3.948740070378148	13.531172633915295	8.92341452475362	8.8988988988989	-3.5470687271471406	-6.043161273358575	1.0078057043420627	7.079347926795975	6.016951803322245	-3.5867446136949166	-0.0012718135069737183	7.004887404154467
3.9138403461045757	13.470327199636898	8.933502536628312	8.90890890890891	-3.4864824549298903	-6.078458884411846	1.0077923862818192	7.07946804582568	6.05256859450331	-3.5262313442217748	-0.001330474218327327	7.004848025068175
3.879550599394456	13.409134534903085	8.943590409307687	8.91891891891892	-3.425545696340964	-6.1131472069079225	1.0077784806695127	7.079586821075562	6.0875821830337316	-3.4653634173580055	-0.0013891706694213028	7.004812801163785
3.845874277819505	13.347600773626182	8.953678136906992	8.92892892892893	-3.364264525337599	-6.147222751562669	1.007763987170635	7.079704203398104	6.12198898323616	-3.4041469110091978	-0.0014479005378843506	7.00478175241844
3.812814767797734	13.28573208403388	8.963765713538416	8.93893893893894	-3.302645051174901	-6.1806820902709685	1.007748905479248	7.079820145423257	6.155785468853563	-3.3425879369591027	-0.0015066609695699512	7.004754893990258
3.7803753942461986	13.22353466805313	8.973853133311241	8.94894894894895	-3.2406934177984064	-6.213521856476896	1.007733235305208	7.0799346015776665	6.188968174311798	-3.2806926439721296	-0.0015654503865876863	7.004732238814848
3.7485594202397445	13.161014760690907	8.983940390332156	8.95895895895896	-3.1784158032447642	-6.245738745486048	1.0077169763894263	7.080047528066824	6.2215336939088495	-3.21846721201434	-0.0016242656865937738	7.004713794117035
3.7173700466759416	13.098178629411178	8.9940274787055	8.96896896896897	-3.115818419023912	-6.27732951484495	1.0077001284969485	7.080158882909688	6.253478683663142	-3.1559178589542594	-0.0016831044585322592	7.00469956617244
3.6868104119460967	13.035032573508994	9.004114392533577	8.97897897897898	-3.0529075095115075	-6.308290984628176	1.0076826914249397	7.08026862590469	6.284799860289214	-3.0930508313442897	-0.0017419634936732603	7.004689555120037
3.656883591612431	12.971582923480765	9.014201125916927	8.98898898898899	-2.9896893513331904	-6.338620037820068	1.007664664996652	7.080376718679026	6.315494002013881	-3.029872413869995	-0.0018008401859344275	7.0046837599444185
3.627592598091571	12.907836040391834	9.024287672954596	8.998998998999	-2.9261702527339435	-6.368313620584293	1.007646049063198	7.080483124638962	6.345557950064764	-2.9663889181461074	-0.001859731752063732	7.004682174797965
3.598940380344183	12.843798315240624	9.034374027744562	9.00900900900901	-2.8623565529640422	-6.397368742605801	1.0076268435175706	7.080587808998848	6.374988607013138	-2.9026066899486564	-0.0019186340081771343	7.00468479071246
3.5709298235709657	12.779476168319619	9.04446018438393	9.01901901901902	-2.798254621644419	-6.4257824774084815	1.0076070482728152	7.080690738780595	6.403782938830356	-2.838532106787783	-0.001977544951061639	7.004691596323416
3.543563748914955	12.714876048573664	9.05454613696935	9.02902902902903	-2.7338708581354485	-6.45355196262081	1.0075866632835027	7.080791882779492	6.4319379745461625	-2.774171572711593	-0.0020364604323248165	7.004702575443243
3.516844913170177	12.650004432954889	9.064631879597373	9.03903903903904	-2.66921169090333	-6.480674400315688	1.007565688539518	7.080891211597889	6.459450806488652	-2.7095315257183117	-0.0020953769240784855	7.004717710294452
3.4907760084967125	12.584867825775005	9.074717406364796	9.04904904904905	-2.604283576879111	-6.507147057270415	1.0075441240655274	7.08098869761026	6.486318591019486	-2.6446184297772395	-0.0021542909516496962	7.0047369789515965
3.465359662142167	12.519472758054619	9.084802711369028	9.05905905905906	-2.5390930008190833	-6.532967265266592	1.0075219699227542	7.081084314971143	6.512538548396753	-2.5794387788180955	-0.002213198863040545	7.00476035680547
3.440598436169645	12.453825786869867	9.094887788708478	9.06906906906907	-2.473646474654977	-6.558132421356665	1.0074992262111073	7.081178039594712	6.538107963794209	-2.5139990933982683	-0.002272096793525292	7.004787816219733
3.4164948271921687	12.387933494696304	9.104972632482985	9.07907907907908	-2.4079505368498744	-6.582639988138986	1.0074758930732632	7.081269849150348	6.563024186729766	-2.4483059215539043	-0.0023309804706239676	7.004819326334247
3.3930512661136376	12.32180248875	9.11505723679416	9.08908908908909	-2.3420117517452548	-6.606487494035711	1.0074519706863245	7.081359723061869	6.5872846319514995	-2.382365839082775	-0.002389846455177414	7.004854853952297
3.370270117876352	12.255439400326306	9.125141595745898	9.0990990990991	-2.275836708904844	-6.629672533527042	1.0074274592786803	7.081447642474695	6.610886779757026	-2.3161854451840447	-0.0024486896236612272	7.004894362324781
3.3481536812151536	12.188850884135908	9.135225703444704	9.10910910910911	-2.2094320224537145	-6.652192767420792	1.007402359110661	7.081533590255089	6.633828176467851	-2.2497713659856053	-0.0025075067851356944	7.004937812835871
3.3267041884180935	12.12204361763854	9.145309554000196	9.11911911911912	-2.1428043304263045	-6.674045923086978	1.0073766704937057	7.081617550971149	6.656106433538265	-2.183130251051966	-0.0025662928338222157	7.004985162975481
3.305923805093791	12.05502430037412	9.155393141525531	9.12912912912913	-2.0759602940978024	-6.695229794715672	1.007350393780956	7.081699510892124	6.677719229217363	-2.1162687757065597	-0.0026250436036934673	7.005036368652471
3.285814629945553	11.98779965329184	9.165476460137889	9.13913913913914	-2.008906597309006	-6.715742243519834	1.0073235293745317	7.081779457942758	6.69866430920077	-2.0491936355357767	-0.002683754201787415	7.005091383116795
3.266378694551951	11.92037641807676	9.175559503958876	9.14914914914915	-1.9416499458208183	-6.735581197986415	1.0072960777166586	7.08185738171544	6.718939483669944	-1.9819115512113887	-0.002742420621522791	7.005150155629424
3.2476179631544535	11.852761356474325	9.185642267115071	9.15915915915916	-1.8741970666100074	-6.7547446540832725	1.0072680393038638	7.081933273433121	6.7385426331600105	-1.9144292640761027	-0.0028010374382067002	7.005212635736102
3.229534332451476	11.784961249612728	9.19572474373852	9.16916916916917	-1.8065547072274721	-6.773230675473541	1.007239414682541	7.082007125940465	6.757471702315275	-1.8467535368878185	-0.002859599670148084	7.005278767537352
3.212129631399466	11.716982897323257	9.20580692796711	9.17917917917918	-1.7387296350957748	-6.791037393718113	1.0072102044361722	7.0820789336718315	6.775724705956563	-1.7788911526327906	-0.0029181036122447167	7.005348495196657
3.1954056210206314	11.648833117458551	9.215888813945206	9.18918918918919	-1.6707286368455814	-6.808163008484148	1.007180409211769	7.082148692647437	6.793299725194329	-1.710848915126855	-0.0029765429178647785	7.005421759360662
3.1793639942175353	11.580518745208941	9.225970395824158	9.1991991991992	-1.6025585176292974	-6.8246057877360204	1.0071500297072746	7.08221640044736	6.810194909706776	-1.6426336472620564	-0.003034912498997656	7.005498498894093
3.164006375594573	11.51204663241722	9.236051667762693	9.20920920920921	-1.534226100433952	-6.840364067892902	1.007119066659672	7.082282056159762	6.826408477815012	-1.5742521876724755	-0.0030932084554925474	7.005578650212614
3.149334321286276	11.443423646891137	9.24613262392759	9.21921921921922	-1.4657382253988698	-6.855436254055731	1.007087520873201	7.082345660409102	6.841938716004708	-1.5057113976666303	-0.003151424068455012	7.005662148441146
3.1353493187924792	11.374656671714588	9.256213258494148	9.22922922922923	-1.3971017491302846	-6.869820820137287	1.007055393199128	7.082407215289593	6.856783979231659	-1.4370181515474032	-0.0032095546399050446	7.005748925487242
3.122052786820523	11.305752604556956	9.266293565646722	9.23923923923924	-1.3283235439984287	-6.883516309047459	1.0070226845421337	7.082466724358494	6.870942692672412	-1.368179342126197	-0.003267594833723498	7.005838913034276
3.109446075134141	11.23671835698087	9.276373539579325	9.24924924924925	-1.2594104974695788	-6.896521332851005	1.0069893958670582	7.082524192616237	6.884413348232106	-1.2992018779742858	-0.0033255386400495644	7.005932038512475
3.0975304644096378	11.167560853748661	9.286453174496112	9.25925925925926	-1.190369511377859	-6.9088345728976295	1.0069555281870088	7.0825796264517855	6.897194510562813	-1.2300926806577532	-0.0033833812369266094	7.006028230517929
3.0863071660986465	11.098287032126954	9.296532464612064	9.26926926926927	-1.1212075012680238	-6.92045478000849	1.006921082583593	7.0826330336671655	6.909284809972532	-1.1608586903749791	-0.0034411157812395577	7.006127412887529
3.075777322298242	11.02890384119048	9.306611404153427	9.27927927927928	-1.0519313956604268	-6.931380774553749	1.0068860601822491	7.0826844233820525	6.920682950198943	-1.0915068550713634	-0.0034987378942554336	7.006229510443472
3.065942005627747	10.959418241123926	9.316689987358403	9.28928928928929	-0.9825481353824485	-6.941611446648838	1.0068504621770926	7.082733806079113	6.931387701770041	-1.0220441422993791	-0.00355624071513554	7.006334444479901
3.0568022191127735	10.889837202523175	9.326768208477674	9.2992992992993	-0.913064672845841	-6.951145756214976	1.0068142898151213	7.082781193508697	6.941397907407084	-0.9524775256572298	-0.0036136189609315985	7.00644213592602
3.048358896076143	10.8201677056949	9.33684606177503	9.30930930930931	-0.8434879713593907	-6.959982733144736	1.0067775444059754	7.082826598711914	6.950712478496392	-0.8828139952830064	-0.003670866373674265	7.00655250349649
3.0406129000359803	10.750416739955366	9.346923541527946	9.31931931931932	-0.7738250044122523	-6.968121477379414	1.0067402273162596	7.082870035957647	6.959330398019125	-0.8130605490443411	-0.0037279772626166675	7.006665465327981
3.0335650246107546	10.68059130292807	9.357000642028213	9.32932932932933	-0.7040827549800446	-6.975561159026866	1.0067023399766404	7.08291152073065	6.9672507182775565	-0.7432241965804562	-0.003784945227956117	7.006780937315806
3.027215993431464	10.610698399840548	9.36707735758253	9.33933933933934	-0.6342682148111133	-6.982301018443488	1.0066638838763458	7.082951069686819	6.9744725628762385	-0.6733119557205298	-0.003841764419433137	7.006898834661701
3.0215664600609085	10.54074504282008	9.377153682513168	9.34934934934935	-0.5643883837185183	-6.9883403663447785	1.0066248605706183	7.082988700646013	6.980995126150242	-0.603330855338906	-0.00389842824217428	7.00701907162241
3.016617007919989	10.470738250188948	9.38722961115852	9.35935935935936	-0.4944502688778324	-6.993678583850052	1.0065852716707766	7.083024432524623	6.986817672584524	-0.5332879287768141	-0.0039549310941838795	7.007141560322473
3.0123681502211834	10.400685045758582	9.397305137873778	9.36936936936937	-0.42446088411069816	-6.9983151225935325	1.0065451188541545	7.083058285341896	6.991939538236712	-0.46319022047370995	-0.004011266380544122	7.0072662127935645
3.008820329909135	10.330592458123364	9.407380257031594	9.37937937937938	-0.35442724917362084	-7.002249504758245	1.0065044038658746	7.083090280156344	6.996360130214026	-0.39304477825477135	-0.004067427329167518	7.007392939840527
3.005973919608338	10.260467519953556	9.417454963022672	9.38938938938939	-0.28435638904964455	-7.005481323163857	1.0064631285087329	7.083120439060638	7.000078926385234	-0.3228586587206541	-0.004123408178457068	7.0075216511708724
3.003829221577918	10.190317267287927	9.427529250256406	9.3993993993994	-0.21425533323896365	-7.008010241296319	1.006421294649943	7.083148785128003	7.003095475487025	-0.2526389214329904	-0.004179202493118474	7.007652255152444
3.002386467673702	10.120148738825884	9.437603113161597	9.40940940940941	-0.14413111503116724	-7.009835993358078	1.006378904228589	7.083175342385285	7.0054093989588635	-0.1823926309697076	-0.004234803093243468	7.007784660819029
3.001645819317245	10.049968975219159	9.447676546187024	9.41941941941942	-0.07399077081004733	-7.010958384311914	1.0063359592401868	7.083200135784564	7.007020387689881	-0.11212685628822032	-0.004290204341389138	7.007918774590357
3.0016073674721717	9.979785018363259	9.457749543802187	9.42942942942943	-0.0038413393228266214	-7.011377289904363	1.0062924617547844	7.083223191165089	7.007928205573351	-0.04184866868563885	-0.004345398791704149	7.0080545037857656
3.0022711326275546	9.909603910688615	9.467822100497898	9.43943943943944	0.06631013902275289	-7.011092656696952	1.0062484139015235	7.0832445352258215	7.008132686723395	0.028434857420415502	-0.004400380540758155	7.008191753882473
3.003637064788558	9.839432694451697	9.477894210786966	9.44944944944945	0.1364566228842333	-7.010104502068146	1.0062038178778674	7.0832641954791615	7.007633737761895	0.09871664741764995	-0.004455142763248434	7.008330430808266
3.0057050434741894	9.769278411025946	9.487965869204906	9.45945945945946	0.20659107069458357	-7.008412914232519	1.0061586759522618	7.083282200227935	7.0064313362539945	0.1689896247791768	-0.004509678367995741	7.0084704394128625
3.0084748777222368	9.69914810019272	9.498037070310552	9.46946946946947	0.2767064413799285	-7.006018052239331	1.0061129904540214	7.083298578527159	7.004525531465961	0.23924671311945378	-0.004563981274222597	7.008611684251171
3.0119463061013474	9.62904879943224	9.508107808686812	9.47947947947948	0.3467956950731521	-7.00292014597182	1.0060667637884122	7.08331336015702	7.001916443953041	0.30948083612436533	-0.00461804389435523	7.008754069187878
3.0161189967303836	9.558987543214938	9.51817807894124	9.48948948948949	0.4168517938407212	-6.999119496108514	1.0060199984173104	7.083326575561096	6.998604266880153	0.3796849213443	-0.00467186057307183	7.008897498905982
3.020992547304795	9.488971362292519	9.52824787570684	9.4994994994995	0.4868677023836891	-6.994616474149673	1.0059726968835117	7.083338255861107	6.994589263442497	0.449851893688183	-0.004725423226492833	7.00904187604444
3.0265664851303353	9.419007282989861	9.53831719364265	9.50950950950951	0.5568363887714849	-6.989411522335483	1.005924861787309	7.08334843276666	6.989871770140803	0.5199746862375929	-0.004778726110633948	7.009187105047378
3.0328402671637655	9.349102326496784	9.548386027434494	9.51951951951952	0.6267508251396781	-6.983505153658476	1.0058764958053026	7.083357138589111	6.984452193182499	0.5900462308329664	-0.00483176160245198	7.009333088054255
3.0398132800609505	9.279263508160644	9.558454371795637	9.52952952952953	0.6966039884287811	-6.976897951780303	1.005827601678154	7.083364406166655	6.978331012581399	0.6600594676295369	-0.004884523302144241	7.0094797296611535
3.0474848402318875	9.209497836779105	9.568522221467534	9.53953953953954	0.7663888610766019	-6.969590571015759	1.0057781822224774	7.083370268862755	6.971508777517294	0.7300073383778862	-0.004937003622092597	7.009626931805359
3.0558541939031	9.13981231389368	9.578589571220412	9.54954954954955	0.8360984317541178	-6.961583736254	1.005728240312561	7.083374760509294	6.963986110683844	0.7998827926997473	-0.004989196800655684	7.009774598654321
3.0649205171870433	9.070213933083851	9.588656415854091	9.55955955955956	0.9057256960659471	-6.9528782429019245	1.0056777789045008	7.083377915381572	6.95576370475175	0.8696787858723527	-0.005041094665202729	7.009922632923535
3.0746829161587867	9.000709679261895	9.598722750198657	9.56956956956957	0.9752636572771729	-6.943474956813375	1.0056268010221823	7.083379768163942	6.94684232500146	0.9393882802460577	-0.0050926904436240615	7.010070938656133
3.085140426939755	8.931306527968555	9.608788569115069	9.57957957957958	1.0447053270187383	-6.933374814204664	1.005575309749471	7.083380353907775	6.937222807182386	1.0090042466102354	-0.005143978143849039	7.010219419296382
3.0962920157886487	8.862011444669514	9.618853867495956	9.58958958958959	1.1140437260044667	-6.922578821574186	1.0055233082506216	7.083379708006103	6.926906058674265	1.0785196637847672	-0.005194949735058053	7.0103679788133375
3.1081365791995013	8.792831384052777	9.628918640266315	9.5995995995996	1.1832718847441757	-6.911088055612093	1.0054707997589198	7.08337786616089	6.915893058096931	1.1479275196130996	-0.005245598321009528	7.0105165214569
3.1206729440068677	8.72377328932725	9.638982882384166	9.60960960960961	1.2523828442559055	-6.898903663080154	1.0054177875733106	7.0833748643295795	6.904184855221815	1.217220813940699	-0.005295917342365987	7.0106649521785895
3.133899867498115	8.654844091522081	9.649046588841303	9.61961961961962	1.321369656775619	-6.886026860736334	1.0053642750679812	7.083370738724084	6.891782570719381	1.2863925541476344	-0.00534589928240379	7.010813175664935
3.147816037532847	8.586050708787527	9.65910975466395	9.62962962962963	1.3902253864697385	-6.8724589351820065	1.0053102656824238	7.083365525739469	6.878687396442537	1.3554357628773186	-0.005395537617188342	7.0109610979587105
3.162420072669385	8.517400045696718	9.669172374913526	9.63963963963964	1.4589431101401429	-6.858201242771802	1.0052557629326144	7.083359261952715	6.8649005946734025	1.424343471779427	-0.005444824705952824	7.011108624637332
3.1777105222983835	8.44889899254892	9.679234444687303	9.64964964964965	1.5275159179369289	-6.843255209465076	1.0052007704003665	7.083351984070472	6.850423498898922	1.493108727341967	-0.005493753971569594	7.011255662665853
3.1936858667835057	8.38055442467411	9.689295959119155	9.65965965965966	1.595936914063716	-6.827622330693524	1.0051452917420254	7.083343728901432	6.835257513066044	1.5617245892780072	-0.005542317968276047	7.011402119403067
3.210344517609142	8.312373201739002	9.699356913380209	9.66966966966967	1.6641992174810483	-6.811304171217267	1.0050893306792417	7.083334533321966	6.8194041113914885	1.6301841316780892	-0.005590510172093223	7.011547902670435
3.227684817535191	8.244362167054554	9.709417302679606	9.67967967967968	1.7322959626123198	-6.794302364976316	1.005032891009795	7.083324434248174	6.802864838614026	1.6984804434709988	-0.005638322977723733	7.011692921113308
3.2457050407588897	8.176528146885193	9.719477122265186	9.68968968968969	1.800220300047487	-6.776618614919146	1.004975976599431	7.08331346859037	6.785641309773209	1.766606630711288	-0.0056857495953564615	7.011837084553678
3.264403393083629	8.108877949759412	9.729536367424185	9.6996996996997	1.8679653972414532	-6.758254692865526	1.0049185913839924	7.083301673248112	6.767735209677221	1.8345558131566415	-0.005732783022319368	7.011980302645807
3.2837780120947966	8.041418365782501	9.739595033483944	9.70970970970971	1.9355244392156499	-6.739212439293388	1.0048607393699491	7.0832890850405725	6.7491482932222535	1.9023211318566047	-0.005779416202924816	7.012122487112208
3.303826967342616	7.9741561659507365	9.74965311581263	9.71971971971972	2.0028906292571764	-6.71949376319331	1.0048024246356422	7.083275740708791	6.729882385148505	1.969895742397731	-0.00582564195726454	7.012263549807084
3.3245482605319303	7.907098101467634	9.759710609819924	9.72972972972973	2.070057189612484	-6.699100641861961	1.0047436513287984	7.083261676865201	6.709939379495249	2.0372728210017508	-0.0058714533536940805	7.012403403802294
3.345939825718927	7.840250903062119	9.769767510957706	9.73973973973974	2.1370173621809707	-6.678035120710974	1.0046844236644015	7.083246929965524	6.689321239591806	2.1044455629836385	-0.00591684367325245	7.012541963015596
3.367999529514835	7.773621280308605	9.779823814720823	9.74974974974975	2.2037644092111925	-6.656299313075999	1.004624745935339	7.083231536291017	6.668029998319163	2.1714071827340433	-0.005961805133339484	7.012679142441475
3.3907251712965145	7.707215920949298	9.78987951664769	9.75975975975976	2.270291613989801	-6.633895399994796	1.0045646224941245	7.083215531902958	6.646067757382993	2.2381509168121183	-0.006006331777331788	7.012814858398456
3.4141144834239174	7.641041490218686	9.799934612321076	9.76976976976977	2.3365922815275524	-6.610825629988166	1.0045040577711757	7.083198952611829	6.62343668702136	2.3046700236623843	-0.0060504158225848335	7.012949028224866
3.4381651314644275	7.575104630170029	9.80998909736876	9.77977977977978	2.4026597392469546	-6.587092318860832	1.0044430562636344	7.0831818339691	6.6001390261682875	2.370957781620635	-0.006094050603375047	7.013081569782992
3.462874714424096	7.509411959004441	9.820042967464227	9.78978978978979	2.468487337670897	-6.562697849442185	1.0043816225371414	7.083164211212739	6.5761770825518555	2.4370074949228453	-0.006137229276653901	7.013212403526186
3.488240764985639	7.443970070402177	9.830096218327366	9.7997997997998	2.534068451098142	-6.537644671366228	1.0043197612276105	7.083146119252832	6.551553231381759	2.502812489788136	-0.006179944822136642	7.013341450006998
3.5142607497532348	7.378785532856328	9.840148845725157	9.80980980980981	2.5993964782828116	-6.5119353008303245	1.0042574770392771	7.083127592645674	6.526269915748503	2.568366116536738	-0.006222190414498365	7.013468630957975
3.54093206950416	7.313864889009163	9.850200845472362	9.81981981981982	2.6644648431174267	-6.485572320331764	1.0041947747457631	7.083108665557024	6.50032964697805	2.6336617518061787	-0.006263959122050246	7.013593870441348
3.5682520594471168	7.249214654990916	9.86025221343225	9.82982982982983	2.7292669953013866	-6.4585583784228655	1.004131659192915	7.083089371745296	6.473735003177596	2.698692796698972	-0.006305243729525503	7.01371709284173
3.596217989487339	7.184841319761441	9.870302945517178	9.83983983983984	2.793796411018197	-6.430896189424563	1.0040681352842538	7.083069744515207	6.44648863010938	2.7634526809304347	-0.006346038475260587	7.013838225256943
3.624827064498315	7.12075134445419	9.880353037689394	9.84984984984985	2.8580465935965016	-6.402588533194379	1.0040042080043983	7.08304981672805	6.418593239572611	2.8279348573953658	-0.006386335257563582	7.013957193912507
3.654076424600303	7.0569511617234095	9.890402485961646	9.85985985985986	2.9220110741885885	-6.373638254804961	1.0039398823979488	7.083029620738797	6.390051611149486	2.8921328111028806	-0.006426128084297302	7.014073929274923
3.6839631454453645	6.993447175093948	9.900451286397834	9.86986986986987	2.985683412421667	-6.344048264283211	1.0038751635751648	7.083009188389338	6.360866589484533	2.956040053122786	-0.006465410396124274	7.014188361201768
3.7144842385091272	6.93024575831408	9.910499435113755	9.87987987987988	3.0490571970698963	-6.313821536308795	1.0038100567204828	7.082988550981405	6.33104108635812	3.0196501246442207	-0.0065041747827291356	7.014300422473225
3.7456366513890136	6.867353254711167	9.920546928277764	9.88988988988989	3.1121260467006473	-6.282961109930999	1.003744567084532	7.08296773926083	6.300578078112026	3.0829565951418063	-0.006542414631492635	7.014410045691897
3.777417268109152	6.804775976550633	9.930593762111341	9.8998998998999	3.1748836103418303	-6.2514700882374195	1.003678699974372	7.082946783375306	6.269480607754185	3.1459530671885743	-0.006580124304971859	7.01451716727494
3.809822909431744	6.742520204397946	9.940639932889862	9.90990990990991	3.237323568126958	-6.219351638053352	1.0036124607742585	7.082925712862484	6.237751782734246	3.208633173388339	-0.006617296091350224	7.014621724154479
3.8428503331748622	6.680592186483604	9.95068543694322	9.91991991991992	3.299439631937496	-6.186608989642767	1.0035458549303782	7.082904556640339	6.205394774672773	3.2709905762174034	-0.006653923803641606	7.014723653426499
3.876496234536873	6.6189981380717455	9.960730270656478	9.92992992992993	3.3612255460648734	-6.153245436344705	1.0034788879545782	7.082883342960451	6.172412821324997	3.3330189744764014	-0.006690000882419802	7.014822897065096
3.9107572464271447	6.557744240831827	9.970774430470527	9.93993993993994	3.422675087838149	-6.119264334267869	1.003411565423478	7.082862099404185	6.138809223150241	3.3947120974759755	-0.006725520856898906	7.014919396230793
3.945629939803185	6.496836642213798	9.980817912882703	9.94994994994995	3.4837820682664127	-6.0846691019411185	1.0033438929763392	7.082840852854486	6.104587344783533	3.4560637094423474	-0.006760477469176121	7.0150130946329154
3.981110824014181	6.436281454826614	9.990860714447496	9.95995995995996	3.544540332678517	-6.049463219979675	1.0032758763228746	7.082819629489588	6.069750614769244	3.5170676079482375	-0.006794863681109977	7.015103937543819
4.01719634715081	6.376084755820441	10.00090283177711	9.96996996996997	3.604943761349199	-6.013650230716626	1.0032075212283411	7.082798454744972	6.034302524201094	3.5777176273785285	-0.006828673943897859	7.01519187233126
4.05388289640137	6.316252586272464	10.010944261542146	9.97997997997998	3.6649862701309592	-5.977233737842958	1.0031388335272047	7.082777353297707	5.998246627297869	3.638007638079445	-0.006861901343530199	7.015276848585855
4.0911667984141316	6.256790950575999	10.020985000472246	9.98998998998999	3.724661811074902	-5.940217406076856	1.0030698191169285	7.082756349074948	5.961586540299897	3.6979315434335995	-0.0068945395865904115	7.015358815633182
4.129044319665975	6.1977058158338725	10.031025045356627	10.0	3.7839643730591574	-5.902604960738429	1.003000483949633	7.082735465194087	5.924325942227108	3.7574832893088366	-0.006926583212827444	7.015437728091903
